Date,IHSG
30/12/2025,8646.938
29/12/2025,8644.256
24/12/2025,8537.911
23/12/2025,8584.782
22/12/2025,8645.844
19/12/2025,8609.551
18/12/2025,8618.195
17/12/2025,8677.345
16/12/2025,8686.469
15/12/2025,8649.662
12/12/2025,8660.499
11/12/2025,8620.481
10/12/2025,8700.924
09/12/2025,8657.179
08/12/2025,8710.695
05/12/2025,8632.761
04/12/2025,8640.196
03/12/2025,8611.787
02/12/2025,8617.043
01/12/2025,8548.788
28/11/2025,8508.706
27/11/2025,8545.865
26/11/2025,8602.13
25/11/2025,8521.885
24/11/2025,8570.254
21/11/2025,8414.352
20/11/2025,8419.917
19/11/2025,8406.577
18/11/2025,8361.926
17/11/2025,8416.882
14/11/2025,8370.436
13/11/2025,8371.999
12/11/2025,8388.566
11/11/2025,8366.515
10/11/2025,8391.24
07/11/2025,8394.59
06/11/2025,8337.058
05/11/2025,8318.526
04/11/2025,8241.911
03/11/2025,8275.084
31/10/2025,8163.875
30/10/2025,8184.064
29/10/2025,8166.224
28/10/2025,8092.629
27/10/2025,8117.151
24/10/2025,8271.722
23/10/2025,8274.352
22/10/2025,8152.553
21/10/2025,8238.084
20/10/2025,8088.978
17/10/2025,7915.656
16/10/2025,8124.757
15/10/2025,8051.175
14/10/2025,8066.522
13/10/2025,8227.202
10/10/2025,8257.859
09/10/2025,8250.938
08/10/2025,8166.029
07/10/2025,8169.281
06/10/2025,8139.894
03/10/2025,8118.301
02/10/2025,8071.081
01/10/2025,8043.822
30/09/2025,8061.062
29/09/2025,8123.245
26/09/2025,8099.333
25/09/2025,8040.665
24/09/2025,8126.558
23/09/2025,8125.201
22/09/2025,8040.039
19/09/2025,8051.118
18/09/2025,8008.433
17/09/2025,8025.179
16/09/2025,7957.696
15/09/2025,7937.118
12/09/2025,7854.06
11/09/2025,7747.905
10/09/2025,7699.007
09/09/2025,7628.605
08/09/2025,7766.849
04/09/2025,7867.348
03/09/2025,7885.863
02/09/2025,7801.585
01/09/2025,7736.066
29/08/2025,7830.493
28/08/2025,7952.088
27/08/2025,7936.176
26/08/2025,7905.757
25/08/2025,7926.907
22/08/2025,7858.851
21/08/2025,7890.715
20/08/2025,7943.825
19/08/2025,7862.949
15/08/2025,7898.375
14/08/2025,7931.251
13/08/2025,7892.911
12/08/2025,7791.697
11/08/2025,7605.925
08/08/2025,7533.385
07/08/2025,7490.183
06/08/2025,7503.75
05/08/2025,7515.185
04/08/2025,7464.645
01/08/2025,7537.768
31/07/2025,7484.337
30/07/2025,7549.888
29/07/2025,7617.907
28/07/2025,7614.768
25/07/2025,7543.503
24/07/2025,7530.902
23/07/2025,7469.23
22/07/2025,7344.736
21/07/2025,7398.192
18/07/2025,7311.915
17/07/2025,7287.021
16/07/2025,7192.018
15/07/2025,7140.474
14/07/2025,7097.151
11/07/2025,7047.438
10/07/2025,7005.371
09/07/2025,6943.922
08/07/2025,6904.392
07/07/2025,6900.932
04/07/2025,6865.192
03/07/2025,6878.051
02/07/2025,6881.245
01/07/2025,6915.36
30/06/2025,6927.679
26/06/2025,6897.4
25/06/2025,6832.143
24/06/2025,6869.171
23/06/2025,6787.14
20/06/2025,6907.138
19/06/2025,6968.639
18/06/2025,7107.789
17/06/2025,7155.852
16/06/2025,7117.591
13/06/2025,7166.065
12/06/2025,7204.37
11/06/2025,7222.456
10/06/2025,7230.745
05/06/2025,7113.425
04/06/2025,7069.037
03/06/2025,7044.822
02/06/2025,7065.069
28/05/2025,7175.819
27/05/2025,7198.967
26/05/2025,7188.353
23/05/2025,7214.163
22/05/2025,7166.981
21/05/2025,7142.461
20/05/2025,7094.602
19/05/2025,7141.091
16/05/2025,7106.526
15/05/2025,7040.161
14/05/2025,6979.88
09/05/2025,6832.803
08/05/2025,6827.75
07/05/2025,6926.225
06/05/2025,6898.197
05/05/2025,6831.952
02/05/2025,6815.73
30/04/2025,6766.795
29/04/2025,6749.075
28/04/2025,6722.966
25/04/2025,6678.915
24/04/2025,6613.478
23/04/2025,6634.377
22/04/2025,6538.266
21/04/2025,6445.967
17/04/2025,6438.269
16/04/2025,6400.054
15/04/2025,6441.683
14/04/2025,6368.517
11/04/2025,6262.226
10/04/2025,6254.024
09/04/2025,5967.988
08/04/2025,5996.142
27/03/2025,6510.62
26/03/2025,6472.356
25/03/2025,6235.619
24/03/2025,6161.218
21/03/2025,6258.179
20/03/2025,6381.674
19/03/2025,6311.66
18/03/2025,6223.388
17/03/2025,6471.947
14/03/2025,6515.631
13/03/2025,6647.417
12/03/2025,6665.045
11/03/2025,6545.85
10/03/2025,6598.212
07/03/2025,6636
06/03/2025,6617.847
05/03/2025,6531.399
04/03/2025,6380.401
03/03/2025,6519.658
28/02/2025,6270.597
27/02/2025,6485.448
26/02/2025,6606.178
25/02/2025,6587.087
24/02/2025,6749.601
21/02/2025,6803.001
20/02/2025,6788.042
19/02/2025,6794.868
18/02/2025,6873.554
17/02/2025,6830.882
14/02/2025,6638.459
13/02/2025,6613.568
12/02/2025,6645.778
11/02/2025,6531.99
10/02/2025,6648.142
07/02/2025,6742.576
06/02/2025,6875.536
05/02/2025,7024.228
04/02/2025,7073.459
03/02/2025,7030.058
31/01/2025,7109.196
30/01/2025,7073.478
24/01/2025,7166.056
23/01/2025,7232.643
22/01/2025,7257.128
21/01/2025,7181.82
20/01/2025,7170.737
17/01/2025,7154.658
16/01/2025,7107.519
15/01/2025,7079.562
14/01/2025,6956.665
13/01/2025,7016.879
10/01/2025,7088.866
09/01/2025,7064.588
08/01/2025,7080.352
07/01/2025,7083.284
06/01/2025,7080.474
03/01/2025,7164.429
02/01/2025,7163.205
30/12/2024,7079.905
27/12/2024,7036.571
24/12/2024,7065.746
23/12/2024,7096.445
20/12/2024,6983.865
19/12/2024,6977.238
18/12/2024,7107.875
17/12/2024,7157.732
16/12/2024,7258.631
13/12/2024,7324.789
12/12/2024,7394.238
11/12/2024,7464.752
10/12/2024,7453.287
09/12/2024,7437.731
06/12/2024,7382.785
05/12/2024,7313.313
04/12/2024,7326.764
03/12/2024,7196.017
02/12/2024,7046.986
29/11/2024,7114.266
28/11/2024,7200.157
26/11/2024,7245.888
25/11/2024,7314.108
22/11/2024,7195.565
21/11/2024,7140.912
20/11/2024,7180.335
19/11/2024,7195.715
18/11/2024,7134.277
15/11/2024,7161.258
14/11/2024,7214.561
13/11/2024,7308.671
12/11/2024,7321.986
11/11/2024,7266.46
08/11/2024,7287.191
07/11/2024,7243.86
06/11/2024,7383.868
05/11/2024,7491.931
04/11/2024,7479.503
01/11/2024,7505.257
31/10/2024,7574.019
30/10/2024,7569.85
29/10/2024,7606.6
28/10/2024,7634.631
25/10/2024,7694.66
24/10/2024,7716.549
23/10/2024,7787.565
22/10/2024,7788.983
21/10/2024,7772.596
18/10/2024,7760.06
17/10/2024,7735.039
16/10/2024,7648.94
15/10/2024,7626.951
14/10/2024,7559.655
11/10/2024,7520.602
10/10/2024,7480.08
09/10/2024,7501.285
08/10/2024,7557.142
07/10/2024,7504.135
04/10/2024,7496.091
03/10/2024,7543.828
02/10/2024,7563.262
01/10/2024,7642.133
30/09/2024,7527.929
27/09/2024,7696.916
26/09/2024,7744.516
25/09/2024,7740.902
24/09/2024,7778.491
23/09/2024,7775.731
20/09/2024,7743.004
19/09/2024,7905.39
18/09/2024,7829.135
17/09/2024,7831.779
13/09/2024,7812.131
12/09/2024,7798.154
11/09/2024,7760.955
10/09/2024,7761.388
09/09/2024,7702.739
06/09/2024,7721.846
05/09/2024,7681.043
04/09/2024,7672.896
03/09/2024,7616.521
02/09/2024,7694.53
30/08/2024,7670.733
29/08/2024,7627.604
28/08/2024,7658.875
27/08/2024,7597.881
26/08/2024,7606.195
23/08/2024,7544.298
22/08/2024,7488.676
21/08/2024,7554.593
20/08/2024,7533.985
19/08/2024,7466.831
16/08/2024,7432.09
15/08/2024,7409.501
14/08/2024,7436.039
13/08/2024,7356.638
12/08/2024,7297.625
09/08/2024,7256.996
08/08/2024,7195.121
07/08/2024,7212.131
06/08/2024,7129.215
05/08/2024,7059.653
02/08/2024,7308.123
01/08/2024,7325.985
31/07/2024,7255.762
30/07/2024,7241.864
29/07/2024,7288.897
26/07/2024,7288.167
25/07/2024,7240.277
24/07/2024,7262.759
23/07/2024,7313.857
22/07/2024,7321.976
19/07/2024,7294.495
18/07/2024,7321.071
17/07/2024,7224.218
16/07/2024,7224.293
15/07/2024,7278.863
12/07/2024,7327.58
11/07/2024,7300.407
10/07/2024,7287.042
09/07/2024,7269.801
08/07/2024,7250.977
05/07/2024,7253.372
04/07/2024,7220.889
03/07/2024,7196.755
02/07/2024,7125.142
01/07/2024,7139.626
28/06/2024,7063.577
27/06/2024,6967.951
26/06/2024,6905.642
25/06/2024,6882.704
24/06/2024,6889.165
21/06/2024,6879.978
20/06/2024,6819.321
19/06/2024,6726.919
14/06/2024,6734.832
13/06/2024,6831.564
12/06/2024,6850.097
11/06/2024,6855.691
10/06/2024,6921.548
07/06/2024,6897.95
06/06/2024,6974.897
05/06/2024,6947.67
04/06/2024,7099.312
03/06/2024,7036.191
31/05/2024,6970.736
30/05/2024,7034.142
29/05/2024,7140.229
28/05/2024,7253.626
27/05/2024,7176.42
22/05/2024,7222.382
21/05/2024,7186.037
20/05/2024,7266.691
17/05/2024,7317.238
16/05/2024,7246.696
15/05/2024,7179.831
14/05/2024,7083.763
13/05/2024,7099.261
08/05/2024,7088.795
07/05/2024,7123.612
06/05/2024,7135.89
03/05/2024,7134.724
02/05/2024,7117.425
30/04/2024,7234.197
29/04/2024,7155.784
26/04/2024,7036.075
25/04/2024,7155.294
24/04/2024,7174.533
23/04/2024,7110.813
22/04/2024,7073.82
19/04/2024,7087.317
18/04/2024,7166.814
17/04/2024,7130.841
16/04/2024,7164.807
05/04/2024,7286.882
04/04/2024,7254.399
03/04/2024,7166.844
02/04/2024,7236.984
01/04/2024,7205.061
28/03/2024,7288.813
27/03/2024,7310.092
26/03/2024,7365.664
25/03/2024,7377.76
22/03/2024,7350.152
21/03/2024,7338.353
20/03/2024,7331.128
19/03/2024,7336.746
18/03/2024,7302.449
15/03/2024,7328.054
14/03/2024,7433.315
13/03/2024,7421.207
08/03/2024,7381.907
07/03/2024,7373.964
06/03/2024,7329.801
05/03/2024,7247.46
04/03/2024,7276.749
01/03/2024,7311.907
29/02/2024,7316.111
28/02/2024,7328.636
27/02/2024,7285.317
26/02/2024,7283.823
23/02/2024,7295.095
22/02/2024,7339.636
21/02/2024,7349.021
20/02/2024,7352.601
19/02/2024,7296.702
16/02/2024,7335.545
15/02/2024,7303.281
13/02/2024,7209.741
12/02/2024,7297.669
07/02/2024,7235.152
06/02/2024,7247.408
05/02/2024,7198.615
02/02/2024,7238.785
01/02/2024,7201.696
31/01/2024,7207.941
30/01/2024,7192.216
29/01/2024,7157.175
26/01/2024,7137.088
25/01/2024,7178.042
24/01/2024,7227.823
23/01/2024,7256.229
22/01/2024,7247.928
19/01/2024,7227.402
18/01/2024,7252.967
17/01/2024,7200.635
16/01/2024,7242.787
15/01/2024,7224.001
12/01/2024,7241.138
11/01/2024,7219.964
10/01/2024,7227.297
09/01/2024,7200.203
08/01/2024,7283.575
05/01/2024,7350.619
04/01/2024,7359.763
03/01/2024,7279.091
02/01/2024,7323.588
29/12/2023,7272.797
28/12/2023,7303.888
27/12/2023,7245.916
22/12/2023,7237.519
21/12/2023,7209.619
20/12/2023,7219.667
19/12/2023,7187.846
18/12/2023,7119.525
15/12/2023,7190.988
14/12/2023,7176.016
13/12/2023,7075.341
12/12/2023,7125.307
11/12/2023,7088.785
08/12/2023,7159.598
07/12/2023,7134.623
06/12/2023,7087.395
05/12/2023,7100.855
04/12/2023,7093.6
01/12/2023,7059.906
30/11/2023,7080.741
29/11/2023,7036.087
28/11/2023,7041.073
27/11/2023,7013.406
24/11/2023,7009.631
23/11/2023,7004.344
22/11/2023,6906.953
21/11/2023,6961.79
20/11/2023,6994.888
17/11/2023,6977.668
16/11/2023,6958.008
15/11/2023,6958.205
14/11/2023,6862.055
13/11/2023,6838.312
10/11/2023,6809.263
09/11/2023,6838.233
08/11/2023,6804.106
07/11/2023,6843.79
06/11/2023,6878.836
03/11/2023,6788.85
02/11/2023,6751.386
01/11/2023,6642.418
31/10/2023,6752.211
30/10/2023,6735.892
27/10/2023,6758.793
26/10/2023,6714.519
25/10/2023,6834.388
24/10/2023,6806.762
23/10/2023,6741.964
20/10/2023,6849.168
19/10/2023,6846.427
18/10/2023,6927.906
17/10/2023,6939.615
16/10/2023,6896.292
13/10/2023,6926.78
12/10/2023,6935.151
11/10/2023,6931.753
10/10/2023,6922.188
09/10/2023,6891.455
06/10/2023,6888.518
05/10/2023,6874.826
04/10/2023,6886.576
03/10/2023,6940.887
02/10/2023,6961.459
29/09/2023,6939.892
27/09/2023,6937.828
26/09/2023,6923.8
25/09/2023,6998.381
22/09/2023,7016.844
21/09/2023,6991.466
20/09/2023,7011.681
19/09/2023,6980.321
18/09/2023,6936.083
15/09/2023,6982.791
14/09/2023,6959.333
13/09/2023,6935.476
12/09/2023,6933.969
11/09/2023,6963.393
08/09/2023,6924.78
07/09/2023,6954.808
06/09/2023,6995.953
05/09/2023,6991.708
04/09/2023,6996.75
01/09/2023,6977.654
31/08/2023,6953.26
30/08/2023,6966.656
29/08/2023,6957.835
28/08/2023,6921.727
25/08/2023,6895.443
24/08/2023,6899.392
23/08/2023,6921.41
22/08/2023,6916.45
21/08/2023,6866.033
18/08/2023,6859.912
16/08/2023,6900.538
15/08/2023,6915.101
14/08/2023,6910.172
11/08/2023,6879.979
10/08/2023,6893.276
09/08/2023,6875.112
08/08/2023,6868.813
07/08/2023,6886.366
04/08/2023,6852.842
03/08/2023,6898.077
02/08/2023,6854.51
01/08/2023,6886.496
31/07/2023,6931.359
28/07/2023,6900.23
27/07/2023,6896.663
26/07/2023,6948.279
25/07/2023,6917.711
24/07/2023,6899.396
21/07/2023,6880.802
20/07/2023,6864.189
18/07/2023,6830.203
17/07/2023,6867.144
14/07/2023,6869.572
13/07/2023,6810.213
12/07/2023,6808.209
11/07/2023,6796.924
10/07/2023,6731.038
07/07/2023,6716.459
06/07/2023,6757.331
05/07/2023,6718.977
04/07/2023,6681.754
03/07/2023,6696.716
27/06/2023,6661.879
26/06/2023,6664.668
23/06/2023,6639.733
22/06/2023,6652.261
21/06/2023,6702.625
20/06/2023,6660.455
19/06/2023,6686.059
16/06/2023,6698.547
15/06/2023,6713.795
14/06/2023,6699.717
13/06/2023,6719.014
12/06/2023,6722.373
09/06/2023,6694.024
08/06/2023,6666.33
07/06/2023,6619.755
06/06/2023,6618.923
05/06/2023,6633.437
31/05/2023,6633.261
30/05/2023,6636.423
29/05/2023,6681.102
26/05/2023,6687.001
25/05/2023,6704.231
24/05/2023,6745.804
23/05/2023,6736.684
22/05/2023,6729.647
19/05/2023,6700.561
17/05/2023,6663.114
16/05/2023,6676.564
15/05/2023,6711.74
12/05/2023,6707.763
11/05/2023,6755.938
10/05/2023,6811.905
09/05/2023,6779.98
08/05/2023,6769.631
05/05/2023,6787.631
04/05/2023,6844.027
03/05/2023,6812.722
02/05/2023,6863.302
28/04/2023,6915.716
27/04/2023,6945.477
26/04/2023,6910.147
18/04/2023,6821.807
17/04/2023,6787.582
14/04/2023,6818.574
13/04/2023,6785.598
12/04/2023,6798.964
11/04/2023,6811.314
10/04/2023,6771.235
06/04/2023,6792.765
05/04/2023,6819.675
04/04/2023,6833.178
03/04/2023,6827.175
31/03/2023,6805.277
30/03/2023,6808.951
29/03/2023,6839.436
28/03/2023,6760.328
27/03/2023,6708.933
24/03/2023,6762.254
21/03/2023,6691.611
20/03/2023,6612.49
17/03/2023,6678.237
16/03/2023,6565.728
15/03/2023,6628.137
14/03/2023,6641.814
13/03/2023,6786.955
10/03/2023,6765.302
09/03/2023,6799.795
08/03/2023,6776.37
07/03/2023,6766.758
06/03/2023,6807.001
03/03/2023,6813.636
02/03/2023,6857.415
01/03/2023,6844.936
28/02/2023,6843.239
27/02/2023,6854.777
24/02/2023,6856.576
23/02/2023,6839.454
22/02/2023,6809.968
21/02/2023,6873.405
20/02/2023,6894.717
17/02/2023,6895.714
16/02/2023,6895.664
15/02/2023,6914.538
14/02/2023,6941.855
13/02/2023,6900.14
10/02/2023,6880.329
09/02/2023,6897.365
08/02/2023,6940.124
07/02/2023,6935.301
06/02/2023,6873.791
03/02/2023,6911.732
02/02/2023,6890.572
01/02/2023,6862.258
31/01/2023,6839.342
30/01/2023,6872.481
27/01/2023,6898.981
26/01/2023,6864.818
25/01/2023,6829.93
24/01/2023,6860.854
20/01/2023,6874.931
19/01/2023,6819.907
18/01/2023,6765.786
17/01/2023,6767.34
16/01/2023,6688.057
13/01/2023,6641.83
12/01/2023,6629.934
11/01/2023,6584.453
10/01/2023,6622.499
09/01/2023,6688.265
06/01/2023,6684.558
05/01/2023,6653.841
04/01/2023,6813.239
03/01/2023,6888.758
02/01/2023,6850.984
30/12/2022,6850.619
29/12/2022,6860.077
28/12/2022,6850.52
27/12/2022,6923.027
26/12/2022,6835.808
23/12/2022,6800.673
22/12/2022,6824.432
21/12/2022,6820.663
20/12/2022,6768.316
19/12/2022,6779.698
16/12/2022,6812.193
15/12/2022,6751.86
14/12/2022,6801.749
13/12/2022,6810.316
12/12/2022,6734.452
09/12/2022,6715.118
08/12/2022,6804.227
07/12/2022,6818.752
06/12/2022,6892.57
05/12/2022,6987.328
02/12/2022,7019.639
01/12/2022,7020.803
30/11/2022,7081.313
29/11/2022,7012.069
28/11/2022,7017.358
25/11/2022,7053.15
24/11/2022,7080.515
23/11/2022,7054.123
22/11/2022,7030.588
21/11/2022,7063.247
18/11/2022,7082.181
17/11/2022,7044.986
16/11/2022,7014.384
15/11/2022,7035.5
14/11/2022,7019.392
11/11/2022,7089.206
10/11/2022,6966.837
09/11/2022,7070.084
08/11/2022,7050.126
07/11/2022,7102.396
04/11/2022,7045.527
03/11/2022,7034.573
02/11/2022,7015.69
01/11/2022,7052.303
31/10/2022,7098.89
28/10/2022,7056.04
27/10/2022,7091.761
26/10/2022,7043.939
25/10/2022,7048.38
24/10/2022,7053.044
21/10/2022,7017.771
20/10/2022,6980.652
19/10/2022,6860.416
18/10/2022,6834.494
17/10/2022,6831.115
14/10/2022,6814.53
13/10/2022,6880.625
12/10/2022,6909.209
11/10/2022,6939.145
10/10/2022,6994.395
07/10/2022,7026.783
06/10/2022,7076.623
05/10/2022,7075.385
04/10/2022,7072.256
03/10/2022,7009.718
30/09/2022,7040.798
29/09/2022,7036.198
28/09/2022,7077.031
27/09/2022,7112.449
26/09/2022,7127.503
23/09/2022,7178.583
22/09/2022,7218.906
21/09/2022,7188.314
20/09/2022,7196.951
19/09/2022,7195.488
16/09/2022,7168.87
15/09/2022,7305.601
14/09/2022,7278.078
13/09/2022,7318.016
12/09/2022,7254.464
09/09/2022,7242.656
08/09/2022,7232.017
07/09/2022,7186.757
06/09/2022,7233.155
05/09/2022,7231.883
02/09/2022,7177.179
01/09/2022,7153.104
31/08/2022,7178.59
30/08/2022,7159.473
29/08/2022,7132.045
26/08/2022,7135.248
25/08/2022,7174.208
24/08/2022,7194.706
23/08/2022,7163.265
22/08/2022,7107.983
19/08/2022,7172.434
18/08/2022,7186.558
16/08/2022,7133.453
15/08/2022,7093.276
12/08/2022,7129.277
11/08/2022,7160.385
10/08/2022,7086.236
09/08/2022,7102.88
08/08/2022,7086.849
05/08/2022,7084.655
04/08/2022,7057.348
03/08/2022,7046.635
02/08/2022,6988.157
01/08/2022,6968.783
29/07/2022,6951.123
28/07/2022,6956.817
27/07/2022,6898.216
26/07/2022,6871.537
25/07/2022,6858.407
22/07/2022,6886.962
21/07/2022,6864.131
20/07/2022,6874.743
19/07/2022,6736.092
18/07/2022,6659.253
15/07/2022,6651.905
14/07/2022,6690.087
13/07/2022,6640.99
12/07/2022,6718.294
11/07/2022,6722.145
08/07/2022,6740.219
07/07/2022,6652.587
06/07/2022,6646.41
05/07/2022,6703.266
04/07/2022,6639.172
01/07/2022,6794.328
30/06/2022,6911.582
29/06/2022,6942.351
28/06/2022,6996.456
27/06/2022,7016.055
24/06/2022,7042.937
23/06/2022,6998.267
22/06/2022,6984.311
21/06/2022,7044.071
20/06/2022,6976.377
17/06/2022,6936.967
16/06/2022,7050.326
15/06/2022,7007.05
14/06/2022,7049.882
13/06/2022,6995.442
10/06/2022,7086.648
09/06/2022,7182.83
08/06/2022,7193.314
07/06/2022,7141.045
06/06/2022,7096.582
03/06/2022,7182.961
02/06/2022,7148.723
31/05/2022,7148.97
30/05/2022,7037.565
27/05/2022,7026.256
25/05/2022,6883.504
24/05/2022,6914.141
23/05/2022,6840.775
20/05/2022,6918.144
19/05/2022,6823.335
18/05/2022,6793.414
17/05/2022,6644.467
13/05/2022,6597.993
12/05/2022,6599.84
11/05/2022,6816.203
10/05/2022,6819.794
09/05/2022,6909.751
28/04/2022,7228.914
27/04/2022,7196.764
26/04/2022,7232.153
25/04/2022,7215.979
22/04/2022,7225.606
21/04/2022,7276.193
20/04/2022,7227.362
19/04/2022,7199.232
18/04/2022,7275.289
14/04/2022,7235.532
13/04/2022,7262.777
12/04/2022,7214.781
11/04/2022,7203.794
08/04/2022,7210.835
07/04/2022,7127.367
06/04/2022,7104.216
05/04/2022,7148.299
04/04/2022,7116.218
01/04/2022,7078.76
31/03/2022,7071.442
30/03/2022,7053.19
29/03/2022,7011.689
28/03/2022,7049.603
25/03/2022,7002.532
24/03/2022,7049.685
23/03/2022,6996.115
22/03/2022,7000.822
21/03/2022,6955.181
18/03/2022,6954.965
17/03/2022,6964.385
16/03/2022,6992.395
15/03/2022,6918.185
14/03/2022,6952.204
11/03/2022,6922.602
10/03/2022,6924.008
09/03/2022,6864.441
08/03/2022,6814.183
07/03/2022,6869.066
04/03/2022,6928.328
02/03/2022,6868.402
01/03/2022,6921.441
25/02/2022,6888.171
24/02/2022,6817.82
23/02/2022,6920.056
22/02/2022,6861.994
21/02/2022,6902.965
18/02/2022,6892.818
17/02/2022,6835.117
16/02/2022,6850.198
15/02/2022,6807.497
14/02/2022,6734.486
11/02/2022,6815.607
10/02/2022,6823.642
09/02/2022,6834.606
08/02/2022,6789.522
07/02/2022,6804.937
04/02/2022,6731.391
03/02/2022,6683.851
02/02/2022,6707.652
31/01/2022,6631.151
28/01/2022,6645.511
27/01/2022,6611.161
26/01/2022,6600.819
25/01/2022,6568.173
24/01/2022,6655.166
21/01/2022,6726.373
20/01/2022,6626.871
19/01/2022,6591.981
18/01/2022,6614.059
17/01/2022,6645.048
14/01/2022,6693.401
13/01/2022,6658.356
12/01/2022,6647.065
11/01/2022,6647.97
10/01/2022,6691.124
07/01/2022,6701.316
06/01/2022,6653.351
05/01/2022,6662.299
04/01/2022,6695.373
03/01/2022,6665.308
30/12/2021,6581.482
29/12/2021,6600.677
28/12/2021,6598.343
27/12/2021,6575.444
24/12/2021,6562.9
23/12/2021,6555.551
22/12/2021,6529.593
21/12/2021,6554.309
20/12/2021,6547.112
17/12/2021,6601.932
16/12/2021,6594.798
15/12/2021,6626.257
14/12/2021,6615.637
13/12/2021,6662.871
10/12/2021,6652.922
09/12/2021,6643.932
08/12/2021,6603.798
07/12/2021,6602.569
06/12/2021,6547.116
03/12/2021,6538.506
02/12/2021,6583.82
01/12/2021,6507.677
30/11/2021,6533.932
29/11/2021,6608.29
26/11/2021,6561.553
25/11/2021,6699.346
24/11/2021,6683.277
23/11/2021,6677.876
22/11/2021,6723.386
19/11/2021,6720.263
18/11/2021,6636.469
17/11/2021,6675.804
16/11/2021,6651.207
15/11/2021,6616.029
12/11/2021,6651.054
11/11/2021,6691.342
10/11/2021,6683.145
09/11/2021,6669.925
08/11/2021,6632.297
05/11/2021,6581.785
04/11/2021,6586.443
03/11/2021,6552.13
02/11/2021,6493.275
01/11/2021,6552.889
29/10/2021,6591.346
28/10/2021,6524.076
27/10/2021,6602.209
26/10/2021,6656.937
25/10/2021,6625.697
22/10/2021,6643.738
21/10/2021,6632.972
19/10/2021,6655.998
18/10/2021,6658.768
15/10/2021,6633.338
14/10/2021,6626.114
13/10/2021,6536.904
12/10/2021,6486.267
11/10/2021,6459.697
08/10/2021,6481.769
07/10/2021,6416.396
06/10/2021,6417.323
05/10/2021,6288.049
04/10/2021,6342.686
01/10/2021,6228.845
30/09/2021,6286.943
29/09/2021,6162.554
28/09/2021,6113.112
27/09/2021,6122.495
24/09/2021,6144.815
23/09/2021,6142.712
22/09/2021,6108.265
21/09/2021,6060.757
20/09/2021,6076.315
17/09/2021,6133.246
16/09/2021,6109.942
15/09/2021,6110.229
14/09/2021,6129.095
13/09/2021,6088.157
10/09/2021,6094.873
09/09/2021,6068.219
08/09/2021,6026.02
07/09/2021,6112.4
06/09/2021,6126.938
03/09/2021,6126.921
02/09/2021,6078.229
01/09/2021,6090.933
31/08/2021,6150.299
30/08/2021,6144.902
27/08/2021,6041.366
26/08/2021,6058.08
25/08/2021,6113.24
24/08/2021,6089.497
23/08/2021,6109.828
20/08/2021,6030.772
19/08/2021,5992.322
18/08/2021,6118.15
16/08/2021,6087.913
13/08/2021,6139.492
12/08/2021,6139.652
10/08/2021,6088.408
09/08/2021,6127.456
06/08/2021,6203.431
05/08/2021,6205.417
04/08/2021,6159.035
03/08/2021,6130.571
02/08/2021,6096.543
30/07/2021,6070.039
29/07/2021,6120.727
28/07/2021,6088.523
27/07/2021,6097.049
26/07/2021,6106.394
23/07/2021,6101.69
22/07/2021,6137.547
21/07/2021,6029.976
19/07/2021,6017.394
16/07/2021,6072.51
15/07/2021,6046.754
14/07/2021,5979.215
13/07/2021,6012.032
12/07/2021,6078.568
09/07/2021,6039.844
08/07/2021,6039.896
07/07/2021,6044.037
06/07/2021,6047.111
05/07/2021,6005.609
02/07/2021,6023.008
01/07/2021,6005.958
30/06/2021,5985.489
29/06/2021,5949.05
28/06/2021,5939.471
25/06/2021,6022.399
24/06/2021,6012.056
23/06/2021,6034.543
22/06/2021,6087.842
21/06/2021,5996.253
18/06/2021,6007.12
17/06/2021,6068.447
16/06/2021,6078.568
15/06/2021,6089.038
14/06/2021,6080.384
11/06/2021,6095.497
10/06/2021,6107.538
09/06/2021,6047.475
08/06/2021,5999.369
07/06/2021,6069.935
04/06/2021,6065.166
03/06/2021,6091.513
02/06/2021,6031.578
31/05/2021,5947.463
28/05/2021,5848.616
27/05/2021,5841.828
25/05/2021,5815.84
24/05/2021,5763.632
21/05/2021,5773.12
20/05/2021,5797.597
19/05/2021,5760.584
18/05/2021,5834.394
17/05/2021,5833.86
11/05/2021,5938.351
10/05/2021,5975.787
07/05/2021,5928.309
06/05/2021,5970.24
05/05/2021,5975.911
04/05/2021,5963.82
03/05/2021,5952.597
30/04/2021,5995.616
29/04/2021,6012.961
28/04/2021,5974.479
27/04/2021,5959.621
26/04/2021,5964.821
23/04/2021,6016.864
22/04/2021,5994.184
21/04/2021,5993.242
20/04/2021,6038.322
19/04/2021,6052.54
16/04/2021,6086.258
15/04/2021,6079.501
14/04/2021,6050.276
13/04/2021,5927.435
12/04/2021,5948.569
09/04/2021,6070.209
08/04/2021,6071.724
07/04/2021,6036.616
06/04/2021,6002.77
05/04/2021,5970.286
01/04/2021,6011.456
31/03/2021,5985.522
30/03/2021,6071.442
29/03/2021,6166.818
26/03/2021,6195.562
25/03/2021,6122.876
24/03/2021,6156.14
23/03/2021,6252.712
22/03/2021,6301.131
19/03/2021,6356.16
18/03/2021,6347.829
17/03/2021,6277.228
16/03/2021,6309.699
15/03/2021,6324.259
12/03/2021,6358.209
10/03/2021,6264.679
09/03/2021,6199.647
08/03/2021,6248.465
05/03/2021,6258.749
04/03/2021,6290.799
03/03/2021,6376.757
02/03/2021,6359.205
01/03/2021,6338.513
26/02/2021,6241.796
25/02/2021,6289.646
24/02/2021,6251.054
23/02/2021,6272.807
22/02/2021,6255.312
19/02/2021,6231.932
18/02/2021,6200.308
17/02/2021,6227.728
16/02/2021,6292.396
15/02/2021,6270.324
11/02/2021,6222.521
10/02/2021,6201.828
09/02/2021,6181.672
08/02/2021,6208.866
05/02/2021,6151.729
04/02/2021,6107.216
03/02/2021,6077.745
02/02/2021,6043.841
01/02/2021,6067.545
29/01/2021,5862.352
28/01/2021,5979.387
27/01/2021,6109.168
26/01/2021,6140.171
25/01/2021,6258.572
22/01/2021,6307.127
21/01/2021,6413.892
20/01/2021,6429.758
19/01/2021,6321.856
18/01/2021,6389.834
15/01/2021,6373.412
14/01/2021,6428.315
13/01/2021,6435.205
12/01/2021,6395.669
11/01/2021,6382.937
08/01/2021,6257.835
07/01/2021,6153.633
06/01/2021,6065.682
05/01/2021,6137.343
04/01/2021,6104.898
30/12/2020,5979.073
29/12/2020,6036.174
28/12/2020,6093.554
23/12/2020,6008.709
22/12/2020,6023.289
21/12/2020,6165.624
18/12/2020,6104.324
17/12/2020,6113.382
16/12/2020,6118.402
15/12/2020,6010.128
14/12/2020,6012.516
11/12/2020,5938.329
10/12/2020,5933.698
08/12/2020,5944.409
07/12/2020,5930.759
04/12/2020,5810.483
03/12/2020,5822.942
02/12/2020,5813.987
01/12/2020,5724.742
30/11/2020,5612.415
27/11/2020,5783.335
26/11/2020,5759.916
25/11/2020,5679.247
24/11/2020,5701.029
23/11/2020,5652.764
20/11/2020,5571.656
19/11/2020,5594.059
18/11/2020,5557.518
17/11/2020,5529.94
16/11/2020,5494.872
13/11/2020,5461.058
12/11/2020,5458.602
11/11/2020,5509.513
10/11/2020,5462.739
09/11/2020,5356.005
06/11/2020,5335.529
05/11/2020,5260.326
04/11/2020,5105.199
03/11/2020,5159.452
02/11/2020,5115.128
27/10/2020,5128.225
26/10/2020,5144.049
23/10/2020,5112.188
22/10/2020,5091.816
21/10/2020,5096.446
20/10/2020,5099.84
19/10/2020,5126.33
16/10/2020,5103.414
15/10/2020,5105.15
14/10/2020,5176.099
13/10/2020,5132.572
12/10/2020,5093.099
09/10/2020,5053.663
08/10/2020,5039.142
07/10/2020,5004.327
06/10/2020,4999.221
05/10/2020,4958.769
02/10/2020,4926.734
01/10/2020,4970.094
30/09/2020,4870.039
29/09/2020,4879.098
28/09/2020,4906.548
25/09/2020,4945.791
24/09/2020,4842.756
23/09/2020,4917.955
22/09/2020,4934.093
21/09/2020,4999.36
18/09/2020,5059.223
17/09/2020,5038.401
16/09/2020,5058.482
15/09/2020,5100.865
14/09/2020,5161.828
11/09/2020,5016.712
10/09/2020,4891.461
09/09/2020,5149.376
08/09/2020,5244.072
07/09/2020,5230.196
04/09/2020,5239.851
03/09/2020,5280.813
02/09/2020,5311.97
01/09/2020,5310.679
31/08/2020,5238.487
28/08/2020,5346.659
27/08/2020,5371.472
26/08/2020,5340.328
25/08/2020,5338.888
24/08/2020,5277.041
19/08/2020,5272.81
18/08/2020,5295.174
14/08/2020,5247.69
13/08/2020,5239.25
12/08/2020,5233.452
11/08/2020,5190.166
10/08/2020,5157.834
07/08/2020,5143.893
06/08/2020,5178.272
05/08/2020,5127.051
04/08/2020,5075.002
03/08/2020,5006.223
30/07/2020,5149.627
29/07/2020,5111.113
28/07/2020,5112.989
27/07/2020,5116.666
24/07/2020,5082.991
23/07/2020,5145.011
22/07/2020,5110.187
21/07/2020,5114.709
20/07/2020,5051.106
17/07/2020,5079.585
16/07/2020,5098.374
15/07/2020,5075.798
14/07/2020,5079.122
13/07/2020,5064.447
10/07/2020,5031.256
09/07/2020,5052.794
08/07/2020,5076.174
07/07/2020,4987.082
06/07/2020,4988.866
03/07/2020,4973.794
02/07/2020,4966.78
01/07/2020,4914.388
30/06/2020,4905.392
29/06/2020,4901.818
26/06/2020,4904.088
25/06/2020,4896.73
24/06/2020,4964.735
23/06/2020,4879.133
22/06/2020,4918.831
19/06/2020,4942.275
18/06/2020,4925.248
17/06/2020,4987.776
16/06/2020,4986.458
15/06/2020,4816.336
12/06/2020,4880.359
11/06/2020,4854.754
10/06/2020,4920.682
09/06/2020,5035.055
08/06/2020,5070.561
05/06/2020,4947.782
04/06/2020,4916.704
03/06/2020,4941.006
02/06/2020,4847.507
29/05/2020,4753.612
28/05/2020,4716.185
27/05/2020,4641.555
26/05/2020,4626.799
20/05/2020,4545.952
19/05/2020,4548.656
18/05/2020,4511.058
15/05/2020,4507.607
14/05/2020,4513.834
13/05/2020,4554.359
12/05/2020,4588.734
11/05/2020,4639.105
08/05/2020,4597.43
06/05/2020,4608.79
05/05/2020,4630.133
04/05/2020,4605.487
30/04/2020,4716.403
29/04/2020,4567.323
28/04/2020,4529.554
27/04/2020,4513.141
24/04/2020,4496.064
23/04/2020,4593.554
22/04/2020,4567.562
21/04/2020,4501.919
20/04/2020,4575.905
17/04/2020,4634.821
16/04/2020,4480.607
15/04/2020,4625.905
14/04/2020,4706.491
13/04/2020,4623.894
09/04/2020,4649.079
08/04/2020,4626.695
07/04/2020,4778.639
06/04/2020,4811.827
03/04/2020,4623.429
02/04/2020,4531.685
01/04/2020,4466.037
31/03/2020,4538.93
30/03/2020,4414.5
27/03/2020,4545.571
26/03/2020,4338.904
24/03/2020,3937.632
23/03/2020,3989.517
20/03/2020,4194.944
19/03/2020,4105.422
18/03/2020,4330.674
17/03/2020,4456.749
16/03/2020,4690.657
13/03/2020,4907.571
12/03/2020,4895.748
11/03/2020,5154.105
10/03/2020,5220.826
09/03/2020,5136.809
06/03/2020,5498.54
05/03/2020,5638.13
04/03/2020,5650.136
03/03/2020,5518.628
02/03/2020,5361.246
28/02/2020,5452.704
27/02/2020,5535.694
26/02/2020,5688.921
25/02/2020,5787.138
24/02/2020,5807.05
21/02/2020,5882.255
20/02/2020,5942.487
19/02/2020,5928.791
18/02/2020,5886.962
17/02/2020,5867.523
14/02/2020,5866.945
13/02/2020,5871.954
12/02/2020,5913.081
11/02/2020,5954.397
10/02/2020,5952.083
07/02/2020,5999.607
06/02/2020,5987.145
05/02/2020,5978.51
04/02/2020,5922.339
03/02/2020,5884.17
31/01/2020,5940.048
30/01/2020,6057.596
29/01/2020,6113.045
28/01/2020,6111.184
27/01/2020,6133.208
24/01/2020,6244.109
23/01/2020,6249.21
22/01/2020,6233.453
21/01/2020,6238.153
20/01/2020,6245.043
17/01/2020,6291.657
16/01/2020,6286.048
15/01/2020,6283.365
14/01/2020,6325.406
13/01/2020,6296.567
10/01/2020,6274.941
09/01/2020,6274.493
08/01/2020,6225.686
07/01/2020,6279.346
06/01/2020,6257.403
03/01/2020,6323.466
02/01/2020,6283.581
30/12/2019,6299.539
27/12/2019,6329.314
26/12/2019,6319.443
23/12/2019,6305.91
20/12/2019,6284.372
19/12/2019,6249.93
18/12/2019,6287.25
17/12/2019,6244.352
16/12/2019,6211.592
13/12/2019,6197.318
12/12/2019,6139.397
11/12/2019,6180.099
10/12/2019,6183.505
09/12/2019,6193.791
06/12/2019,6186.868
05/12/2019,6152.117
04/12/2019,6112.879
03/12/2019,6133.896
02/12/2019,6130.055
29/11/2019,6011.83
28/11/2019,5953.06
27/11/2019,6023.039
26/11/2019,6026.188
25/11/2019,6070.762
22/11/2019,6100.242
21/11/2019,6117.364
20/11/2019,6155.109
19/11/2019,6152.09
18/11/2019,6122.625
15/11/2019,6128.345
14/11/2019,6098.95
13/11/2019,6142.501
12/11/2019,6180.992
11/11/2019,6148.74
08/11/2019,6177.986
07/11/2019,6165.624
06/11/2019,6217.545
05/11/2019,6264.152
04/11/2019,6180.344
01/11/2019,6207.191
31/10/2019,6228.317
30/10/2019,6295.747
29/10/2019,6281.138
28/10/2019,6265.384
25/10/2019,6252.345
24/10/2019,6339.647
23/10/2019,6257.806
22/10/2019,6225.497
21/10/2019,6198.987
18/10/2019,6191.947
17/10/2019,6181.014
16/10/2019,6169.592
15/10/2019,6158.166
14/10/2019,6126.877
11/10/2019,6105.8
10/10/2019,6023.641
09/10/2019,6029.16
08/10/2019,6039.601
07/10/2019,6000.582
04/10/2019,6061.252
03/10/2019,6038.529
02/10/2019,6055.425
01/10/2019,6138.25
30/09/2019,6169.102
27/09/2019,6196.889
26/09/2019,6230.334
25/09/2019,6146.404
24/09/2019,6137.608
23/09/2019,6206.199
20/09/2019,6231.473
19/09/2019,6244.47
18/09/2019,6276.633
17/09/2019,6236.69
16/09/2019,6219.435
13/09/2019,6334.843
12/09/2019,6342.174
11/09/2019,6381.954
10/09/2019,6336.673
09/09/2019,6326.213
06/09/2019,6308.95
05/09/2019,6306.803
04/09/2019,6269.664
03/09/2019,6261.59
02/09/2019,6290.546
30/08/2019,6328.47
29/08/2019,6289.119
28/08/2019,6281.646
27/08/2019,6278.171
26/08/2019,6214.51
23/08/2019,6255.597
22/08/2019,6239.245
21/08/2019,6252.967
20/08/2019,6295.738
19/08/2019,6296.715
16/08/2019,6286.657
15/08/2019,6257.586
14/08/2019,6267.335
13/08/2019,6210.962
12/08/2019,6250.595
09/08/2019,6282.132
08/08/2019,6274.671
07/08/2019,6204.195
06/08/2019,6119.471
05/08/2019,6175.703
02/08/2019,6340.18
01/08/2019,6381.542
31/07/2019,6390.505
30/07/2019,6376.996
29/07/2019,6299.035
26/07/2019,6325.237
25/07/2019,6401.365
24/07/2019,6384.987
23/07/2019,6403.81
22/07/2019,6433.547
19/07/2019,6456.539
18/07/2019,6403.294
17/07/2019,6394.609
16/07/2019,6401.88
15/07/2019,6418.234
12/07/2019,6373.345
11/07/2019,6417.066
10/07/2019,6410.683
09/07/2019,6388.323
08/07/2019,6351.827
05/07/2019,6373.477
04/07/2019,6375.967
03/07/2019,6362.622
02/07/2019,6384.898
01/07/2019,6379.688
28/06/2019,6358.629
27/06/2019,6352.71
26/06/2019,6310.489
25/06/2019,6320.445
24/06/2019,6288.465
21/06/2019,6315.436
20/06/2019,6335.698
19/06/2019,6339.262
18/06/2019,6257.33
17/06/2019,6190.525
14/06/2019,6250.265
13/06/2019,6273.082
12/06/2019,6276.177
11/06/2019,6305.992
10/06/2019,6289.61
31/05/2019,6209.117
29/05/2019,6104.106
28/05/2019,6033.142
27/05/2019,6098.974
24/05/2019,6057.353
23/05/2019,6032.696
22/05/2019,5939.636
21/05/2019,5951.372
20/05/2019,5907.121
17/05/2019,5826.868
16/05/2019,5895.738
15/05/2019,5980.885
14/05/2019,6071.202
13/05/2019,6135.396
10/05/2019,6209.118
09/05/2019,6198.804
08/05/2019,6270.202
07/05/2019,6297.318
06/05/2019,6256.352
03/05/2019,6319.459
02/05/2019,6374.422
30/04/2019,6455.352
29/04/2019,6425.895
26/04/2019,6401.08
25/04/2019,6372.787
24/04/2019,6447.885
23/04/2019,6462.822
22/04/2019,6414.743
18/04/2019,6507.221
16/04/2019,6481.541
15/04/2019,6435.151
12/04/2019,6405.866
11/04/2019,6410.166
10/04/2019,6478.326
09/04/2019,6484.348
08/04/2019,6425.734
05/04/2019,6474.018
04/04/2019,6494.63
02/04/2019,6476.066
01/04/2019,6452.611
29/03/2019,6468.755
28/03/2019,6480.788
27/03/2019,6444.738
26/03/2019,6469.999
25/03/2019,6411.251
22/03/2019,6525.274
21/03/2019,6501.776
20/03/2019,6482.71
19/03/2019,6480.276
18/03/2019,6509.447
15/03/2019,6461.183
14/03/2019,6413.266
13/03/2019,6377.575
12/03/2019,6353.774
11/03/2019,6366.434
08/03/2019,6383.068
06/03/2019,6457.956
05/03/2019,6441.28
04/03/2019,6488.42
01/03/2019,6499.884
28/02/2019,6443.348
27/02/2019,6525.683
26/02/2019,6540.95
25/02/2019,6525.358
22/02/2019,6501.378
21/02/2019,6537.766
20/02/2019,6512.784
19/02/2019,6494.667
18/02/2019,6497.815
15/02/2019,6389.085
14/02/2019,6420.018
13/02/2019,6419.116
12/02/2019,6426.325
11/02/2019,6495.002
08/02/2019,6521.663
07/02/2019,6536.457
06/02/2019,6547.877
04/02/2019,6481.451
01/02/2019,6538.638
31/01/2019,6532.969
30/01/2019,6464.189
29/01/2019,6436.48
28/01/2019,6458.712
25/01/2019,6482.843
24/01/2019,6466.655
23/01/2019,6451.17
22/01/2019,6468.562
21/01/2019,6450.834
18/01/2019,6448.156
17/01/2019,6423.78
16/01/2019,6413.36
15/01/2019,6408.784
14/01/2019,6336.116
11/01/2019,6361.465
10/01/2019,6328.714
09/01/2019,6272.238
08/01/2019,6262.847
07/01/2019,6287.224
04/01/2019,6274.54
03/01/2019,6221.01
02/01/2019,6181.175
28/12/2018,6194.498
27/12/2018,6190.643
26/12/2018,6127.85
21/12/2018,6163.596
20/12/2018,6147.876
19/12/2018,6176.094
18/12/2018,6081.867
17/12/2018,6089.305
14/12/2018,6169.843
13/12/2018,6177.72
12/12/2018,6115.577
11/12/2018,6076.587
10/12/2018,6111.36
07/12/2018,6126.356
06/12/2018,6115.493
05/12/2018,6133.12
04/12/2018,6152.86
03/12/2018,6118.32
30/11/2018,6056.124
29/11/2018,6107.168
28/11/2018,5991.246
27/11/2018,6013.589
26/11/2018,6022.778
23/11/2018,6006.202
22/11/2018,5990.81
21/11/2018,5948.052
19/11/2018,6005.297
16/11/2018,6012.35
15/11/2018,5955.736
14/11/2018,5858.293
13/11/2018,5835.198
12/11/2018,5777.053
09/11/2018,5874.154
08/11/2018,5976.806
07/11/2018,5939.886
06/11/2018,5923.93
05/11/2018,5920.594
02/11/2018,5906.292
01/11/2018,5835.92
31/10/2018,5831.65
30/10/2018,5789.1
29/10/2018,5754.607
26/10/2018,5784.921
25/10/2018,5754.965
24/10/2018,5709.417
23/10/2018,5797.891
22/10/2018,5840.435
19/10/2018,5837.291
18/10/2018,5845.242
17/10/2018,5868.62
16/10/2018,5800.817
15/10/2018,5727.256
12/10/2018,5756.49
11/10/2018,5702.822
10/10/2018,5820.668
09/10/2018,5796.79
08/10/2018,5761.073
05/10/2018,5731.935
04/10/2018,5756.619
03/10/2018,5867.737
02/10/2018,5875.619
01/10/2018,5944.601
28/09/2018,5976.553
27/09/2018,5929.216
26/09/2018,5873.271
25/09/2018,5874.299
24/09/2018,5882.22
21/09/2018,5957.744
20/09/2018,5931.266
19/09/2018,5873.597
18/09/2018,5811.79
17/09/2018,5824.257
14/09/2018,5931.281
13/09/2018,5858.274
12/09/2018,5798.151
10/09/2018,5831.117
07/09/2018,5851.465
06/09/2018,5776.095
05/09/2018,5683.501
04/09/2018,5905.301
03/09/2018,5967.579
31/08/2018,6018.46
30/08/2018,6018.964
29/08/2018,6065.149
28/08/2018,6042.65
27/08/2018,6025.968
24/08/2018,5968.75
23/08/2018,5982.985
21/08/2018,5944.301
20/08/2018,5892.192
16/08/2018,5783.798
15/08/2018,5816.59
14/08/2018,5769.873
13/08/2018,5861.246
10/08/2018,6077.173
09/08/2018,6065.256
08/08/2018,6094.829
07/08/2018,6091.25
06/08/2018,6101.131
03/08/2018,6007.538
02/08/2018,6011.723
01/08/2018,6033.419
31/07/2018,5936.443
30/07/2018,6027.936
27/07/2018,5989.136
26/07/2018,5946.136
25/07/2018,5933.889
24/07/2018,5931.842
23/07/2018,5915.796
20/07/2018,5872.784
19/07/2018,5871.077
18/07/2018,5890.731
17/07/2018,5861.508
16/07/2018,5905.158
13/07/2018,5944.074
12/07/2018,5907.872
11/07/2018,5893.359
10/07/2018,5881.76
09/07/2018,5807.375
06/07/2018,5694.912
05/07/2018,5739.332
04/07/2018,5733.639
03/07/2018,5633.937
02/07/2018,5746.77
29/06/2018,5799.237
28/06/2018,5667.319
27/06/2018,5787.552
26/06/2018,5825.649
25/06/2018,5859.083
22/06/2018,5821.812
21/06/2018,5822.333
20/06/2018,5884.039
08/06/2018,5993.627
07/06/2018,6106.698
06/06/2018,6069.713
05/06/2018,6088.79
04/06/2018,6014.819
31/05/2018,5983.587
30/05/2018,6011.055
28/05/2018,6068.325
25/05/2018,5975.742
24/05/2018,5946.538
23/05/2018,5792.001
22/05/2018,5751.119
21/05/2018,5733.854
18/05/2018,5783.31
17/05/2018,5815.92
16/05/2018,5841.464
15/05/2018,5838.116
14/05/2018,5947.155
11/05/2018,5956.832
09/05/2018,5907.938
08/05/2018,5774.716
07/05/2018,5885.098
04/05/2018,5792.345
03/05/2018,5858.732
02/05/2018,6012.238
30/04/2018,5994.595
27/04/2018,5919.238
26/04/2018,5909.198
25/04/2018,6079.85
24/04/2018,6229.635
23/04/2018,6308.148
20/04/2018,6337.695
19/04/2018,6355.901
18/04/2018,6320.005
17/04/2018,6285.762
16/04/2018,6286.748
13/04/2018,6270.327
12/04/2018,6310.802
11/04/2018,6360.932
10/04/2018,6325.818
09/04/2018,6246.131
06/04/2018,6175.052
05/04/2018,6183.227
04/04/2018,6157.096
03/04/2018,6229.013
02/04/2018,6240.571
29/03/2018,6188.987
28/03/2018,6140.837
27/03/2018,6209.35
26/03/2018,6200.172
23/03/2018,6210.698
22/03/2018,6254.074
21/03/2018,6312.831
20/03/2018,6243.577
19/03/2018,6289.572
16/03/2018,6304.952
15/03/2018,6321.904
14/03/2018,6382.623
13/03/2018,6412.846
12/03/2018,6500.686
09/03/2018,6433.322
08/03/2018,6443.021
07/03/2018,6368.267
06/03/2018,6500.111
05/03/2018,6550.593
02/03/2018,6582.316
01/03/2018,6606.053
28/02/2018,6597.218
27/02/2018,6598.926
26/02/2018,6554.673
23/02/2018,6619.804
22/02/2018,6593.06
21/02/2018,6643.4
20/02/2018,6662.876
19/02/2018,6689.287
15/02/2018,6591.582
14/02/2018,6594.401
13/02/2018,6578.178
12/02/2018,6523.454
09/02/2018,6505.523
08/02/2018,6544.634
07/02/2018,6534.869
06/02/2018,6478.543
05/02/2018,6589.675
02/02/2018,6628.82
01/02/2018,6598.459
31/01/2018,6605.631
30/01/2018,6575.492
29/01/2018,6680.619
26/01/2018,6660.618
25/01/2018,6615.328
24/01/2018,6615.492
23/01/2018,6635.334
22/01/2018,6500.529
19/01/2018,6490.896
18/01/2018,6472.666
17/01/2018,6444.518
16/01/2018,6429.692
15/01/2018,6382.195
12/01/2018,6370.065
11/01/2018,6386.339
10/01/2018,6371.174
09/01/2018,6373.144
08/01/2018,6385.404
05/01/2018,6353.738
04/01/2018,6292.321
03/01/2018,6251.479
02/01/2018,6339.238
29/12/2017,6355.654
28/12/2017,6314.046
27/12/2017,6277.165
22/12/2017,6221.013
21/12/2017,6183.391
20/12/2017,6109.482
19/12/2017,6167.666
18/12/2017,6133.963
15/12/2017,6119.419
14/12/2017,6113.653
13/12/2017,6054.604
12/12/2017,6032.371
11/12/2017,6026.633
08/12/2017,6030.958
07/12/2017,6006.835
06/12/2017,6035.508
05/12/2017,6000.474
04/12/2017,5998.195
30/11/2017,5952.138
29/11/2017,6061.367
28/11/2017,6070.716
27/11/2017,6064.589
24/11/2017,6067.142
23/11/2017,6063.245
22/11/2017,6069.785
21/11/2017,6031.862
20/11/2017,6053.282
17/11/2017,6051.732
16/11/2017,6037.907
15/11/2017,5972.311
14/11/2017,5988.292
13/11/2017,6021.456
10/11/2017,6021.828
09/11/2017,6042.46
08/11/2017,6049.384
07/11/2017,6060.453
06/11/2017,6050.823
03/11/2017,6039.541
02/11/2017,6031.107
01/11/2017,6038.146
31/10/2017,6005.784
30/10/2017,5974.077
27/10/2017,5975.281
26/10/2017,5995.847
25/10/2017,6025.434
24/10/2017,5952.076
23/10/2017,5950.026
20/10/2017,5929.549
19/10/2017,5910.53
18/10/2017,5929.201
17/10/2017,5947.33
16/10/2017,5949.701
13/10/2017,5924.124
12/10/2017,5926.204
11/10/2017,5882.787
10/10/2017,5905.762
09/10/2017,5914.933
06/10/2017,5905.378
05/10/2017,5901.906
04/10/2017,5951.475
03/10/2017,5939.453
02/10/2017,5914.03
29/09/2017,5900.854
28/09/2017,5841.047
27/09/2017,5863.027
26/09/2017,5863.962
25/09/2017,5894.612
22/09/2017,5911.708
20/09/2017,5906.573
19/09/2017,5901.326
18/09/2017,5884.611
15/09/2017,5872.392
14/09/2017,5852.002
13/09/2017,5845.734
12/09/2017,5872.377
11/09/2017,5871.881
08/09/2017,5857.119
07/09/2017,5832.311
06/09/2017,5824.138
05/09/2017,5829.979
04/09/2017,5813.741
31/08/2017,5864.059
30/08/2017,5872.506
29/08/2017,5888.212
28/08/2017,5903.341
25/08/2017,5915.363
24/08/2017,5894.117
23/08/2017,5914.024
22/08/2017,5880.297
21/08/2017,5861.004
18/08/2017,5893.841
16/08/2017,5891.949
15/08/2017,5835.041
14/08/2017,5801.488
11/08/2017,5766.138
10/08/2017,5825.946
09/08/2017,5824.007
08/08/2017,5810.563
07/08/2017,5749.292
04/08/2017,5777.482
03/08/2017,5780.576
02/08/2017,5824.249
01/08/2017,5805.205
31/07/2017,5840.939
28/07/2017,5831.027
27/07/2017,5819.744
26/07/2017,5800.206
25/07/2017,5813.535
24/07/2017,5801.587
21/07/2017,5765.424
20/07/2017,5825.208
19/07/2017,5806.69
18/07/2017,5822.352
17/07/2017,5841.28
14/07/2017,5831.795
13/07/2017,5830.044
12/07/2017,5819.132
11/07/2017,5773.326
10/07/2017,5771.506
07/07/2017,5814.793
06/07/2017,5849.575
05/07/2017,5825.054
04/07/2017,5865.364
03/07/2017,5910.237
22/06/2017,5829.708
21/06/2017,5818.552
20/06/2017,5791.904
19/06/2017,5741.909
16/06/2017,5723.636
15/06/2017,5776.283
14/06/2017,5792.897
13/06/2017,5707.645
12/06/2017,5691.436
09/06/2017,5675.523
08/06/2017,5702.922
07/06/2017,5717.325
06/06/2017,5707.831
05/06/2017,5748.235
02/06/2017,5742.446
31/05/2017,5738.155
30/05/2017,5693.391
29/05/2017,5712.331
26/05/2017,5716.815
24/05/2017,5703.433
23/05/2017,5730.613
22/05/2017,5749.445
19/05/2017,5791.884
18/05/2017,5645.451
17/05/2017,5615.492
16/05/2017,5646.999
15/05/2017,5688.87
12/05/2017,5675.216
10/05/2017,5653.008
09/05/2017,5697.056
08/05/2017,5707.862
05/05/2017,5683.377
04/05/2017,5669.443
03/05/2017,5647.368
02/05/2017,5675.808
28/04/2017,5685.298
27/04/2017,5707.028
26/04/2017,5726.53
25/04/2017,5680.796
21/04/2017,5664.475
20/04/2017,5595.306
18/04/2017,5606.517
17/04/2017,5577.487
13/04/2017,5616.545
12/04/2017,5644.155
11/04/2017,5627.933
10/04/2017,5644.299
07/04/2017,5653.486
06/04/2017,5680.239
05/04/2017,5676.98
04/04/2017,5651.823
03/04/2017,5606.789
31/03/2017,5568.106
30/03/2017,5592.952
29/03/2017,5592.51
27/03/2017,5541.202
24/03/2017,5567.134
23/03/2017,5563.759
22/03/2017,5534.093
21/03/2017,5543.093
20/03/2017,5533.992
17/03/2017,5540.432
16/03/2017,5518.241
15/03/2017,5432.381
14/03/2017,5431.585
13/03/2017,5409.372
10/03/2017,5390.677
09/03/2017,5402.386
08/03/2017,5393.764
07/03/2017,5402.615
06/03/2017,5409.817
03/03/2017,5391.215
02/03/2017,5408.254
01/03/2017,5363.056
28/02/2017,5386.692
27/02/2017,5382.874
24/02/2017,5385.906
23/02/2017,5372.748
22/02/2017,5358.683
21/02/2017,5340.99
20/02/2017,5359.288
17/02/2017,5350.932
16/02/2017,5377.998
14/02/2017,5380.67
13/02/2017,5409.556
10/02/2017,5371.669
09/02/2017,5372.077
08/02/2017,5361.088
07/02/2017,5381.475
06/02/2017,5395.995
03/02/2017,5360.767
02/02/2017,5353.713
01/02/2017,5327.161
31/01/2017,5294.103
30/01/2017,5302.662
27/01/2017,5312.84
26/01/2017,5317.633
25/01/2017,5293.782
24/01/2017,5292.088
23/01/2017,5250.968
20/01/2017,5254.311
19/01/2017,5298.948
18/01/2017,5294.784
17/01/2017,5266.938
16/01/2017,5270.011
13/01/2017,5272.983
12/01/2017,5292.75
11/01/2017,5301.237
10/01/2017,5309.924
09/01/2017,5316.364
06/01/2017,5347.022
05/01/2017,5325.504
04/01/2017,5301.183
03/01/2017,5275.971
30/12/2016,5296.711
29/12/2016,5302.566
28/12/2016,5209.445
27/12/2016,5102.954
23/12/2016,5027.704
22/12/2016,5042.87
21/12/2016,5111.392
20/12/2016,5162.477
19/12/2016,5191.912
16/12/2016,5231.652
15/12/2016,5254.362
14/12/2016,5262.817
13/12/2016,5293.619
09/12/2016,5308.126
08/12/2016,5303.734
07/12/2016,5265.368
06/12/2016,5272.965
05/12/2016,5268.308
02/12/2016,5245.956
01/12/2016,5198.755
30/11/2016,5148.91
29/11/2016,5136.667
28/11/2016,5114.572
25/11/2016,5122.104
24/11/2016,5107.623
23/11/2016,5211.996
22/11/2016,5204.674
21/11/2016,5148.319
18/11/2016,5170.109
17/11/2016,5193.015
16/11/2016,5185.465
15/11/2016,5078.501
14/11/2016,5115.739
11/11/2016,5231.971
10/11/2016,5450.306
09/11/2016,5414.321
08/11/2016,5470.681
07/11/2016,5386.208
04/11/2016,5362.66
03/11/2016,5329.502
02/11/2016,5405.455
01/11/2016,5416.007
31/10/2016,5422.542
28/10/2016,5410.269
27/10/2016,5416.836
26/10/2016,5399.679
25/10/2016,5397.821
24/10/2016,5420.998
21/10/2016,5409.243
20/10/2016,5403.69
19/10/2016,5409.288
18/10/2016,5430.048
17/10/2016,5410.303
14/10/2016,5399.885
13/10/2016,5340.4
12/10/2016,5364.611
11/10/2016,5381.997
10/10/2016,5360.828
07/10/2016,5377.149
06/10/2016,5409.344
05/10/2016,5420.648
04/10/2016,5472.317
03/10/2016,5463.915
30/09/2016,5364.804
29/09/2016,5431.957
28/09/2016,5425.337
27/09/2016,5419.604
26/09/2016,5352.139
23/09/2016,5388.908
22/09/2016,5380.262
21/09/2016,5342.592
20/09/2016,5302.493
19/09/2016,5321.841
16/09/2016,5267.769
15/09/2016,5265.819
14/09/2016,5146.038
13/09/2016,5215.567
09/09/2016,5281.917
08/09/2016,5371.078
07/09/2016,5381.354
06/09/2016,5372.096
05/09/2016,5356.954
02/09/2016,5353.461
01/09/2016,5334.547
31/08/2016,5386.082
30/08/2016,5362.316
29/08/2016,5370.764
26/08/2016,5438.831
25/08/2016,5454.116
24/08/2016,5403.992
23/08/2016,5417.14
22/08/2016,5427.175
19/08/2016,5416.035
18/08/2016,5461.45
16/08/2016,5371.846
15/08/2016,5320.561
12/08/2016,5377.196
11/08/2016,5419.088
10/08/2016,5423.949
09/08/2016,5440.293
08/08/2016,5458.979
05/08/2016,5420.246
04/08/2016,5373.863
03/08/2016,5351.878
02/08/2016,5373.323
01/08/2016,5361.576
29/07/2016,5215.994
28/07/2016,5299.213
27/07/2016,5274.361
26/07/2016,5224.395
25/07/2016,5220.802
22/07/2016,5197.251
21/07/2016,5216.973
20/07/2016,5242.823
19/07/2016,5172.83
18/07/2016,5127.501
15/07/2016,5110.178
14/07/2016,5083.539
13/07/2016,5133.933
12/07/2016,5099.533
11/07/2016,5069.019
01/07/2016,4971.581
30/06/2016,5016.647
29/06/2016,4980.105
28/06/2016,4882.171
27/06/2016,4836.052
24/06/2016,4834.569
23/06/2016,4874.309
22/06/2016,4896.852
21/06/2016,4878.714
20/06/2016,4863.531
17/06/2016,4835.143
16/06/2016,4814.391
15/06/2016,4814.824
14/06/2016,4821.59
13/06/2016,4807.226
10/06/2016,4848.056
09/06/2016,4876.794
08/06/2016,4916.061
07/06/2016,4933.989
06/06/2016,4896.025
03/06/2016,4853.922
02/06/2016,4833.225
01/06/2016,4839.668
31/05/2016,4796.869
30/05/2016,4836.033
27/05/2016,4814.731
26/05/2016,4784.565
25/05/2016,4772.977
24/05/2016,4710.785
23/05/2016,4743.662
20/05/2016,4711.878
19/05/2016,4704.217
18/05/2016,4734.357
17/05/2016,4729.156
16/05/2016,4731.562
13/05/2016,4761.715
12/05/2016,4803.322
11/05/2016,4799.964
10/05/2016,4763.115
09/05/2016,4749.315
04/05/2016,4822.595
03/05/2016,4812.264
02/05/2016,4808.319
29/04/2016,4838.583
28/04/2016,4848.39
27/04/2016,4845.658
26/04/2016,4814.093
25/04/2016,4878.862
22/04/2016,4914.737
21/04/2016,4903.09
20/04/2016,4876.596
19/04/2016,4881.93
18/04/2016,4865.534
15/04/2016,4823.568
14/04/2016,4814.846
13/04/2016,4853.005
12/04/2016,4829.573
11/04/2016,4786.974
08/04/2016,4846.704
07/04/2016,4867.285
06/04/2016,4868.23
05/04/2016,4858.072
04/04/2016,4850.176
01/04/2016,4843.186
31/03/2016,4845.371
30/03/2016,4816.655
29/03/2016,4781.297
28/03/2016,4773.626
24/03/2016,4827.087
23/03/2016,4854.176
22/03/2016,4856.107
21/03/2016,4885.163
18/03/2016,4885.708
17/03/2016,4885.688
16/03/2016,4861.441
15/03/2016,4849.781
14/03/2016,4877.531
11/03/2016,4813.779
10/03/2016,4793.203
08/03/2016,4811.042
07/03/2016,4831.575
04/03/2016,4850.883
03/03/2016,4844.039
02/03/2016,4836.196
01/03/2016,4779.985
29/02/2016,4770.956
26/02/2016,4733.149
25/02/2016,4658.323
24/02/2016,4657.722
23/02/2016,4654.054
22/02/2016,4708.62
19/02/2016,4697.56
18/02/2016,4778.794
17/02/2016,4765.507
16/02/2016,4745.004
15/02/2016,4740.726
12/02/2016,4714.393
11/02/2016,4775.86
10/02/2016,4732.483
09/02/2016,4768.625
05/02/2016,4798.946
04/02/2016,4665.817
03/02/2016,4596.108
02/02/2016,4587.435
01/02/2016,4624.635
29/01/2016,4615.163
28/01/2016,4602.829
27/01/2016,4583.628
26/01/2016,4510.468
25/01/2016,4505.788
22/01/2016,4456.744
21/01/2016,4414.126
20/01/2016,4427.985
19/01/2016,4491.737
18/01/2016,4481.276
15/01/2016,4523.976
14/01/2016,4513.181
13/01/2016,4537.179
12/01/2016,4512.527
11/01/2016,4465.483
08/01/2016,4546.288
07/01/2016,4530.448
06/01/2016,4608.982
05/01/2016,4557.822
04/01/2016,4525.919
30/12/2015,4593.008
29/12/2015,4569.361
28/12/2015,4557.355
23/12/2015,4522.654
22/12/2015,4517.568
21/12/2015,4490.68
18/12/2015,4468.654
17/12/2015,4555.964
16/12/2015,4483.453
15/12/2015,4409.172
14/12/2015,4374.191
11/12/2015,4393.522
10/12/2015,4466.21
08/12/2015,4464.182
07/12/2015,4521.392
04/12/2015,4508.452
03/12/2015,4537.382
02/12/2015,4545.863
01/12/2015,4557.668
30/11/2015,4446.458
27/11/2015,4560.56
26/11/2015,4597.057
25/11/2015,4585.546
24/11/2015,4545.378
23/11/2015,4541.066
20/11/2015,4561.334
19/11/2015,4518.94
18/11/2015,4497.91
17/11/2015,4500.947
16/11/2015,4442.18
13/11/2015,4472.838
12/11/2015,4462.225
11/11/2015,4451.589
10/11/2015,4451.053
09/11/2015,4499.507
06/11/2015,4566.552
05/11/2015,4577.233
04/11/2015,4612.565
03/11/2015,4533.086
02/11/2015,4464.959
30/10/2015,4455.18
29/10/2015,4472.021
28/10/2015,4608.74
27/10/2015,4674.058
26/10/2015,4691.711
23/10/2015,4653.146
22/10/2015,4584.562
21/10/2015,4605.226
20/10/2015,4585.824
19/10/2015,4569.844
16/10/2015,4521.882
15/10/2015,4507.195
13/10/2015,4483.076
12/10/2015,4630.707
09/10/2015,4589.344
08/10/2015,4491.433
07/10/2015,4487.132
06/10/2015,4445.781
05/10/2015,4343.701
02/10/2015,4207.799
01/10/2015,4254.876
30/09/2015,4223.908
29/09/2015,4178.408
28/09/2015,4120.503
25/09/2015,4209.439
23/09/2015,4244.427
22/09/2015,4344.044
21/09/2015,4376.082
18/09/2015,4380.32
17/09/2015,4378.385
16/09/2015,4332.513
15/09/2015,4347.16
14/09/2015,4390.373
11/09/2015,4360.468
10/09/2015,4343.261
09/09/2015,4347.277
08/09/2015,4318.591
07/09/2015,4301.365
04/09/2015,4415.343
03/09/2015,4433.111
02/09/2015,4401.293
01/09/2015,4412.459
31/08/2015,4509.607
28/08/2015,4446.201
27/08/2015,4430.632
26/08/2015,4237.733
25/08/2015,4228.501
24/08/2015,4163.729
21/08/2015,4335.953
20/08/2015,4441.911
19/08/2015,4484.242
18/08/2015,4510.478
14/08/2015,4585.391
13/08/2015,4584.25
12/08/2015,4479.491
11/08/2015,4622.591
10/08/2015,4748.949
07/08/2015,4770.303
06/08/2015,4806.564
05/08/2015,4850.532
04/08/2015,4781.087
03/08/2015,4800.182
31/07/2015,4802.529
30/07/2015,4712.492
29/07/2015,4721.121
28/07/2015,4714.756
27/07/2015,4771.285
24/07/2015,4856.595
23/07/2015,4902.845
22/07/2015,4906.689
15/07/2015,4869.849
14/07/2015,4901.807
13/07/2015,4893.917
10/07/2015,4859.034
09/07/2015,4838.284
08/07/2015,4871.571
07/07/2015,4906.05
06/07/2015,4916.741
03/07/2015,4982.91
02/07/2015,4944.781
01/07/2015,4904.063
30/06/2015,4910.658
29/06/2015,4882.578
26/06/2015,4923.005
25/06/2015,4920.042
24/06/2015,4953.516
23/06/2015,4937.648
22/06/2015,4959.252
19/06/2015,4985.006
18/06/2015,4945.499
17/06/2015,4945.753
16/06/2015,4872.599
15/06/2015,4837.794
12/06/2015,4935.817
11/06/2015,4928.812
10/06/2015,4933.557
09/06/2015,4899.882
08/06/2015,5014.992
05/06/2015,5100.572
04/06/2015,5095.821
03/06/2015,5130.499
01/06/2015,5213.816
29/05/2015,5216.379
28/05/2015,5237.401
27/05/2015,5253.388
26/05/2015,5320.901
25/05/2015,5288.362
22/05/2015,5315.153
21/05/2015,5313.208
20/05/2015,5292.749
19/05/2015,5269.371
18/05/2015,5237.811
15/05/2015,5227.096
13/05/2015,5246.133
12/05/2015,5205.612
11/05/2015,5172.482
08/05/2015,5182.213
07/05/2015,5150.486
06/05/2015,5184.95
05/05/2015,5160.308
04/05/2015,5141.137
30/04/2015,5086.425
29/04/2015,5105.563
28/04/2015,5242.157
27/04/2015,5245.446
24/04/2015,5435.355
23/04/2015,5436.209
22/04/2015,5437.119
21/04/2015,5460.573
20/04/2015,5400.803
17/04/2015,5410.644
16/04/2015,5420.733
15/04/2015,5414.547
14/04/2015,5419.107
13/04/2015,5447.409
10/04/2015,5491.34
09/04/2015,5500.9
08/04/2015,5486.584
07/04/2015,5523.29
06/04/2015,5480.031
02/04/2015,5456.399
01/04/2015,5466.867
31/03/2015,5518.675
30/03/2015,5438.656
27/03/2015,5396.854
26/03/2015,5368.8
25/03/2015,5405.489
24/03/2015,5447.648
23/03/2015,5437.098
20/03/2015,5443.065
19/03/2015,5453.854
18/03/2015,5413.151
17/03/2015,5439.153
16/03/2015,5435.271
13/03/2015,5426.466
12/03/2015,5439.832
11/03/2015,5419.566
10/03/2015,5462.928
09/03/2015,5444.634
06/03/2015,5514.787
05/03/2015,5450.947
04/03/2015,5448.059
03/03/2015,5474.619
02/03/2015,5477.831
27/02/2015,5450.294
26/02/2015,5451.422
25/02/2015,5445.108
24/02/2015,5417.314
23/02/2015,5403.277
20/02/2015,5400.104
18/02/2015,5390.449
17/02/2015,5337.501
16/02/2015,5325.495
13/02/2015,5374.165
12/02/2015,5343.411
11/02/2015,5336.519
10/02/2015,5321.474
09/02/2015,5348.47
06/02/2015,5342.515
05/02/2015,5279.895
04/02/2015,5315.284
03/02/2015,5291.718
02/02/2015,5276.236
30/01/2015,5289.404
29/01/2015,5262.718
28/01/2015,5268.852
27/01/2015,5277.149
26/01/2015,5260.024
23/01/2015,5323.885
22/01/2015,5253.183
21/01/2015,5215.266
20/01/2015,5166.09
19/01/2015,5152.093
16/01/2015,5148.379
15/01/2015,5188.712
14/01/2015,5159.668
13/01/2015,5214.359
12/01/2015,5187.933
09/01/2015,5216.665
08/01/2015,5211.828
07/01/2015,5207.118
06/01/2015,5169.06
05/01/2015,5219.995
02/01/2015,5242.769
