date,m2,m2 mom
"Thursday, January 1, 2015","4,174,826",0.035928413
"Sunday, February 1, 2015","4,218,123",1.037093544
"Sunday, March 1, 2015","4,246,361",0.669454912
"Wednesday, April 1, 2015","4,275,711",0.691178133
"Friday, May 1, 2015","4,288,369",0.296047831
"Monday, June 1, 2015","4,358,802",1.642401709
"Wednesday, July 1, 2015","4,373,208",0.33051723
"Saturday, August 1, 2015","4,404,085",0.706047581
"Tuesday, September 1, 2015","4,508,603",2.373208948
"Thursday, October 1, 2015","4,443,078",-1.453334603
"Sunday, November 1, 2015","4,452,325",0.208111805
"Tuesday, December 1, 2015","4,548,800",2.166859508
"Friday, January 1, 2016","4,498,361",-1.108841607
"Monday, February 1, 2016","4,521,951",0.524411414
"Tuesday, March 1, 2016","4,561,873",0.882833941
"Friday, April 1, 2016","4,581,878",0.438533736
"Sunday, May 1, 2016","4,614,062",0.70241833
"Wednesday, June 1, 2016","4,737,451",2.674203659
"Friday, July 1, 2016","4,730,380",-0.149269083
"Monday, August 1, 2016","4,746,027",0.330776831
"Thursday, September 1, 2016","4,737,631",-0.176904189
"Saturday, October 1, 2016","4,778,479",0.862205859
"Tuesday, November 1, 2016","4,868,651",1.887049667
"Thursday, December 1, 2016","5,004,977",2.800069784
"Sunday, January 1, 2017","4,936,882",-1.360541774
"Wednesday, February 1, 2017","4,942,920",0.122299257
"Wednesday, March 1, 2017","5,017,644",1.511733826
"Saturday, April 1, 2017","5,033,780",0.321599967
"Monday, May 1, 2017","5,126,370",1.839370308
"Thursday, June 1, 2017","5,225,166",1.927203989
"Saturday, July 1, 2017","5,178,079",-0.901158206
"Tuesday, August 1, 2017","5,219,648",0.802785782
"Friday, September 1, 2017","5,254,139",0.660789433
"Sunday, October 1, 2017","5,284,320",0.574435751
"Wednesday, November 1, 2017","5,321,432",0.702296774
"Friday, December 1, 2017","5,419,165",1.836597446
"Monday, January 1, 2018","5,351,685",-1.245217287
"Thursday, February 1, 2018","5,351,650",-0.000641667
"Thursday, March 1, 2018","5,395,826",0.825459574
"Sunday, April 1, 2018","5,409,089",0.245796842
"Tuesday, May 1, 2018","5,435,083",0.48056375
"Friday, June 1, 2018","5,534,150",1.822730238
"Sunday, July 1, 2018","5,507,792",-0.476280564
"Wednesday, August 1, 2018","5,529,452",0.393262145
"Saturday, September 1, 2018","5,606,780",1.398476425
"Monday, October 1, 2018","5,667,512",1.083192335
"Thursday, November 1, 2018","5,670,975",0.061105119
"Saturday, December 1, 2018","5,760,046",1.570646251
"Tuesday, January 1, 2019","5,644,985",-1.997571304
"Friday, February 1, 2019","5,670,778",0.456908198
"Friday, March 1, 2019","5,747,247",1.348479094
"Monday, April 1, 2019","5,746,732",-0.008961682
"Wednesday, May 1, 2019","5,860,509",1.979855413
"Saturday, June 1, 2019","5,908,509",0.819050394
"Monday, July 1, 2019","5,941,133",0.552149933
"Thursday, August 1, 2019","5,934,562",-0.110611728
"Sunday, September 1, 2019","6,004,277",1.174739867
"Tuesday, October 1, 2019","6,026,909",0.376920141
"Friday, November 1, 2019","6,074,377",0.787609767
"Sunday, December 1, 2019","6,136,777",1.027257936
"Wednesday, January 1, 2020","6,047,999",-1.446654924
"Saturday, February 1, 2020","6,118,514",1.165926038
"Sunday, March 1, 2020","6,441,495",5.278757116
"Wednesday, April 1, 2020","6,236,651",-3.18007237
"Friday, May 1, 2020","6,465,362",3.667202306
"Monday, June 1, 2020","6,391,612",-1.140690563
"Wednesday, July 1, 2020","6,566,671",2.738894098
"Saturday, August 1, 2020","6,730,994",2.502369793
"Tuesday, September 1, 2020","6,748,814",0.264754369
"Thursday, October 1, 2020","6,782,147",0.493903645
"Sunday, November 1, 2020","6,821,198",0.575792299
"Tuesday, December 1, 2020","6,905,939",1.242321939
"Friday, January 1, 2021","6,767,408",-2.005978418
"Monday, February 1, 2021","6,817,788",0.74445431
"Monday, March 1, 2021","6,895,564",1.140783695
"Thursday, April 1, 2021","6,964,386",0.998067371
"Saturday, May 1, 2021","7,004,093",0.570137544
"Tuesday, June 1, 2021","7,130,061",1.79849612
"Thursday, July 1, 2021","7,160,560",0.42775107
"Sunday, August 1, 2021","7,211,501",0.711402247
"Wednesday, September 1, 2021","7,300,921",1.239962659
"Friday, October 1, 2021","7,491,704",2.613146339
"Monday, November 1, 2021","7,573,320",1.08941194
"Wednesday, December 1, 2021","7,870,453",3.923417455
"Saturday, January 1, 2022","7,646,789",-2.841814405
"Tuesday, February 1, 2022","7,690,135",0.566843271
"Tuesday, March 1, 2022","7,810,949",1.571036501
"Friday, April 1, 2022","7,911,484",1.28710565
"Sunday, May 1, 2022","7,854,187",-0.724235509
"Wednesday, June 1, 2022","7,890,747",0.465488043
"Friday, July 1, 2022","7,845,552",-0.572760728
"Monday, August 1, 2022","7,897,628",0.663768472
"Thursday, September 1, 2022","7,962,693",0.823856837
"Saturday, October 1, 2022","8,223,055",3.269768761
"Tuesday, November 1, 2022","8,297,350",0.903490124
"Thursday, December 1, 2022","8,528,022",2.780078141
"Sunday, January 1, 2023","8,271,838",-3.004028401
"Wednesday, February 1, 2023","8,300,648",0.348293521
"Wednesday, March 1, 2023","8,293,283",-0.088729777
"Saturday, April 1, 2023","8,352,350",0.712220322
"Monday, May 1, 2023","8,336,171",-0.19370462
"Thursday, June 1, 2023","8,372,990",0.441683998
"Saturday, July 1, 2023","8,349,492",-0.280640462
"Tuesday, August 1, 2023","8,364,739",0.182609879
"Friday, September 1, 2023","8,441,236",0.914518839
"Sunday, October 1, 2023","8,506,544",0.773673666
"Wednesday, November 1, 2023","8,574,917",0.803769761
"Friday, December 1, 2023","8,826,531",2.934301603
"Monday, January 1, 2024","8,721,950",-1.18485201
"Thursday, February 1, 2024","8,739,574",0.202071827
"Friday, March 1, 2024","8,891,425",1.73750261
"Monday, April 1, 2024","8,926,466",0.3940981
"Wednesday, May 1, 2024","8,968,821",0.474494092
"Saturday, June 1, 2024","9,015,355",0.51884117
"Monday, July 1, 2024","8,983,383",-0.35463597
"Thursday, August 1, 2024","8,975,512",-0.087622803
"Sunday, September 1, 2024","9,047,999",0.807606732
"Tuesday, October 1, 2024","9,082,755",0.384133644
"Friday, November 1, 2024","9,134,672",0.571603065
"Sunday, December 1, 2024","9,246,630",1.225634506
"Wednesday, January 1, 2025","9,198,352",-0.5221121
