Date,Price
12/31/2025,16646
12/30/2025,16828
12/29/2025,15814
12/24/2025,15786
12/23/2025,15739
12/22/2025,15276
12/19/2025,14803
12/18/2025,14641
12/17/2025,14392
12/16/2025,14263
12/15/2025,14346
12/12/2025,14587
12/11/2025,14626
12/10/2025,14652
12/9/2025,14734
12/8/2025,14840
12/5/2025,14940
12/4/2025,14897
12/3/2025,14873
12/2/2025,14800
12/1/2025,14928
11/28/2025,14829
11/27/2025,14833
11/26/2025,14823
11/25/2025,14872
11/24/2025,14699
11/21/2025,14455
11/20/2025,14501
11/19/2025,14650
11/18/2025,14638
11/17/2025,14650
11/14/2025,14891
11/13/2025,14981
11/12/2025,15053
11/11/2025,15053
11/10/2025,15108
11/7/2025,15060
11/6/2025,15038
11/5/2025,15035
11/4/2025,15075
11/3/2025,15142
10/31/2025,15226
10/30/2025,15230
10/29/2025,15366
10/28/2025,15296
10/27/2025,15275
10/24/2025,15361
10/23/2025,15363
10/22/2025,15163
10/21/2025,15175
10/20/2025,15222
10/17/2025,15126
10/16/2025,15267
10/15/2025,15194
10/14/2025,15135
10/13/2025,15206
10/10/2025,15280
10/9/2025,15492
10/8/2025,15346
10/7/2025,15489
10/6/2025,15482
10/3/2025,15433
10/2/2025,15317
10/1/2025,15184
9/30/2025,15235
9/29/2025,15318
9/26/2025,15175
9/25/2025,15279
9/24/2025,15417
9/23/2025,15354
9/22/2025,15213
9/19/2025,15271
9/18/2025,15272
9/17/2025,15405
9/16/2025,15428
9/15/2025,15436
9/12/2025,15391
9/11/2025,15150
9/10/2025,15146
9/9/2025,15105
9/8/2025,15229
9/5/2025,15235
9/4/2025,15236
9/3/2025,15304
9/2/2025,15232
9/1/2025,15439
8/29/2025,15421
8/28/2025,15263
8/27/2025,15131
8/26/2025,15285
8/22/2025,15100
8/21/2025,14929
8/20/2025,15008
8/19/2025,15006
8/18/2025,15151
8/15/2025,15161
8/14/2025,15031
8/13/2025,15264
8/12/2025,15332
8/11/2025,15351
8/8/2025,15156
8/7/2025,15118
8/6/2025,15135
8/5/2025,15024
8/4/2025,15066
8/1/2025,14987
7/31/2025,14936
7/30/2025,15021
7/29/2025,15316
7/28/2025,15269
7/25/2025,15320
7/24/2025,15465
7/23/2025,15572
7/22/2025,15528
7/21/2025,15523
7/18/2025,15218
7/17/2025,15096
7/16/2025,15026
7/15/2025,15146
7/14/2025,15064
7/11/2025,15198
7/10/2025,15290
7/9/2025,14979
7/8/2025,15042
7/7/2025,15177
7/4/2025,15290
7/3/2025,15451
7/2/2025,15302
7/1/2025,15206
6/30/2025,15215
6/27/2025,15245
6/26/2025,15209
6/25/2025,15074
6/24/2025,14920
6/23/2025,14804
6/20/2025,15011
6/19/2025,15056
6/18/2025,15053
6/17/2025,14924
6/16/2025,15069
6/13/2025,15128
6/12/2025,15142
6/11/2025,15177
6/10/2025,15318
6/9/2025,15421
6/6/2025,15487
6/5/2025,15523
6/4/2025,15395
6/3/2025,15438
6/2/2025,15537
5/30/2025,15237
5/29/2025,15376
5/28/2025,15011
5/27/2025,15409
5/23/2025,15594
5/22/2025,15494
5/21/2025,15602
5/20/2025,15518
5/19/2025,15562
5/16/2025,15648
5/15/2025,15799
5/14/2025,15871
5/13/2025,15735
5/12/2025,15635
5/9/2025,15804
5/8/2025,15535
5/7/2025,15548
5/6/2025,15698
5/2/2025,15480
5/1/2025,15252
4/30/2025,15418
4/29/2025,15550
4/28/2025,15615
4/25/2025,15545
4/24/2025,15821
4/23/2025,15662
4/22/2025,15682
4/17/2025,15622
4/16/2025,15683
4/15/2025,15558
4/14/2025,15307
4/11/2025,15069
4/10/2025,14798
4/9/2025,14084
4/8/2025,14180
4/7/2025,14364
4/4/2025,14758
4/3/2025,15732
4/2/2025,15964
4/1/2025,16107
3/31/2025,15918
3/28/2025,16380
3/27/2025,16247
3/26/2025,16245
3/25/2025,16161
3/24/2025,16013
3/21/2025,16057
3/20/2025,16284
3/19/2025,16399
3/18/2025,16249
3/17/2025,16430
3/14/2025,16470
3/13/2025,16506
3/12/2025,16641
3/11/2025,16493
3/10/2025,16551
3/7/2025,16504
3/6/2025,16298
3/5/2025,15901
3/4/2025,15983
3/3/2025,15893
2/28/2025,15433
2/27/2025,15832
2/26/2025,15580
2/25/2025,15336
2/24/2025,15445
2/21/2025,15517
2/20/2025,15665
2/19/2025,15404
2/18/2025,15349
2/17/2025,15490
2/14/2025,15468
2/13/2025,15374
2/12/2025,15420
2/11/2025,15538
2/10/2025,15522
2/7/2025,15756
2/6/2025,15811
2/5/2025,15535
2/4/2025,15270
2/3/2025,15208
1/31/2025,15210
1/30/2025,15394
1/29/2025,15499
1/28/2025,15435
1/27/2025,15560
1/24/2025,15668
1/23/2025,15668
1/22/2025,15718
1/21/2025,16078
1/20/2025,16102
1/17/2025,16097
1/16/2025,15963
1/15/2025,15850
1/14/2025,15956
1/13/2025,15901
1/10/2025,15658
1/9/2025,15482
1/8/2025,15451
1/7/2025,15398
1/6/2025,15182
1/3/2025,15111
1/2/2025,15078
12/31/2024,15328
12/30/2024,15415
12/27/2024,15311
12/24/2024,15477
12/23/2024,15292
12/20/2024,15356
12/19/2024,15113
12/18/2024,15508
12/17/2024,15503
12/16/2024,15708
12/13/2024,15862
12/12/2024,16168
12/11/2024,15858
12/10/2024,15715
12/9/2024,15996
12/6/2024,16047
12/5/2024,15974
12/4/2024,16107
12/3/2024,16015
12/2/2024,15693
11/29/2024,15903
11/28/2024,16064
11/27/2024,15883
11/26/2024,15996
11/25/2024,16203
11/22/2024,15970
11/21/2024,15714
11/20/2024,15906
11/19/2024,15866
11/18/2024,15729
11/15/2024,15540
11/14/2024,15619
11/13/2024,15730
11/12/2024,15897
11/11/2024,16108
11/8/2024,16397
11/7/2024,16587
11/6/2024,16127
11/5/2024,16123
11/4/2024,16007
11/1/2024,15944
10/31/2024,15718
10/30/2024,15816
10/29/2024,15873
10/28/2024,16015
10/25/2024,16167
10/24/2024,16295
10/23/2024,16308
10/22/2024,16316
10/21/2024,16705
10/18/2024,16897
10/17/2024,17005
10/16/2024,17279
10/15/2024,17424
10/14/2024,17670
10/11/2024,17864
10/10/2024,17541
10/9/2024,17371
10/8/2024,17776
10/7/2024,18052
10/4/2024,17992
10/3/2024,17589
10/2/2024,18153
10/1/2024,17711
9/30/2024,17514
9/27/2024,16996
9/26/2024,16745
9/25/2024,16796
9/24/2024,16710
9/23/2024,16544
9/20/2024,16510
9/19/2024,16333
9/18/2024,16233
9/17/2024,16188
9/16/2024,16284
9/13/2024,15944
9/12/2024,16136
9/11/2024,16112
9/10/2024,15741
9/9/2024,15903
9/6/2024,15893
9/5/2024,16078
9/4/2024,16214
9/3/2024,16462
9/2/2024,16625
8/30/2024,16766
8/29/2024,17003
8/28/2024,17019
8/27/2024,17136
8/23/2024,16758
8/22/2024,16603
8/21/2024,16910
8/20/2024,17035
8/19/2024,16666
8/16/2024,16373
8/15/2024,16319
8/14/2024,16276
8/13/2024,16321
8/12/2024,16355
8/9/2024,16150
8/8/2024,16143
8/7/2024,16296
8/6/2024,16385
8/5/2024,16276
8/2/2024,16273
8/1/2024,16282
7/31/2024,16604
7/30/2024,16071
7/29/2024,15837
7/26/2024,15794
7/25/2024,15769
7/24/2024,15827
7/23/2024,16021
7/22/2024,16190
7/19/2024,16256
7/18/2024,16423
7/17/2024,16457
7/16/2024,16594
7/15/2024,16701
7/12/2024,16856
7/11/2024,16809
7/10/2024,16891
7/9/2024,17142
7/8/2024,17473
7/5/2024,17341
7/4/2024,17217
7/3/2024,17323
7/2/2024,17004
7/1/2024,17357
6/28/2024,17291
6/27/2024,17103
6/26/2024,17056
6/25/2024,17167
6/24/2024,17325
6/21/2024,17224
6/20/2024,17424
6/19/2024,17372
6/18/2024,17294
6/17/2024,17467
6/14/2024,17575
6/13/2024,17645
6/12/2024,18061
6/11/2024,17818
6/10/2024,17891
6/7/2024,18031
6/6/2024,18531
6/5/2024,18288
6/4/2024,19068
6/3/2024,19422
5/31/2024,19710
5/30/2024,20063
5/29/2024,20490
5/28/2024,20467
5/24/2024,20250
5/23/2024,20084
5/22/2024,20366
5/21/2024,21304
5/20/2024,21615
5/17/2024,21080
5/16/2024,19797
5/15/2024,19489
5/14/2024,19075
5/13/2024,19230
5/10/2024,18952
5/9/2024,19033
5/8/2024,18885
5/7/2024,19256
5/3/2024,19237
5/2/2024,18648
5/1/2024,18879
4/30/2024,19238
4/29/2024,19148
4/26/2024,19100
4/25/2024,19157
4/24/2024,18945
4/23/2024,19006
4/22/2024,19739
4/19/2024,19326
4/18/2024,18559
4/17/2024,18238
4/16/2024,17726
4/15/2024,17846
4/12/2024,17797
4/11/2024,17811
4/10/2024,18364
4/9/2024,18219
4/8/2024,17848
4/5/2024,17804
4/4/2024,17711
4/3/2024,17339
4/2/2024,17030
3/28/2024,16749
3/27/2024,16620
3/26/2024,16640
3/25/2024,16937
3/22/2024,17242
3/21/2024,17541
3/20/2024,17492
3/19/2024,17395
3/18/2024,17872
3/15/2024,18074
3/14/2024,18077
3/13/2024,18346
3/12/2024,18551
3/11/2024,18377
3/8/2024,18011
3/7/2024,17983
3/6/2024,17717
3/5/2024,17759
3/4/2024,17945
3/1/2024,17662
2/29/2024,17896
2/28/2024,17601
2/27/2024,17460
2/26/2024,17169
2/23/2024,17495
2/22/2024,17392
2/21/2024,16930
2/20/2024,16347
2/19/2024,16349
2/16/2024,16356
2/15/2024,16258
2/14/2024,16346
2/13/2024,16261
2/12/2024,16040
2/9/2024,15921
2/8/2024,16007
2/7/2024,16012
2/6/2024,15927
2/5/2024,16020
2/2/2024,16235
2/1/2024,16230
1/31/2024,16269
1/30/2024,16508
1/29/2024,16439
1/26/2024,16785
1/25/2024,16701
1/24/2024,16648
1/23/2024,16306
1/22/2024,16007
1/19/2024,16036
1/18/2024,16156
1/17/2024,16079
1/16/2024,16150
1/15/2024,16218
1/12/2024,16343
1/11/2024,16420
1/10/2024,16429
1/9/2024,16287
1/8/2024,16303
1/5/2024,16372
1/4/2024,16064
1/3/2024,16409
1/2/2024,16574
12/29/2023,16603
12/28/2023,16734
12/27/2023,16938
12/22/2023,16509
12/21/2023,16888
12/20/2023,16854
12/19/2023,16747
12/18/2023,16502
12/15/2023,17150
12/14/2023,16972
12/13/2023,16468
12/12/2023,16520
12/11/2023,16607
12/8/2023,16806
12/7/2023,16508
12/6/2023,16218
12/5/2023,16143
12/4/2023,16714
12/1/2023,17042
11/30/2023,16645
11/29/2023,17122
11/28/2023,16766
11/27/2023,16079
11/24/2023,16138
11/23/2023,16619
11/22/2023,16435
11/21/2023,16992
11/20/2023,16952
11/17/2023,16904
11/16/2023,17020
11/15/2023,17421
11/14/2023,17487
11/13/2023,17398
11/10/2023,17257
11/9/2023,17813
11/8/2023,18094
11/7/2023,17912
11/6/2023,18445
11/3/2023,18223
11/2/2023,17979
11/1/2023,18014
10/31/2023,18130
10/30/2023,18489
10/27/2023,18374
10/26/2023,18079
10/25/2023,18317
10/24/2023,18274
10/23/2023,18177
10/20/2023,18588
10/19/2023,18520
10/18/2023,18655
10/17/2023,18593
10/16/2023,18602
10/13/2023,18546
10/12/2023,18728
10/11/2023,18371
10/10/2023,18682
10/9/2023,18939
10/6/2023,18582
10/5/2023,18490
10/4/2023,18723
10/3/2023,18728
10/2/2023,18749
9/29/2023,18694
9/28/2023,18887
9/27/2023,19003
9/26/2023,18877
9/25/2023,19120
9/22/2023,19418
9/21/2023,19123
9/20/2023,19593
9/19/2023,19919
9/18/2023,19877
9/15/2023,19924
9/14/2023,20343
9/13/2023,20069
9/12/2023,19923
9/11/2023,20485
9/8/2023,20052
9/7/2023,20482
9/6/2023,20593
9/5/2023,21039
9/4/2023,21040
9/1/2023,21085
8/31/2023,20289
8/30/2023,20631
8/29/2023,20683
8/25/2023,20795
8/24/2023,20829
8/23/2023,20956
8/22/2023,20504
8/21/2023,20119
8/18/2023,20131
8/17/2023,20277
8/16/2023,19804
8/15/2023,19780
8/14/2023,20093
8/11/2023,20241
8/10/2023,20441
8/9/2023,20554
8/8/2023,20841
8/7/2023,21102
8/4/2023,21310
8/3/2023,21607
8/2/2023,21560
8/1/2023,22358
7/31/2023,22293
7/28/2023,22307
7/27/2023,21689
7/26/2023,21590
7/25/2023,22450
7/24/2023,21428
7/21/2023,20769
7/20/2023,21280
7/19/2023,20907
7/18/2023,21084
7/17/2023,21054
7/14/2023,21630
7/13/2023,21294
7/12/2023,21685
7/11/2023,20704
7/10/2023,21014
7/7/2023,20804
7/6/2023,21209
7/5/2023,21207
7/4/2023,20508
7/3/2023,20580
6/30/2023,20516
6/29/2023,20634
6/28/2023,20056
6/27/2023,20789
6/26/2023,20305
6/23/2023,21311
6/22/2023,21182
6/21/2023,21238
6/20/2023,22039
6/19/2023,22503
6/16/2023,23034
6/15/2023,22993
6/14/2023,22720
6/13/2023,21952
6/12/2023,20755
6/9/2023,21170
6/8/2023,21132
6/7/2023,21417
6/6/2023,20968
6/5/2023,20898
6/2/2023,21211
6/1/2023,21318
5/31/2023,20588
5/30/2023,21027
5/26/2023,21162
5/25/2023,21228
5/24/2023,20732
5/23/2023,21047
5/22/2023,21413
5/19/2023,21278
5/18/2023,20934
5/17/2023,21334
5/16/2023,21122
5/15/2023,21622
5/12/2023,22217
5/11/2023,21780
5/10/2023,22531
5/9/2023,23507
5/5/2023,24531
5/4/2023,23997
5/3/2023,24743
5/2/2023,24965
4/28/2023,24219
4/27/2023,24099
4/26/2023,23646
4/25/2023,23341
4/24/2023,24582
4/21/2023,24477
4/20/2023,25061
4/19/2023,25551
4/18/2023,25633
4/17/2023,24701
4/14/2023,24132
4/13/2023,23698
4/12/2023,23579
4/11/2023,23472
4/6/2023,22800
4/5/2023,22706
4/4/2023,23124
4/3/2023,23372
3/31/2023,23838
3/30/2023,23199
3/29/2023,23743
3/28/2023,24074
3/27/2023,23843
3/24/2023,23468
3/23/2023,22517
3/22/2023,22461
3/21/2023,22514
3/20/2023,22797
3/17/2023,23364
3/16/2023,23236
3/15/2023,23003
3/14/2023,23040
3/13/2023,23123
3/10/2023,22684
3/9/2023,23269
3/8/2023,23974
3/7/2023,24145
3/6/2023,24430
3/3/2023,24597
3/2/2023,24395
3/1/2023,24890
2/28/2023,24794
2/27/2023,25505
2/24/2023,24554
2/23/2023,25387
2/22/2023,26431
2/21/2023,27105
2/20/2023,26932
2/17/2023,25793
2/16/2023,26489
2/15/2023,26143
2/14/2023,26459
2/13/2023,26627
2/10/2023,27794
2/9/2023,29142
2/8/2023,27390
2/7/2023,27248
2/6/2023,27258
2/3/2023,28612
2/2/2023,29790
2/1/2023,29296
1/31/2023,30344
1/30/2023,29219
1/27/2023,28902
1/26/2023,29427
1/25/2023,29182
1/24/2023,28782
1/23/2023,28110
1/20/2023,28771
1/19/2023,29346
1/18/2023,27844
1/17/2023,26690
1/16/2023,27217
1/13/2023,26795
1/12/2023,27013
1/11/2023,27039
1/10/2023,27466
1/9/2023,27434
1/6/2023,28079
1/5/2023,27748
1/4/2023,29768
1/3/2023,31118
12/30/2022,30048
12/29/2022,30259
12/28/2022,30431
12/23/2022,29547
12/22/2022,29240
12/21/2022,29591
12/20/2022,28334
12/19/2022,27215
12/16/2022,28273
12/15/2022,28311
12/14/2022,28365
12/13/2022,28287
12/12/2022,29518
12/9/2022,29433
12/8/2022,29725
12/7/2022,31441
12/6/2022,29271
12/5/2022,28680
12/2/2022,28862
12/1/2022,27601
11/30/2022,26987
11/29/2022,26861
11/28/2022,25639
11/25/2022,25416
11/24/2022,26100
11/23/2022,26293
11/22/2022,26022
11/21/2022,24983
11/18/2022,25385
11/17/2022,25064
11/16/2022,27532
11/15/2022,30254
11/14/2022,28840
11/11/2022,26925
11/10/2022,25949
11/9/2022,24688
11/8/2022,24012
11/7/2022,23395
11/4/2022,23811
11/3/2022,22803
11/2/2022,24145
11/1/2022,23600
10/31/2022,21809
10/28/2022,22134
10/27/2022,22384
10/26/2022,22670
10/25/2022,22322
10/24/2022,22248
10/21/2022,21949
10/20/2022,22196
10/19/2022,21945
10/18/2022,21876
10/17/2022,21541
10/14/2022,21777
10/13/2022,22427
10/12/2022,22292
10/11/2022,22079
10/10/2022,22412
10/7/2022,22487
10/6/2022,22782
10/5/2022,22588
10/4/2022,22055
10/3/2022,21258
9/30/2022,21107
9/29/2022,22348
9/28/2022,21805
9/27/2022,21858
9/26/2022,22206
9/23/2022,23411
9/22/2022,24562
9/21/2022,24949
9/20/2022,24964
9/19/2022,24594
9/16/2022,24249
9/15/2022,23127
9/14/2022,24217
9/13/2022,24281
9/12/2022,24577
9/9/2022,22994
9/8/2022,21753
9/7/2022,21580
9/6/2022,21574
9/5/2022,21458
9/2/2022,20529
9/1/2022,20311
8/31/2022,21411
8/30/2022,21369
8/26/2022,21633
8/25/2022,21677
8/24/2022,21354
8/23/2022,21745
8/22/2022,22343
8/19/2022,22258
8/18/2022,21780
8/17/2022,21885
8/16/2022,22235
8/15/2022,22013
8/12/2022,23036
8/11/2022,23659
8/10/2022,22490
8/9/2022,21561
8/8/2022,21685
8/5/2022,22216
8/4/2022,22210
8/3/2022,22332
8/2/2022,22492
8/1/2022,23575
7/29/2022,23619
7/28/2022,21935
7/27/2022,21813
7/26/2022,21571
7/25/2022,22228
7/22/2022,22122
7/21/2022,21478
7/20/2022,21179
7/19/2022,20596
7/18/2022,20652
7/15/2022,19385
7/14/2022,19402
7/13/2022,21150
7/12/2022,21374
7/11/2022,21839
7/8/2022,21581
7/7/2022,21535
7/6/2022,21849
7/5/2022,22652
7/4/2022,22499
7/1/2022,21824
6/30/2022,22698
6/29/2022,23773
6/28/2022,23158
6/27/2022,22882
6/24/2022,22400
6/23/2022,24038
6/22/2022,24449
6/21/2022,25949
6/20/2022,25738
6/17/2022,25669
6/16/2022,25259
6/15/2022,25857
6/14/2022,25259
6/13/2022,25929
6/10/2022,27264
6/9/2022,28023
6/8/2022,28855
6/7/2022,29481
6/6/2022,29701
6/1/2022,28119
5/31/2022,28392
5/30/2022,29279
5/27/2022,28284
5/26/2022,27198
5/25/2022,26788
5/24/2022,26550
5/23/2022,27732
5/20/2022,27973
5/19/2022,28231
5/18/2022,26159
5/17/2022,26406
5/16/2022,26549
5/13/2022,27262
5/12/2022,27810
5/11/2022,27806
5/10/2022,28414
5/9/2022,28185
5/6/2022,30076
5/5/2022,30114
5/4/2022,30638
5/3/2022,30975
4/29/2022,31771
4/28/2022,32977
4/27/2022,33300
4/26/2022,33076
4/25/2022,32636
4/22/2022,33107
4/21/2022,33911
4/20/2022,33505
4/19/2022,33768
4/14/2022,33175
4/13/2022,32981
4/12/2022,32488
4/11/2022,32483
4/8/2022,33855
4/7/2022,33698
4/6/2022,33467
4/5/2022,33312
4/4/2022,33245
4/1/2022,33223
3/31/2022,32107
3/30/2022,32893
3/29/2022,31803
3/28/2022,32725
3/25/2022,35491
3/24/2022,37235
3/23/2022,32380
3/22/2022,28159
3/21/2022,31380
3/18/2022,36915
3/17/2022,41945
3/16/2022,45590
3/7/2022,48078
3/4/2022,28919
3/3/2022,26897
3/2/2022,25879
3/1/2022,25103
2/28/2022,24282
2/25/2022,24361
2/24/2022,24716
2/23/2022,24396
2/22/2022,24558
2/21/2022,24349
2/18/2022,24144
2/17/2022,23886
2/16/2022,23406
2/15/2022,23292
2/14/2022,23170
2/11/2022,23051
2/10/2022,23526
2/9/2022,23187
2/8/2022,22692
2/7/2022,23398
2/4/2022,22991
2/3/2022,22866
2/2/2022,22866
2/1/2022,22764
1/31/2022,22328
1/28/2022,22332
1/27/2022,22398
1/26/2022,22695
1/25/2022,22340
1/24/2022,22404
1/21/2022,24028
1/20/2022,23795
1/19/2022,23154
1/18/2022,22073
1/17/2022,22063
1/14/2022,22194
1/13/2022,22176
1/12/2022,22064
1/11/2022,21794
1/10/2022,20799
1/7/2022,20734
1/6/2022,20383
1/5/2022,20638
1/4/2022,21137
12/31/2021,20757
12/30/2021,20587
12/29/2021,20383
12/24/2021,20045
12/23/2021,20021
12/22/2021,19951
12/21/2021,19615
12/20/2021,19340
12/17/2021,19648
12/16/2021,19624
12/15/2021,19116
12/14/2021,19485
12/13/2021,19711
12/10/2021,19746
12/9/2021,19875
12/8/2021,20230
12/7/2021,20189
12/6/2021,19820
12/3/2021,20030
12/2/2021,19953
12/1/2021,19946
11/30/2021,19897
11/29/2021,20141
11/26/2021,19897
11/25/2021,20667
11/24/2021,20846
11/23/2021,20349
11/22/2021,20336
11/19/2021,20044
11/18/2021,19639
11/17/2021,19355
11/16/2021,19394
11/15/2021,19594
11/12/2021,19979
11/11/2021,19759
11/10/2021,19754
11/9/2021,19401
11/8/2021,19640
11/5/2021,19434
11/4/2021,19141
11/3/2021,19162
11/2/2021,19601
11/1/2021,19702
10/29/2021,19448
10/28/2021,19574
10/27/2021,19412
10/26/2021,20091
10/25/2021,20306
10/22/2021,19739
10/21/2021,19930
10/20/2021,20963
10/19/2021,20050
10/18/2021,19997
10/15/2021,20020
10/14/2021,19294
10/13/2021,18918
10/12/2021,18978
10/11/2021,19119
10/8/2021,19221
10/7/2021,18264
10/6/2021,18072
10/5/2021,18121
10/4/2021,17924
10/1/2021,17971
9/30/2021,17936
9/29/2021,18342
9/28/2021,18564
9/27/2021,18946
9/24/2021,19387
9/23/2021,19351
9/22/2021,19221
9/21/2021,18830
9/20/2021,19056
9/17/2021,19358
9/16/2021,19401
9/15/2021,20016
9/14/2021,19623
9/13/2021,19726
9/10/2021,20392
9/9/2021,20190
9/8/2021,19713
9/7/2021,19506
9/6/2021,19654
9/3/2021,19789
9/2/2021,19464
9/1/2021,19332
8/31/2021,19547
8/27/2021,19011
8/26/2021,18772
8/25/2021,19170
8/24/2021,19074
8/23/2021,18893
8/20/2021,18463
8/19/2021,18385
8/18/2021,18887
8/17/2021,19193
8/16/2021,19510
8/13/2021,19656
8/12/2021,19678
8/11/2021,19368
8/10/2021,18952
8/9/2021,18620
8/6/2021,19214
8/5/2021,19472
8/4/2021,19243
8/3/2021,19388
8/2/2021,19516
7/30/2021,19552
7/29/2021,19835
7/28/2021,19543
7/27/2021,19357
7/26/2021,19717
7/23/2021,19372
7/22/2021,18922
7/21/2021,18580
7/20/2021,18684
7/19/2021,18462
7/16/2021,19070
7/15/2021,18768
7/14/2021,18581
7/13/2021,18778
7/12/2021,18679
7/9/2021,18747
7/8/2021,18334
7/7/2021,18310
7/6/2021,17994
7/5/2021,18412
7/2/2021,18342
7/1/2021,18105
6/30/2021,18214
6/29/2021,18358
6/28/2021,18299
6/25/2021,18523
6/24/2021,18407
6/23/2021,18064
6/22/2021,17744
6/21/2021,17450
6/18/2021,17154
6/17/2021,17174
6/16/2021,17649
6/15/2021,17739
6/14/2021,18480
6/11/2021,18227
6/10/2021,18283
6/9/2021,18136
6/8/2021,17942
6/7/2021,17892
6/4/2021,18020
6/3/2021,17891
6/2/2021,18236
6/1/2021,18130
5/28/2021,18113
5/27/2021,17898
5/26/2021,17288
5/25/2021,17040
5/24/2021,17118
5/21/2021,16791
5/20/2021,17148
5/19/2021,17322
5/18/2021,17968
5/17/2021,17911
5/14/2021,17544
5/13/2021,17323
5/12/2021,17797
5/11/2021,17936
5/10/2021,17762
5/7/2021,18082
5/6/2021,17937
5/5/2021,17896
5/4/2021,17669
4/30/2021,17674
4/29/2021,17257
4/28/2021,17429
4/27/2021,16963
4/26/2021,16666
4/23/2021,16395
4/22/2021,16063
4/21/2021,16199
4/20/2021,16038
4/19/2021,16121
4/16/2021,16363
4/15/2021,16364
4/14/2021,16378
4/13/2021,16161
4/12/2021,16134
4/9/2021,16628
4/8/2021,16828
4/7/2021,16636
4/6/2021,16740
4/1/2021,16214
3/31/2021,16068
3/30/2021,15948
3/29/2021,16216
3/26/2021,16389
3/25/2021,16152
3/24/2021,16190
3/23/2021,16149
3/22/2021,16463
3/19/2021,16299
3/18/2021,16036
3/17/2021,16071
3/16/2021,16151
3/15/2021,16214
3/12/2021,16013
3/11/2021,16239
3/10/2021,16050
3/9/2021,16082
3/8/2021,16340
3/5/2021,16425
3/4/2021,16133
3/3/2021,17417
3/2/2021,18672
3/1/2021,18682
2/26/2021,18577
2/25/2021,19202
2/24/2021,19709
2/23/2021,19352
2/22/2021,19493
2/19/2021,19588
2/18/2021,19148
2/17/2021,18760
2/16/2021,18814
2/15/2021,18623
2/12/2021,18569
2/11/2021,18620
2/10/2021,18666
2/9/2021,18370
2/8/2021,18167
2/5/2021,18029
2/4/2021,17646
2/3/2021,17645
2/2/2021,17697
2/1/2021,17860
1/29/2021,17691
1/28/2021,17800
1/27/2021,17916
1/26/2021,18057
1/25/2021,18250
1/22/2021,18269
1/21/2021,18395
1/20/2021,18222
1/19/2021,18215
1/18/2021,18056
1/15/2021,18007
1/14/2021,18281
1/13/2021,17678
1/12/2021,17668
1/11/2021,17086
1/8/2021,17667
1/7/2021,18109
1/6/2021,17773
1/5/2021,17682
1/4/2021,17404
12/31/2020,16613
12/30/2020,16779
12/29/2020,16930
12/24/2020,16993
12/23/2020,16874
12/22/2020,16614
12/21/2020,17267
12/18/2020,17484
12/17/2020,17517
12/16/2020,17411
12/15/2020,17577
12/14/2020,17590
12/11/2020,17284
12/10/2020,17430
12/9/2020,16703
12/8/2020,16398
12/7/2020,16373
12/4/2020,16399
12/3/2020,15954
12/2/2020,16000
12/1/2020,16278
11/30/2020,16033
11/27/2020,16455
11/26/2020,16272
11/25/2020,16058
11/24/2020,16242
11/23/2020,15935
11/20/2020,16151
11/19/2020,15834
11/18/2020,15809
11/17/2020,15939
11/16/2020,15894
11/13/2020,15892
11/12/2020,15936
11/11/2020,15971
11/10/2020,15903
11/9/2020,15754
11/6/2020,15362
11/5/2020,15561
11/4/2020,15346
11/3/2020,15363
11/2/2020,15160
10/30/2020,15156
10/29/2020,15532
10/28/2020,15733
10/27/2020,15906
10/26/2020,15657
10/23/2020,15712
10/22/2020,15817
10/21/2020,15886
10/20/2020,16023
10/19/2020,15684
10/16/2020,15652
10/15/2020,15422
10/14/2020,15341
10/13/2020,15040
10/12/2020,15162
10/9/2020,15221
10/8/2020,14662
10/7/2020,14604
10/6/2020,14520
10/5/2020,14644
10/2/2020,14418
10/1/2020,14343
9/30/2020,14517
9/29/2020,14456
9/28/2020,14504
9/25/2020,14264
9/24/2020,14262
9/23/2020,14431
9/22/2020,14606
9/21/2020,14541
9/18/2020,14904
9/17/2020,15084
9/16/2020,15226
9/15/2020,15198
9/14/2020,15274
9/11/2020,15094
9/10/2020,14832
9/9/2020,14921
9/8/2020,14888
9/7/2020,15186
9/4/2020,15293
9/3/2020,15095
9/2/2020,15706
9/1/2020,15534
8/28/2020,15367
8/27/2020,15191
8/26/2020,15159
8/25/2020,14976
8/24/2020,14926
8/21/2020,14691
8/20/2020,14647
8/19/2020,14725
8/18/2020,14675
8/17/2020,14599
8/14/2020,14366
8/13/2020,14101
8/12/2020,14258
8/11/2020,14350
8/10/2020,14286
8/7/2020,14380
8/6/2020,14478
8/5/2020,14419
8/4/2020,14113
8/3/2020,13945
7/31/2020,13786
7/30/2020,13726
7/29/2020,13876
7/28/2020,13660
7/27/2020,13719
7/24/2020,13656
7/23/2020,13689
7/22/2020,13136
7/21/2020,13466
7/20/2020,13236
7/17/2020,13220
7/16/2020,13459
7/15/2020,13528
7/14/2020,13585
7/13/2020,13711
7/10/2020,13515
7/9/2020,13249
7/8/2020,13493
7/7/2020,13469
7/6/2020,13336
7/3/2020,12996
7/2/2020,12947
7/1/2020,12847
6/30/2020,12805
6/29/2020,12806
6/26/2020,12684
6/25/2020,12440
6/24/2020,12547
6/23/2020,12721
6/22/2020,12647
6/19/2020,12769
6/18/2020,12894
6/17/2020,12871
6/16/2020,13024
6/15/2020,12741
6/12/2020,12665
6/11/2020,12656
6/10/2020,13007
6/9/2020,12913
6/8/2020,13064
6/5/2020,12991
6/4/2020,12773
6/3/2020,12867
6/2/2020,12853
6/1/2020,12626
5/29/2020,12324
5/28/2020,12246
5/27/2020,12116
5/26/2020,12341
5/22/2020,12250
5/21/2020,12778
5/20/2020,12667
5/19/2020,12453
5/18/2020,12250
5/15/2020,11855
5/14/2020,12072
5/13/2020,12254
5/12/2020,12324
5/11/2020,12354
5/7/2020,12330
5/6/2020,12303
5/5/2020,12002
5/4/2020,11812
5/1/2020,11955
4/30/2020,12192
4/29/2020,12315
4/28/2020,12294
4/27/2020,12244
4/24/2020,12246
4/23/2020,12169
4/22/2020,12015
4/21/2020,12197
4/20/2020,12514
4/17/2020,12042
4/16/2020,11764
4/15/2020,11773
4/14/2020,11889
4/9/2020,11672
4/8/2020,11507
4/7/2020,11471
4/6/2020,11289
4/3/2020,11239
4/2/2020,11313
4/1/2020,11261
3/31/2020,11484
3/30/2020,11320
3/27/2020,11355
3/26/2020,11211
3/25/2020,11289
3/24/2020,11258
3/23/2020,10880
3/20/2020,11225
3/19/2020,11250
3/18/2020,11395
3/17/2020,11780
3/16/2020,11935
3/13/2020,12320
3/12/2020,11830
3/11/2020,12420
3/10/2020,12680
3/9/2020,12650
3/6/2020,12840
3/5/2020,12890
3/4/2020,12680
3/3/2020,12685
3/2/2020,12700
2/28/2020,12255
2/27/2020,12375
2/26/2020,12550
2/25/2020,12450
2/24/2020,12430
2/21/2020,12530
2/20/2020,12670
2/19/2020,12830
2/18/2020,12820
2/17/2020,13110
2/14/2020,13015
2/13/2020,13285
2/12/2020,13100
2/11/2020,13110
2/10/2020,12885
2/7/2020,12770
2/6/2020,13060
2/5/2020,13160
2/4/2020,12830
2/3/2020,12725
1/31/2020,12850
1/30/2020,12620
1/29/2020,12550
1/28/2020,12550
1/27/2020,12615
1/24/2020,12950
1/23/2020,13350
1/22/2020,13640
1/21/2020,13665
1/20/2020,14020
1/17/2020,13910
1/16/2020,13775
1/15/2020,14340
1/14/2020,13870
1/13/2020,14095
1/10/2020,14190
1/9/2020,14085
1/8/2020,14050
1/7/2020,13935
1/6/2020,13820
1/3/2020,13755
1/2/2020,14260
12/31/2019,14025
12/30/2019,14315
12/27/2019,14210
12/24/2019,14340
12/23/2019,14350
12/20/2019,14525
12/19/2019,14170
12/18/2019,13870
12/17/2019,13960
12/16/2019,14200
12/13/2019,14170
12/12/2019,14100
12/11/2019,13850
12/10/2019,13405
12/9/2019,13340
12/6/2019,13475
12/5/2019,13275
12/4/2019,13120
12/3/2019,13375
12/2/2019,13715
11/29/2019,13670
11/28/2019,14010
11/27/2019,14380
11/26/2019,14595
11/25/2019,14480
11/22/2019,14635
11/21/2019,14485
11/20/2019,14360
11/19/2019,14690
11/18/2019,14845
11/15/2019,14975
11/14/2019,15150
11/13/2019,15380
11/12/2019,15660
11/11/2019,15565
11/8/2019,16190
11/7/2019,16200
11/6/2019,16245
11/5/2019,16280
11/4/2019,16380
11/1/2019,16775
10/31/2019,16645
10/30/2019,16780
10/29/2019,16830
10/28/2019,16640
10/25/2019,16775
10/24/2019,16860
10/23/2019,16590
10/22/2019,16500
10/21/2019,16100
10/18/2019,16230
10/17/2019,16270
10/16/2019,16450
10/15/2019,16995
10/14/2019,16550
10/11/2019,17550
10/10/2019,17625
10/9/2019,17360
10/8/2019,17570
10/7/2019,17725
10/4/2019,17790
10/3/2019,17625
10/2/2019,17485
10/1/2019,17220
9/30/2019,17050
9/27/2019,17205
9/26/2019,17210
9/25/2019,17325
9/24/2019,17180
9/23/2019,17470
9/20/2019,17455
9/19/2019,17280
9/18/2019,17200
9/17/2019,17045
9/16/2019,17370
9/13/2019,17750
9/12/2019,17990
9/11/2019,17850
9/10/2019,18045
9/9/2019,18050
9/6/2019,17685
9/5/2019,17500
9/4/2019,18000
9/3/2019,17985
9/2/2019,18060
8/30/2019,17900
8/29/2019,16450
8/28/2019,16085
8/27/2019,15700
8/23/2019,15660
8/22/2019,15660
8/21/2019,15825
8/20/2019,15860
8/19/2019,15920
8/16/2019,16200
8/15/2019,16250
8/14/2019,15970
8/13/2019,15925
8/12/2019,15710
8/9/2019,15550
8/8/2019,15880
8/7/2019,14810
8/6/2019,14945
8/5/2019,14880
8/2/2019,14450
8/1/2019,14595
7/31/2019,14490
7/30/2019,14360
7/29/2019,14350
7/26/2019,14100
7/25/2019,14075
7/24/2019,14550
7/23/2019,14170
7/22/2019,14300
7/19/2019,14730
7/18/2019,14860
7/17/2019,14450
7/16/2019,14070
7/15/2019,13665
7/12/2019,13470
7/11/2019,13130
7/10/2019,12990
7/9/2019,12700
7/8/2019,12720
7/5/2019,12480
7/4/2019,12340
7/3/2019,12350
7/2/2019,12095
7/1/2019,12350
6/28/2019,12690
6/27/2019,12710
6/26/2019,12490
6/25/2019,12300
6/24/2019,12140
6/21/2019,12090
6/20/2019,12300
6/19/2019,12090
6/18/2019,11950
6/17/2019,11769
6/14/2019,11864
6/13/2019,11836
6/12/2019,11841
6/11/2019,11885
6/10/2019,11646
6/7/2019,11617
6/6/2019,11666
6/5/2019,11721
6/4/2019,11811
6/3/2019,11878
5/31/2019,12017
5/30/2019,12171
5/29/2019,12050
5/28/2019,12128
5/24/2019,12355
5/23/2019,11895
5/22/2019,11981
5/21/2019,12071
5/20/2019,11975
5/17/2019,12013
5/16/2019,12176
5/15/2019,12149
5/14/2019,11920
5/13/2019,11786
5/10/2019,11921
5/9/2019,11778
5/8/2019,11944
5/7/2019,12039
5/3/2019,12179
5/2/2019,12124
5/1/2019,12159
4/30/2019,12201
4/29/2019,12410
4/26/2019,12424
4/25/2019,12325
4/24/2019,12407
4/23/2019,12391
4/18/2019,12672
4/17/2019,12893
4/16/2019,12953
4/15/2019,12991
4/12/2019,13022
4/11/2019,12976
4/10/2019,13221
4/9/2019,13196
4/8/2019,13182
4/5/2019,13071
4/4/2019,13160
4/3/2019,13329
4/2/2019,13141
4/1/2019,13107
3/29/2019,12984
3/28/2019,12887
3/27/2019,13064
3/26/2019,13080
3/25/2019,12966
3/22/2019,12995
3/21/2019,12996
3/20/2019,13218
3/19/2019,13149
3/18/2019,13023
3/15/2019,12930
3/14/2019,12890
3/13/2019,13210
3/12/2019,13105
3/11/2019,12900
3/8/2019,13090
3/7/2019,13235
3/6/2019,13585
3/5/2019,13650
3/4/2019,13255
3/1/2019,13195
2/28/2019,13050
2/27/2019,13055
2/26/2019,12960
2/25/2019,12975
2/22/2019,12990
2/21/2019,12850
2/20/2019,12905
2/19/2019,12660
2/18/2019,12455
2/15/2019,12400
2/14/2019,12200
2/13/2019,12405
2/12/2019,12410
2/11/2019,12490
2/8/2019,12570
2/7/2019,12985
2/6/2019,12925
2/5/2019,13040
2/4/2019,13260
2/1/2019,12660
1/31/2019,12480
1/30/2019,12350
1/29/2019,12120
1/28/2019,11825
1/25/2019,11965
1/24/2019,11770
1/23/2019,11700
1/22/2019,11585
1/21/2019,11800
1/18/2019,11820
1/17/2019,11590
1/16/2019,11630
1/15/2019,11670
1/14/2019,11390
1/11/2019,11460
1/10/2019,11250
1/9/2019,11250
1/8/2019,11180
1/7/2019,11155
1/4/2019,11110
1/3/2019,10875
1/2/2019,10875
12/31/2018,10690
12/28/2018,10730
12/27/2018,10765
12/24/2018,10890
12/21/2018,10875
12/20/2018,10910
12/19/2018,10950
12/18/2018,10835
12/17/2018,10985
12/14/2018,11080
12/13/2018,10850
12/12/2018,10795
12/11/2018,10770
12/10/2018,10800
12/7/2018,10910
12/6/2018,10850
12/5/2018,11225
12/4/2018,11150
12/3/2018,11250
11/30/2018,11200
11/29/2018,11055
11/28/2018,10800
11/27/2018,10775
11/26/2018,10875
11/23/2018,10915
11/22/2018,10970
11/21/2018,11020
11/20/2018,11095
11/19/2018,11180
11/16/2018,11360
11/15/2018,11260
11/14/2018,11310
11/13/2018,11345
11/12/2018,11400
11/9/2018,11470
11/8/2018,11780
11/7/2018,11820
11/6/2018,11775
11/5/2018,11750
11/2/2018,11930
11/1/2018,11785
10/31/2018,11500
10/30/2018,11765
10/29/2018,11755
10/26/2018,11900
10/25/2018,12150
10/24/2018,12225
10/23/2018,12375
10/22/2018,12530
10/19/2018,12450
10/18/2018,12350
10/17/2018,12375
10/16/2018,12595
10/15/2018,12615
10/12/2018,12655
10/11/2018,12675
10/10/2018,12680
10/9/2018,13010
10/8/2018,12575
10/5/2018,12620
10/4/2018,12490
10/3/2018,12770
10/2/2018,12515
10/1/2018,12505
9/28/2018,12600
9/27/2018,12560
9/26/2018,12820
9/25/2018,12950
9/24/2018,12955
9/21/2018,13250
9/20/2018,12625
9/19/2018,12510
9/18/2018,12400
9/17/2018,12240
9/14/2018,12655
9/13/2018,12605
9/12/2018,12620
9/11/2018,12230
9/10/2018,12410
9/7/2018,12355
9/6/2018,12445
9/5/2018,12440
9/4/2018,12470
9/3/2018,12790
8/31/2018,12800
8/30/2018,13285
8/29/2018,13500
8/28/2018,13675
8/24/2018,13415
8/23/2018,13275
8/22/2018,13525
8/21/2018,13560
8/20/2018,13560
8/17/2018,13480
8/16/2018,13325
8/15/2018,12850
8/14/2018,13425
8/13/2018,13555
8/10/2018,13820
8/9/2018,13885
8/8/2018,14050
8/7/2018,13850
8/6/2018,13685
8/3/2018,13550
8/2/2018,13330
8/1/2018,13590
7/31/2018,14030
7/30/2018,13860
7/27/2018,13860
7/26/2018,13775
7/25/2018,13680
7/24/2018,13600
7/23/2018,13400
7/20/2018,13530
7/19/2018,13340
7/18/2018,13615
7/17/2018,13490
7/16/2018,13670
7/13/2018,13975
7/12/2018,14195
7/11/2018,13880
7/10/2018,14155
7/9/2018,14065
7/6/2018,13945
7/5/2018,14195
7/4/2018,14145
7/3/2018,14445
7/2/2018,14550
6/29/2018,14900
6/28/2018,14785
6/27/2018,14880
6/26/2018,14785
6/25/2018,14730
6/22/2018,15265
6/21/2018,14990
6/20/2018,14975
6/19/2018,14655
6/18/2018,14975
6/15/2018,15185
6/14/2018,15285
6/13/2018,15625
6/12/2018,15210
6/11/2018,15290
6/8/2018,15420
6/7/2018,15520
6/6/2018,15635
6/5/2018,15750
6/4/2018,15485
6/1/2018,15445
5/31/2018,15220
5/30/2018,15130
5/29/2018,14905
5/25/2018,14780
5/24/2018,14900
5/23/2018,14650
5/22/2018,14780
5/21/2018,14675
5/18/2018,14750
5/17/2018,14595
5/16/2018,14475
5/15/2018,14425
5/14/2018,14500
5/11/2018,14055
5/10/2018,13880
5/9/2018,13925
5/8/2018,13885
5/4/2018,14025
5/3/2018,13775
5/2/2018,13980
5/1/2018,13650
4/30/2018,13650
4/27/2018,13885
4/26/2018,14235
4/25/2018,14145
4/24/2018,13985
4/23/2018,14265
4/20/2018,14830
4/19/2018,15075
4/18/2018,15275
4/17/2018,14215
4/16/2018,14335
4/13/2018,13940
4/12/2018,13715
4/11/2018,13865
4/10/2018,13695
4/9/2018,13435
4/6/2018,13270
4/5/2018,13325
4/4/2018,13150
4/3/2018,13465
3/29/2018,13300
3/28/2018,13130
3/27/2018,13000
3/26/2018,12955
3/23/2018,12950
3/22/2018,13190
3/21/2018,13460
3/20/2018,13455
3/19/2018,13480
3/16/2018,13625
3/15/2018,13630
3/14/2018,13835
3/13/2018,13875
3/12/2018,13675
3/9/2018,13860
3/8/2018,13270
3/7/2018,13590
3/6/2018,13680
3/5/2018,13430
3/2/2018,13450
3/1/2018,13460
2/28/2018,13790
2/27/2018,13845
2/26/2018,13925
2/23/2018,13765
2/22/2018,13830
2/21/2018,13845
2/20/2018,13610
2/19/2018,13590
2/16/2018,13920
2/15/2018,14150
2/14/2018,14100
2/13/2018,13450
2/12/2018,13100
2/9/2018,12970
2/8/2018,13140
2/7/2018,13175
2/6/2018,13385
2/5/2018,13745
2/2/2018,13435
2/1/2018,14000
1/31/2018,13600
1/30/2018,13350
1/29/2018,13805
1/26/2018,13650
1/25/2018,13685
1/24/2018,13575
1/23/2018,12850
1/22/2018,12760
1/19/2018,12720
1/18/2018,12470
1/17/2018,12410
1/16/2018,12545
1/15/2018,12860
1/12/2018,12725
1/11/2018,12620
1/10/2018,12935
1/9/2018,12695
1/8/2018,12535
1/5/2018,12525
1/4/2018,12650
1/3/2018,12415
1/2/2018,12620
12/29/2017,12760
12/28/2017,12350
12/27/2017,12110
12/22/2017,12130
12/21/2017,12070
12/20/2017,12040
12/19/2017,11755
12/18/2017,11830
12/15/2017,11580
12/14/2017,11155
12/13/2017,11095
12/12/2017,11070
12/11/2017,11240
12/8/2017,10950
12/7/2017,11040
12/6/2017,10805
12/5/2017,10865
12/4/2017,11385
12/1/2017,11290
11/30/2017,11110
11/29/2017,11520
11/28/2017,11350
11/27/2017,11570
11/24/2017,12035
11/23/2017,11930
11/22/2017,11840
11/21/2017,11870
11/20/2017,11660
11/17/2017,11575
11/16/2017,11350
11/15/2017,11690
11/14/2017,11780
11/13/2017,12490
11/10/2017,12110
11/9/2017,12300
11/8/2017,12700
11/7/2017,12655
11/6/2017,12920
11/3/2017,12725
11/2/2017,12605
11/1/2017,12725
10/31/2017,12295
10/30/2017,11675
10/27/2017,11580
10/26/2017,11750
10/25/2017,11865
10/24/2017,11995
10/23/2017,11860
10/20/2017,11735
10/19/2017,11740
10/18/2017,11650
10/17/2017,11765
10/16/2017,11865
10/13/2017,11720
10/12/2017,11395
10/11/2017,11135
10/10/2017,11055
10/9/2017,11015
10/6/2017,10600
10/5/2017,10535
10/4/2017,10615
10/3/2017,10620
10/2/2017,10390
9/29/2017,10500
9/28/2017,10440
9/27/2017,10240
9/26/2017,10480
9/25/2017,10580
9/22/2017,10420
9/21/2017,11005
9/20/2017,11380
9/19/2017,11140
9/18/2017,11235
9/15/2017,11090
9/14/2017,11200
9/13/2017,11360
9/12/2017,11990
9/11/2017,11765
9/8/2017,11590
9/7/2017,12150
9/6/2017,12165
9/5/2017,12080
9/4/2017,12250
9/1/2017,12035
8/31/2017,11800
8/30/2017,11585
8/29/2017,11710
8/25/2017,11485
8/24/2017,11745
8/23/2017,11660
8/22/2017,11415
8/21/2017,11315
8/18/2017,10980
8/17/2017,10725
8/16/2017,10760
8/15/2017,10350
8/14/2017,10450
8/11/2017,10660
8/10/2017,10985
8/9/2017,10760
8/8/2017,10630
8/7/2017,10400
8/4/2017,10250
8/3/2017,10380
8/2/2017,10350
8/1/2017,10290
7/31/2017,10215
7/28/2017,10200
7/27/2017,10130
7/26/2017,10040
7/25/2017,10005
7/24/2017,9780
7/21/2017,9520
7/20/2017,9495
7/19/2017,9650
7/18/2017,9780
7/17/2017,9600
7/14/2017,9575
7/13/2017,9210
7/12/2017,9205
7/11/2017,9130
7/10/2017,9000
7/7/2017,8920
7/6/2017,9075
7/5/2017,9160
7/4/2017,9180
7/3/2017,9390
6/30/2017,9390
6/29/2017,9290
6/28/2017,9270
6/27/2017,9260
6/26/2017,9025
6/23/2017,9080
6/22/2017,9020
6/21/2017,9005
6/20/2017,8820
6/19/2017,9010
6/16/2017,8940
6/15/2017,8850
6/14/2017,8945
6/13/2017,8800
6/12/2017,8795
6/9/2017,8980
6/8/2017,8815
6/7/2017,8810
6/6/2017,8865
6/5/2017,8910
6/2/2017,8915
6/1/2017,8840
5/31/2017,8970
5/30/2017,9115
5/26/2017,9080
5/25/2017,9040
5/24/2017,9100
5/23/2017,9345
5/22/2017,9395
5/19/2017,9360
5/18/2017,9175
5/17/2017,9215
5/16/2017,9120
5/15/2017,9235
5/12/2017,9315
5/11/2017,9315
5/10/2017,9120
5/9/2017,9215
5/8/2017,9145
5/5/2017,9140
5/4/2017,9015
5/3/2017,9230
5/2/2017,9515
4/28/2017,9450
4/27/2017,9335
4/26/2017,9230
4/25/2017,9320
4/24/2017,9260
4/21/2017,9345
4/20/2017,9480
4/19/2017,9340
4/18/2017,9310
4/13/2017,9750
4/12/2017,9735
4/11/2017,9840
4/10/2017,10180
4/7/2017,10180
4/6/2017,10080
4/5/2017,10295
4/4/2017,9980
4/3/2017,9850
3/31/2017,10025
3/30/2017,10135
3/29/2017,10045
3/28/2017,9995
3/27/2017,9770
3/24/2017,9870
3/23/2017,10030
3/22/2017,10020
3/21/2017,10160
3/20/2017,10165
3/17/2017,10260
3/16/2017,10220
3/15/2017,10205
3/14/2017,10230
3/13/2017,10170
3/10/2017,9895
3/9/2017,10150
3/8/2017,10200
3/7/2017,10645
3/6/2017,11095
3/3/2017,10990
3/2/2017,10780
3/1/2017,11030
2/28/2017,10980
2/27/2017,11045
2/24/2017,10860
2/23/2017,10580
2/22/2017,10810
2/21/2017,10855
2/20/2017,11150
2/17/2017,11050
2/16/2017,11070
2/15/2017,10930
2/14/2017,10770
2/13/2017,10730
2/10/2017,10660
2/9/2017,10280
2/8/2017,10495
2/7/2017,10355
2/6/2017,10450
2/3/2017,10225
2/2/2017,10395
2/1/2017,10250
1/31/2017,9955
1/30/2017,9680
1/27/2017,9475
1/26/2017,9410
1/25/2017,9700
1/24/2017,9800
1/23/2017,9710
1/20/2017,9700
1/19/2017,9925
1/18/2017,10175
1/17/2017,10160
1/16/2017,10260
1/13/2017,10450
1/12/2017,10275
1/11/2017,10180
1/10/2017,10615
1/9/2017,10390
1/6/2017,10245
1/5/2017,10295
1/4/2017,10220
1/3/2017,9910
12/30/2016,10020
12/29/2016,10120
12/28/2016,10100
12/23/2016,10410
12/22/2016,10730
12/21/2016,10830
12/20/2016,10925
12/19/2016,10880
12/16/2016,11170
12/15/2016,11300
12/14/2016,11420
12/13/2016,11390
12/12/2016,11300
12/9/2016,11470
12/8/2016,11105
12/7/2016,11410
12/6/2016,11610
12/5/2016,11640
12/2/2016,11455
12/1/2016,11210
11/30/2016,11250
11/29/2016,11080
11/28/2016,11630
11/25/2016,11560
11/24/2016,11580
11/23/2016,11600
11/22/2016,11370
11/21/2016,11400
11/18/2016,10845
11/17/2016,11245
11/16/2016,11330
11/15/2016,11295
11/14/2016,11260
11/11/2016,11210
11/10/2016,11540
11/9/2016,11575
11/8/2016,11260
11/7/2016,11130
11/4/2016,10460
11/3/2016,10480
11/2/2016,10320
11/1/2016,10405
10/31/2016,10475
10/28/2016,10430
10/27/2016,10360
10/26/2016,10260
10/25/2016,10225
10/24/2016,10105
10/21/2016,9960
10/20/2016,10130
10/19/2016,10310
10/18/2016,10410
10/17/2016,10290
10/14/2016,10485
10/13/2016,10430
10/12/2016,10565
10/11/2016,10425
10/10/2016,10520
10/7/2016,10200
10/6/2016,10255
10/5/2016,10080
10/4/2016,10080
10/3/2016,10350
9/30/2016,10575
9/29/2016,10435
9/28/2016,10695
9/27/2016,10630
9/26/2016,10530
9/23/2016,10660
9/22/2016,10660
9/21/2016,10350
9/20/2016,10310
9/19/2016,10150
9/16/2016,9725
9/15/2016,9715
9/14/2016,9840
9/13/2016,9860
9/12/2016,10080
9/9/2016,10370
9/8/2016,10345
9/7/2016,10210
9/6/2016,10110
9/5/2016,10070
9/2/2016,10060
9/1/2016,9910
8/31/2016,9765
8/30/2016,9830
8/26/2016,9810
8/25/2016,9845
8/24/2016,9995
8/23/2016,10265
8/22/2016,10265
8/19/2016,10355
8/18/2016,10350
8/17/2016,10220
8/16/2016,10255
8/15/2016,10510
8/12/2016,10305
8/11/2016,10735
8/10/2016,10860
8/9/2016,10780
8/8/2016,10770
8/5/2016,10715
8/4/2016,10605
8/3/2016,10735
8/2/2016,10725
8/1/2016,10735
7/29/2016,10630
7/28/2016,10695
7/27/2016,10355
7/26/2016,10350
7/25/2016,10475
7/22/2016,10410
7/21/2016,10760
7/20/2016,10580
7/19/2016,10560
7/18/2016,10545
7/15/2016,10280
7/14/2016,10360
7/13/2016,10350
7/12/2016,10490
7/11/2016,10045
7/8/2016,9880
7/7/2016,9750
7/6/2016,9985
7/5/2016,9705
7/4/2016,10195
7/1/2016,9970
6/30/2016,9445
6/29/2016,9440
6/28/2016,9340
6/27/2016,8980
6/24/2016,9020
6/23/2016,9225
6/22/2016,9230
6/21/2016,9190
6/20/2016,9285
6/17/2016,9065
6/16/2016,8870
6/15/2016,9045
6/14/2016,8885
6/13/2016,8890
6/10/2016,8925
6/9/2016,8935
6/8/2016,8960
6/7/2016,8585
6/6/2016,8665
6/3/2016,8495
6/2/2016,8470
6/1/2016,8475
5/31/2016,8435
5/27/2016,8420
5/26/2016,8395
5/25/2016,8350
5/24/2016,8400
5/23/2016,8330
5/20/2016,8500
5/19/2016,8555
5/18/2016,8635
5/17/2016,8795
5/16/2016,8720
5/13/2016,8640
5/12/2016,8630
5/11/2016,8885
5/10/2016,8710
5/9/2016,8605
5/6/2016,9065
5/5/2016,9020
5/4/2016,9445
5/3/2016,9520
4/29/2016,9445
4/28/2016,9295
4/27/2016,9200
4/26/2016,9190
4/25/2016,9130
4/22/2016,9090
4/21/2016,9100
4/20/2016,9325
4/19/2016,9270
4/18/2016,9140
4/15/2016,8915
4/14/2016,8995
4/13/2016,8985
4/12/2016,8860
4/11/2016,8560
4/8/2016,8545
4/7/2016,8390
4/6/2016,8590
4/5/2016,8480
4/4/2016,8365
4/1/2016,8320
3/31/2016,8490
3/30/2016,8430
3/29/2016,8450
3/24/2016,8650
3/23/2016,8695
3/22/2016,8790
3/21/2016,8770
3/18/2016,8660
3/17/2016,8895
3/16/2016,8600
3/15/2016,8555
3/14/2016,8610
3/11/2016,8830
3/10/2016,8755
3/9/2016,8890
3/8/2016,8590
3/7/2016,9385
3/4/2016,9340
3/3/2016,9000
3/2/2016,8725
3/1/2016,8680
2/29/2016,8520
2/26/2016,8490
2/25/2016,8340
2/24/2016,8520
2/23/2016,8610
2/22/2016,8770
2/19/2016,8575
2/18/2016,8350
2/17/2016,8405
2/16/2016,8340
2/15/2016,8270
2/12/2016,7820
2/11/2016,7595
2/10/2016,7880
2/9/2016,8090
2/8/2016,8215
2/5/2016,8160
2/4/2016,8545
2/3/2016,8520
2/2/2016,8400
2/1/2016,8460
1/29/2016,8620
1/28/2016,8590
1/27/2016,8655
1/26/2016,8670
1/25/2016,8550
1/22/2016,8700
1/21/2016,8740
1/20/2016,8550
1/19/2016,8590
1/18/2016,8590
1/15/2016,8395
1/14/2016,8575
1/13/2016,8390
1/12/2016,8240
1/11/2016,8270
1/8/2016,8560
1/7/2016,8505
1/6/2016,8610
1/5/2016,8525
1/4/2016,8505
12/31/2015,8820
12/30/2015,8700
12/29/2015,8750
12/24/2015,8640
12/23/2015,8670
12/22/2015,8640
12/21/2015,8890
12/18/2015,8765
12/17/2015,8630
12/16/2015,8750
12/15/2015,8550
12/14/2015,8750
12/11/2015,8695
12/10/2015,8525
12/9/2015,8680
12/8/2015,8695
12/7/2015,8760
12/4/2015,8980
12/3/2015,8850
12/2/2015,8980
12/1/2015,8980
11/30/2015,8900
11/27/2015,8775
11/26/2015,9195
11/25/2015,8910
11/24/2015,8770
11/23/2015,8300
11/20/2015,8730
11/19/2015,8950
11/18/2015,8980
11/17/2015,9105
11/16/2015,9310
11/13/2015,9425
11/12/2015,9410
11/11/2015,9660
11/10/2015,9505
11/9/2015,9580
11/6/2015,9630
11/5/2015,9800
11/4/2015,9860
11/3/2015,9900
11/2/2015,10125
10/30/2015,10060
10/29/2015,10375
10/28/2015,10595
10/27/2015,10570
10/26/2015,10455
10/23/2015,10515
10/22/2015,10435
10/21/2015,10280
10/20/2015,10400
10/19/2015,10380
10/16/2015,10590
10/15/2015,10565
10/14/2015,10480
10/13/2015,10475
10/12/2015,10650
10/9/2015,10500
10/8/2015,10175
10/7/2015,10170
10/6/2015,9960
10/5/2015,9950
10/2/2015,10030
10/1/2015,10050
9/30/2015,10400
9/29/2015,9875
9/28/2015,9875
9/25/2015,9950
9/24/2015,9900
9/23/2015,9750
9/22/2015,9690
9/21/2015,9865
9/18/2015,9675
9/17/2015,9995
9/16/2015,10130
9/15/2015,10095
9/14/2015,9920
9/11/2015,10300
9/10/2015,10450
9/9/2015,10100
9/8/2015,10000
9/7/2015,9750
9/4/2015,9950
9/3/2015,10000
9/2/2015,9870
9/1/2015,9760
8/28/2015,10060
8/27/2015,10060
8/26/2015,9570
8/25/2015,9610
8/24/2015,9515
8/21/2015,10200
8/20/2015,10405
8/19/2015,10420
8/18/2015,10360
8/17/2015,10625
8/14/2015,10600
8/13/2015,10455
8/12/2015,10600
8/11/2015,10755
8/10/2015,11150
8/7/2015,10800
8/6/2015,10850
8/5/2015,10860
8/4/2015,10830
8/3/2015,10745
7/31/2015,11040
7/30/2015,11025
7/29/2015,11250
7/28/2015,11325
7/27/2015,11030
7/24/2015,11300
7/23/2015,11430
7/22/2015,11470
7/21/2015,11675
7/20/2015,11700
7/17/2015,11500
7/16/2015,11630
7/15/2015,11475
7/14/2015,11620
7/13/2015,11750
7/10/2015,11260
7/9/2015,11500
7/8/2015,10960
7/7/2015,10650
7/6/2015,11700
7/3/2015,12000
7/2/2015,12200
7/1/2015,12025
6/30/2015,11980
6/29/2015,11835
6/26/2015,12450
6/25/2015,12700
6/24/2015,12770
6/23/2015,12860
6/22/2015,12410
6/19/2015,12710
6/18/2015,12720
6/17/2015,12750
6/16/2015,12725
6/15/2015,12950
6/12/2015,13125
6/11/2015,13300
6/10/2015,13600
6/9/2015,13495
6/8/2015,13440
6/5/2015,13175
6/4/2015,12950
6/3/2015,13000
6/2/2015,13050
6/1/2015,12985
5/29/2015,12620
5/28/2015,12810
5/27/2015,12825
5/26/2015,12675
5/22/2015,12710
5/21/2015,13000
5/20/2015,13115
5/19/2015,13090
5/18/2015,13750
5/15/2015,13980
5/14/2015,13780
5/13/2015,14050
5/12/2015,14350
5/11/2015,14280
5/8/2015,14300
5/7/2015,14140
5/6/2015,13970
5/5/2015,14300
5/1/2015,13750
4/30/2015,13950
4/29/2015,13420
4/28/2015,13445
4/27/2015,13550
4/24/2015,13195
4/23/2015,12705
4/22/2015,12675
4/21/2015,12675
4/20/2015,12800
4/17/2015,12555
4/16/2015,12845
4/15/2015,12680
4/14/2015,12595
4/13/2015,12405
4/10/2015,12625
4/9/2015,12525
4/8/2015,12575
4/7/2015,12550
4/2/2015,13025
4/1/2015,12705
3/31/2015,12395
3/30/2015,12880
3/27/2015,13285
3/26/2015,13700
3/25/2015,13680
3/24/2015,13950
3/23/2015,14300
3/20/2015,14245
3/19/2015,13770
3/18/2015,13505
3/17/2015,13725
3/16/2015,13925
3/13/2015,14135
3/12/2015,13905
3/11/2015,13775
3/10/2015,14050
3/9/2015,14505
3/6/2015,14370
3/5/2015,14200
3/4/2015,13940
3/3/2015,13675
3/2/2015,13855
2/27/2015,14095
2/26/2015,14380
2/25/2015,14385
2/24/2015,14350
2/23/2015,14125
2/20/2015,13955
2/19/2015,13985
2/18/2015,14255
2/17/2015,14240
2/16/2015,14600
2/13/2015,14645
2/12/2015,14705
2/11/2015,14750
2/10/2015,14825
2/9/2015,15155
2/6/2015,15235
2/5/2015,15175
2/4/2015,15125
2/3/2015,15310
2/2/2015,15325
1/30/2015,15165
1/29/2015,14900
1/28/2015,15050
1/27/2015,14790
1/26/2015,14750
1/23/2015,14350
1/22/2015,14850
1/21/2015,15025
1/20/2015,14775
1/19/2015,14475
1/16/2015,14780
1/15/2015,14475
1/14/2015,14310
1/13/2015,14650
1/12/2015,15100
1/9/2015,15300
1/8/2015,15550
1/7/2015,15550
1/6/2015,15260
1/5/2015,15200
1/2/2015,14830
