Date,STI
31/12/2025,4646.21
30/12/2025,4655.38
29/12/2025,4633.64
26/12/2025,4636.15
25/12/2025,4636.34
24/12/2025,4636.34
23/12/2025,4638.97
22/12/2025,4610.29
19/12/2025,4569.78
18/12/2025,4570.61
17/12/2025,4575.48
16/12/2025,4579.73
15/12/2025,4589.17
12/12/2025,4586.45
11/12/2025,4520.83
10/12/2025,4511.9
09/12/2025,4513.24
08/12/2025,4507.08
05/12/2025,4531.36
04/12/2025,4535.14
03/12/2025,4554.52
02/12/2025,4537.96
01/12/2025,4526.22
28/11/2025,4523.96
27/11/2025,4509.34
26/11/2025,4501.56
25/11/2025,4485.63
24/11/2025,4496.63
21/11/2025,4469.14
20/11/2025,4511.87
19/11/2025,4505.22
18/11/2025,4504.67
17/11/2025,4543.59
14/11/2025,4546.07
13/11/2025,4575.91
12/11/2025,4568.91
11/11/2025,4542.2
10/11/2025,4488.13
07/11/2025,4492.24
06/11/2025,4484.99
05/11/2025,4417.12
04/11/2025,4422.72
03/11/2025,4444.33
31/10/2025,4428.62
30/10/2025,4437.44
29/10/2025,4440.21
28/10/2025,4450.36
27/10/2025,4440.3
24/10/2025,4422.21
23/10/2025,4416.27
22/10/2025,4393.92
21/10/2025,4381.05
17/10/2025,4328.93
16/10/2025,4356.2
15/10/2025,4368.42
14/10/2025,4354.52
13/10/2025,4389.84
10/10/2025,4427.06
09/10/2025,4440.5
08/10/2025,4456.3
07/10/2025,4472.26
06/10/2025,4421.71
03/10/2025,4411.95
02/10/2025,4395.21
01/10/2025,4323.12
30/09/2025,4300.16
29/09/2025,4269.98
26/09/2025,4265.98
25/09/2025,4273.86
24/09/2025,4290.4
23/09/2025,4302.67
22/09/2025,4297.37
19/09/2025,4302.71
18/09/2025,4312.62
17/09/2025,4323.78
16/09/2025,4337.74
15/09/2025,4338.42
12/09/2025,4344.24
11/09/2025,4355.82
10/09/2025,4346.46
09/09/2025,4297.57
08/09/2025,4308.52
05/09/2025,4307.08
04/09/2025,4296.83
03/09/2025,4289.33
02/09/2025,4298.51
01/09/2025,4276.07
29/08/2025,4269.7
28/08/2025,4253.78
27/08/2025,4245.57
26/08/2025,4243.71
25/08/2025,4256.49
22/08/2025,4253.02
21/08/2025,4230.9
20/08/2025,4219.54
19/08/2025,4216.19
18/08/2025,4187.38
15/08/2025,4230.53
14/08/2025,4256.52
13/08/2025,4272.76
12/08/2025,4220.72
11/08/2025,4232.78
08/08/2025,4239.83
07/08/2025,4258.15
06/08/2025,4227.7
05/08/2025,4208.58
04/08/2025,4197.23
01/08/2025,4153.83
31/07/2025,4173.77
30/07/2025,4219.41
29/07/2025,4229.41
28/07/2025,4241.14
25/07/2025,4261.06
24/07/2025,4273.05
23/07/2025,4231.28
22/07/2025,4208.26
21/07/2025,4207.13
18/07/2025,4189.5
17/07/2025,4161.43
16/07/2025,4132.25
15/07/2025,4119.82
14/07/2025,4109.21
11/07/2025,4087.81
10/07/2025,4075.7
09/07/2025,4057.82
08/07/2025,4047.86
07/07/2025,4031.86
04/07/2025,4013.62
03/07/2025,4019.57
02/07/2025,4010.77
01/07/2025,3989.76
30/06/2025,3964.29
27/06/2025,3966.2
26/06/2025,3938.46
25/06/2025,3925.98
24/06/2025,3904.3
23/06/2025,3879.26
20/06/2025,3883.43
19/06/2025,3894.18
18/06/2025,3920.81
17/06/2025,3930.64
16/06/2025,3908.46
13/06/2025,3911.42
12/06/2025,3922.2
11/06/2025,3919.05
10/06/2025,3933.8
09/06/2025,3936.32
06/06/2025,3934.29
05/06/2025,3917.69
04/06/2025,3903.88
03/06/2025,3894.38
02/06/2025,3890.59
30/05/2025,3894.61
29/05/2025,3916.84
28/05/2025,3911.92
27/05/2025,3896.09
26/05/2025,3875.6
23/05/2025,3882.42
22/05/2025,3880.09
21/05/2025,3882.55
20/05/2025,3882.5
19/05/2025,3876.2
16/05/2025,3897.87
15/05/2025,3891.94
14/05/2025,3871.05
13/05/2025,3881.05
09/05/2025,3876.16
08/05/2025,3848.22
07/05/2025,3865.37
06/05/2025,3860.41
05/05/2025,3853.07
02/05/2025,3845.14
30/04/2025,3832.51
29/04/2025,3805.18
28/04/2025,3811.8
25/04/2025,3823.78
24/04/2025,3831.92
23/04/2025,3832.32
22/04/2025,3795.41
21/04/2025,3759.22
17/04/2025,3720.33
16/04/2025,3662.45
15/04/2025,3624.72
14/04/2025,3548.91
11/04/2025,3512.53
10/04/2025,3577.83
09/04/2025,3393.69
08/04/2025,3469.47
07/04/2025,3540.5
04/04/2025,3825.86
03/04/2025,3942.23
02/04/2025,3954.21
01/04/2025,3968.85
28/03/2025,3972.43
27/03/2025,3981.57
26/03/2025,3963.71
25/03/2025,3954.53
24/03/2025,3936.33
21/03/2025,3926.45
20/03/2025,3930.49
19/03/2025,3908.31
18/03/2025,3894.97
17/03/2025,3859.36
14/03/2025,3836.02
13/03/2025,3837.52
12/03/2025,3833.07
11/03/2025,3825.83
10/03/2025,3899.07
07/03/2025,3914.48
06/03/2025,3917.06
05/03/2025,3898.4
04/03/2025,3890.76
03/03/2025,3908.92
28/02/2025,3895.7
27/02/2025,3921.19
26/02/2025,3908.05
25/02/2025,3915.87
24/02/2025,3927.75
21/02/2025,3929.94
20/02/2025,3927.51
19/02/2025,3934.04
18/02/2025,3925.56
17/02/2025,3904.85
14/02/2025,3877.5
13/02/2025,3882.58
12/02/2025,3874.62
11/02/2025,3860.76
10/02/2025,3875.13
07/02/2025,3861.42
06/02/2025,3830.42
05/02/2025,3815.37
04/02/2025,3823.01
03/02/2025,3826.47
31/01/2025,3855.82
29/01/2025,3801.07
28/01/2025,3801.07
27/01/2025,3796.71
24/01/2025,3804.26
23/01/2025,3806.57
22/01/2025,3781.21
21/01/2025,3795.37
20/01/2025,3807.97
17/01/2025,3810.78
16/01/2025,3801.13
15/01/2025,3772.58
14/01/2025,3788.77
13/01/2025,3791.7
10/01/2025,3801.56
09/01/2025,3862.6
08/01/2025,3886.98
07/01/2025,3828.17
06/01/2025,3821.84
03/01/2025,3801.83
02/01/2025,3800.81
01/01/2025,3787.6
31/12/2024,3787.6
30/12/2024,3795.73
27/12/2024,3771.63
26/12/2024,3761.45
25/12/2024,3769.55
24/12/2024,3769.55
23/12/2024,3752.33
20/12/2024,3719.93
19/12/2024,3762.88
18/12/2024,3779.62
17/12/2024,3799.93
16/12/2024,3821.03
13/12/2024,3810.35
12/12/2024,3809.27
11/12/2024,3792.82
10/12/2024,3813.55
09/12/2024,3794.92
06/12/2024,3796.16
05/12/2024,3822.68
04/12/2024,3799.94
03/12/2024,3786.13
02/12/2024,3751.35
29/11/2024,3739.29
28/11/2024,3737.25
27/11/2024,3708.09
26/11/2024,3712.39
25/11/2024,3731.39
22/11/2024,3746.02
21/11/2024,3739.22
20/11/2024,3743.64
19/11/2024,3757.97
18/11/2024,3732.55
15/11/2024,3744.7
14/11/2024,3738.16
13/11/2024,3720.34
12/11/2024,3711.48
11/11/2024,3739.47
08/11/2024,3724.37
07/11/2024,3673.49
06/11/2024,3602.99
05/11/2024,3581.61
04/11/2024,3572.04
01/11/2024,3555.43
31/10/2024,3558.88
30/10/2024,3558.88
29/10/2024,3590.36
28/10/2024,3584.08
25/10/2024,3593.41
24/10/2024,3604.95
23/10/2024,3600.78
22/10/2024,3587.41
21/10/2024,3614.58
18/10/2024,3640.19
17/10/2024,3625.25
16/10/2024,3590.62
15/10/2024,3595.47
14/10/2024,3595.91
11/10/2024,3573.76
10/10/2024,3585.29
09/10/2024,3595.66
08/10/2024,3575.69
07/10/2024,3599.19
04/10/2024,3589.13
03/10/2024,3577.43
02/10/2024,3584.67
01/10/2024,3580.96
30/09/2024,3585.29
27/09/2024,3573.36
26/09/2024,3582.23
25/09/2024,3583.27
24/09/2024,3622.74
23/09/2024,3638.54
20/09/2024,3624.76
19/09/2024,3633.18
18/09/2024,3592.42
17/09/2024,3593.42
16/09/2024,3570.43
13/09/2024,3562.65
12/09/2024,3556.53
11/09/2024,3531.17
10/09/2024,3512.67
09/09/2024,3496.53
06/09/2024,3454.47
05/09/2024,3458.66
04/09/2024,3441.38
03/09/2024,3480.34
02/09/2024,3463.08
30/08/2024,3442.93
29/08/2024,3404.47
28/08/2024,3391.03
27/08/2024,3398.47
26/08/2024,3396.03
23/08/2024,3387.99
22/08/2024,3373.58
21/08/2024,3373.76
20/08/2024,3370.31
19/08/2024,3355.56
16/08/2024,3352.89
15/08/2024,3315.73
14/08/2024,3286.28
13/08/2024,3258.57
12/08/2024,3235.38
08/08/2024,3261.83
07/08/2024,3249.72
06/08/2024,3198.44
05/08/2024,3243.67
02/08/2024,3381.45
01/08/2024,3419.84
31/07/2024,3455.94
30/07/2024,3441.77
29/07/2024,3444.18
26/07/2024,3426.47
25/07/2024,3430.45
24/07/2024,3460.82
23/07/2024,3461.16
22/07/2024,3437.26
19/07/2024,3447.56
18/07/2024,3471.16
17/07/2024,3489.57
16/07/2024,3487.91
15/07/2024,3499.89
12/07/2024,3497.78
11/07/2024,3475.06
10/07/2024,3459.93
09/07/2024,3426.09
08/07/2024,3404.47
05/07/2024,3410.81
04/07/2024,3439.88
03/07/2024,3415.51
02/07/2024,3367.9
01/07/2024,3338.57
28/06/2024,3332.8
27/06/2024,3343.35
26/06/2024,3331.7
25/06/2024,3326.28
24/06/2024,3314.14
21/06/2024,3306.02
20/06/2024,3300
19/06/2024,3304
18/06/2024,3301.78
14/06/2024,3297.55
13/06/2024,3324.53
12/06/2024,3307.44
11/06/2024,3309.21
10/06/2024,3322.08
07/06/2024,3330.77
06/06/2024,3330.81
05/06/2024,3330.01
04/06/2024,3338.94
03/06/2024,3348.87
31/05/2024,3336.59
30/05/2024,3323.38
29/05/2024,3323.2
28/05/2024,3330.09
27/05/2024,3318.45
24/05/2024,3316.56
23/05/2024,3322.62
21/05/2024,3307.9
20/05/2024,3314.05
17/05/2024,3313.48
16/05/2024,3304.99
15/05/2024,3289.42
14/05/2024,3313.35
13/05/2024,3303.66
10/05/2024,3290.7
09/05/2024,3265.95
08/05/2024,3264.53
07/05/2024,3300.04
06/05/2024,3303.19
03/05/2024,3292.93
02/05/2024,3296.89
30/04/2024,3292.69
29/04/2024,3282.05
26/04/2024,3280.1
25/04/2024,3287.75
24/04/2024,3293.13
23/04/2024,3272.72
22/04/2024,3225.17
19/04/2024,3176.51
18/04/2024,3187.66
17/04/2024,3154.69
16/04/2024,3144.76
15/04/2024,3183.61
12/04/2024,3216.91
11/04/2024,3227.61
09/04/2024,3237.52
08/04/2024,3215.99
05/04/2024,3218.26
04/04/2024,3235.01
03/04/2024,3222.66
02/04/2024,3247.72
01/04/2024,3234.89
29/03/2024,3224.01
28/03/2024,3224.01
27/03/2024,3251.71
26/03/2024,3233.33
25/03/2024,3198.1
22/03/2024,3217.97
21/03/2024,3220.37
20/03/2024,3177.48
19/03/2024,3173.55
18/03/2024,3171.93
15/03/2024,3172.96
14/03/2024,3186.4
13/03/2024,3160.72
12/03/2024,3141.47
11/03/2024,3138.42
08/03/2024,3147.09
07/03/2024,3133.78
06/03/2024,3136.14
05/03/2024,3107.1
04/03/2024,3122.21
01/03/2024,3135.76
29/02/2024,3141.85
28/02/2024,3138.93
27/02/2024,3157.32
26/02/2024,3171.12
23/02/2024,3184.91
22/02/2024,3222.94
21/02/2024,3217.11
20/02/2024,3244.06
19/02/2024,3225.91
16/02/2024,3221.94
15/02/2024,3176.69
14/02/2024,3139.07
13/02/2024,3141.87
09/02/2024,3138.3
08/02/2024,3142.91
07/02/2024,3156.15
06/02/2024,3125.68
05/02/2024,3134.29
02/02/2024,3179.77
01/02/2024,3143.06
31/01/2024,3153.01
30/01/2024,3150.04
29/01/2024,3140.31
26/01/2024,3159.53
25/01/2024,3147.64
24/01/2024,3153.33
23/01/2024,3135.25
22/01/2024,3149.12
19/01/2024,3152.29
18/01/2024,3139.78
17/01/2024,3142.22
16/01/2024,3184.99
15/01/2024,3199.42
12/01/2024,3191.72
11/01/2024,3201.41
10/01/2024,3179.96
09/01/2024,3197.96
08/01/2024,3187.02
05/01/2024,3184.3
04/01/2024,3174.01
03/01/2024,3199.44
02/01/2024,3229.95
29/12/2023,3240.27
28/12/2023,3214.4
27/12/2023,3170.76
26/12/2023,3139.98
22/12/2023,3140.32
21/12/2023,3112.5
20/12/2023,3108.03
19/12/2023,3116.62
18/12/2023,3113.23
15/12/2023,3116.51
14/12/2023,3122.95
13/12/2023,3104.26
12/12/2023,3102.31
11/12/2023,3090.2
08/12/2023,3110.73
07/12/2023,3074.26
06/12/2023,3087.24
05/12/2023,3077.16
04/12/2023,3084.08
01/12/2023,3090.31
30/11/2023,3072.99
29/11/2023,3084.7
28/11/2023,3065.94
27/11/2023,3086.42
24/11/2023,3094.81
23/11/2023,3111.75
22/11/2023,3114.92
21/11/2023,3096.34
20/11/2023,3111.58
17/11/2023,3124.67
16/11/2023,3133.05
15/11/2023,3132.12
14/11/2023,3104.66
10/11/2023,3106.68
09/11/2023,3135.32
08/11/2023,3129.72
07/11/2023,3173.81
06/11/2023,3180.53
03/11/2023,3143.66
02/11/2023,3082.49
01/11/2023,3076.77
31/10/2023,3067.74
30/10/2023,3064.29
27/10/2023,3061.85
26/10/2023,3071.31
25/10/2023,3078.78
24/10/2023,3083.88
23/10/2023,3053.36
20/10/2023,3076.69
19/10/2023,3099.6
18/10/2023,3136.62
17/10/2023,3171.83
16/10/2023,3163.89
13/10/2023,3185.79
12/10/2023,3218.69
11/10/2023,3192.87
10/10/2023,3199.07
09/10/2023,3166.51
06/10/2023,3174.39
05/10/2023,3155.1
04/10/2023,3147.39
03/10/2023,3192.35
02/10/2023,3208.86
29/09/2023,3217.41
28/09/2023,3206.99
27/09/2023,3200.03
26/09/2023,3215.07
25/09/2023,3215.4
22/09/2023,3204.82
21/09/2023,3202.81
20/09/2023,3242
19/09/2023,3240.75
18/09/2023,3263.39
15/09/2023,3280.69
14/09/2023,3249.51
13/09/2023,3218.93
12/09/2023,3214.46
11/09/2023,3218.28
08/09/2023,3207.75
07/09/2023,3226.59
06/09/2023,3222.88
05/09/2023,3226.83
04/09/2023,3238.97
31/08/2023,3233.3
30/08/2023,3220.22
29/08/2023,3223.09
28/08/2023,3213.68
25/08/2023,3189.88
24/08/2023,3180.72
23/08/2023,3174.18
22/08/2023,3159.88
21/08/2023,3154.03
18/08/2023,3173.93
17/08/2023,3196.75
16/08/2023,3213.58
15/08/2023,3232.74
14/08/2023,3247.7
11/08/2023,3294.28
10/08/2023,3322.93
08/08/2023,3313.79
07/08/2023,3309.87
04/08/2023,3292.39
03/08/2023,3304.06
02/08/2023,3325.02
01/08/2023,3373.79
31/07/2023,3373.98
28/07/2023,3371.17
27/07/2023,3337.42
26/07/2023,3304.96
25/07/2023,3286.16
24/07/2023,3265.14
21/07/2023,3278.3
20/07/2023,3274.38
19/07/2023,3275.24
18/07/2023,3254.26
17/07/2023,3254.43
14/07/2023,3248.63
13/07/2023,3238.46
12/07/2023,3175.36
11/07/2023,3163.84
10/07/2023,3149.32
07/07/2023,3139.47
06/07/2023,3150.43
05/07/2023,3185.38
04/07/2023,3203.77
03/07/2023,3207.1
30/06/2023,3205.91
28/06/2023,3207.28
27/06/2023,3205.35
26/06/2023,3189.68
23/06/2023,3191.6
22/06/2023,3222.43
21/06/2023,3223.66
20/06/2023,3220.23
19/06/2023,3241.17
16/06/2023,3260.03
15/06/2023,3242.85
14/06/2023,3218.14
13/06/2023,3189.4
12/06/2023,3196.07
09/06/2023,3186.97
08/06/2023,3186.61
07/06/2023,3179.58
06/06/2023,3190.11
05/06/2023,3189.01
01/06/2023,3166.3
31/05/2023,3158.8
30/05/2023,3187.56
29/05/2023,3195.22
26/05/2023,3207.39
25/05/2023,3207.72
24/05/2023,3214.21
23/05/2023,3218.08
22/05/2023,3211.09
19/05/2023,3202.59
18/05/2023,3182.55
17/05/2023,3173.84
16/05/2023,3214.04
15/05/2023,3214.72
12/05/2023,3208.55
11/05/2023,3229.55
10/05/2023,3242.29
09/05/2023,3242.95
08/05/2023,3257.66
05/05/2023,3266.63
04/05/2023,3269.18
03/05/2023,3262.01
02/05/2023,3281.99
28/04/2023,3270.51
27/04/2023,3282.03
26/04/2023,3293.91
25/04/2023,3296.56
24/04/2023,3324.55
21/04/2023,3321.82
20/04/2023,3313.41
19/04/2023,3324.05
18/04/2023,3309.56
17/04/2023,3319.26
14/04/2023,3302.66
13/04/2023,3294.54
12/04/2023,3286.12
11/04/2023,3297.83
10/04/2023,3294.43
06/04/2023,3300.48
05/04/2023,3318.87
04/04/2023,3311.12
03/04/2023,3281.08
31/03/2023,3258.9
30/03/2023,3257.18
29/03/2023,3262.54
28/03/2023,3255.54
27/03/2023,3239.03
24/03/2023,3212.64
23/03/2023,3219
22/03/2023,3220.98
21/03/2023,3173.93
20/03/2023,3139.76
17/03/2023,3183.28
16/03/2023,3155.54
15/03/2023,3172.92
14/03/2023,3129.75
13/03/2023,3132.37
10/03/2023,3177.43
09/03/2023,3214.51
08/03/2023,3226.86
07/03/2023,3245.27
06/03/2023,3239.31
03/03/2023,3232.02
02/03/2023,3234.9
01/03/2023,3255.08
28/02/2023,3262.63
27/02/2023,3263.24
24/02/2023,3282.3
23/02/2023,3264.93
22/02/2023,3300.04
21/02/2023,3306.86
20/02/2023,3308.75
17/02/2023,3328.37
16/02/2023,3311.23
15/02/2023,3280.82
14/02/2023,3318.2
13/02/2023,3324.7
10/02/2023,3360.69
09/02/2023,3359.48
08/02/2023,3388.52
07/02/2023,3380.84
06/02/2023,3385.93
03/02/2023,3384.29
02/02/2023,3363.68
01/02/2023,3377.65
31/01/2023,3365.67
30/01/2023,3378.29
27/01/2023,3394.21
26/01/2023,3377.19
25/01/2023,3352.77
20/01/2023,3293.71
19/01/2023,3276.18
18/01/2023,3289.55
17/01/2023,3280.51
16/01/2023,3283.6
13/01/2023,3293.75
12/01/2023,3267.78
11/01/2023,3271.51
10/01/2023,3262.91
09/01/2023,3305.67
06/01/2023,3276.72
05/01/2023,3292.66
04/01/2023,3242.46
03/01/2023,3245.8
30/12/2022,3251.32
29/12/2022,3249.24
28/12/2022,3266.97
27/12/2022,3266.38
23/12/2022,3257.7
22/12/2022,3269.53
21/12/2022,3256.19
20/12/2022,3253.97
19/12/2022,3256.61
16/12/2022,3240.81
15/12/2022,3273.75
14/12/2022,3278.57
13/12/2022,3271.28
12/12/2022,3239.66
09/12/2022,3245.97
08/12/2022,3236.08
07/12/2022,3225.45
06/12/2022,3252.37
05/12/2022,3267.54
02/12/2022,3259.14
01/12/2022,3292.73
30/11/2022,3290.49
29/11/2022,3276.36
28/11/2022,3240.06
25/11/2022,3244.55
24/11/2022,3252.88
23/11/2022,3255.99
22/11/2022,3259.56
21/11/2022,3250.62
18/11/2022,3272.23
17/11/2022,3286.04
16/11/2022,3266.17
15/11/2022,3275.28
14/11/2022,3260.8
11/11/2022,3228.33
10/11/2022,3173.18
09/11/2022,3165.5
08/11/2022,3145.83
07/11/2022,3141.31
04/11/2022,3130.11
03/11/2022,3102.51
02/11/2022,3141.13
01/11/2022,3130.5
31/10/2022,3093.11
28/10/2022,3059.19
27/10/2022,3015.24
26/10/2022,3008.38
25/10/2022,2984.15
21/10/2022,2969.95
20/10/2022,3022.7
19/10/2022,3022.8
18/10/2022,3025.88
17/10/2022,3015.75
14/10/2022,3039.61
13/10/2022,3040.45
12/10/2022,3083.19
11/10/2022,3105
10/10/2022,3107.47
07/10/2022,3145.81
06/10/2022,3151.56
05/10/2022,3153.23
04/10/2022,3138.9
03/10/2022,3107.09
30/09/2022,3130.24
29/09/2022,3115.08
28/09/2022,3116.31
27/09/2022,3165.5
26/09/2022,3181.97
23/09/2022,3227.1
22/09/2022,3263.07
21/09/2022,3261.79
20/09/2022,3266.94
19/09/2022,3256.31
16/09/2022,3268.29
15/09/2022,3267.98
14/09/2022,3258.02
13/09/2022,3290.08
12/09/2022,3274.72
09/09/2022,3262.95
08/09/2022,3233.61
07/09/2022,3210.83
06/09/2022,3224.18
05/09/2022,3215.48
02/09/2022,3205.69
01/09/2022,3224.08
31/08/2022,3221.67
30/08/2022,3239.33
29/08/2022,3222.26
26/08/2022,3249.53
25/08/2022,3247.8
24/08/2022,3233.48
23/08/2022,3246.21
22/08/2022,3262.57
19/08/2022,3246.51
18/08/2022,3273.48
17/08/2022,3262.76
16/08/2022,3253.79
15/08/2022,3256.82
12/08/2022,3269.27
11/08/2022,3301.96
10/08/2022,3286.33
08/08/2022,3270.98
05/08/2022,3282.88
04/08/2022,3269.86
03/08/2022,3252.06
02/08/2022,3239.15
01/08/2022,3238.75
29/07/2022,3211.56
28/07/2022,3220.65
27/07/2022,3205.14
26/07/2022,3192.12
25/07/2022,3180.47
22/07/2022,3181.34
21/07/2022,3152.3
20/07/2022,3170.29
19/07/2022,3117.79
18/07/2022,3121.76
15/07/2022,3099.15
14/07/2022,3090.63
13/07/2022,3128.69
12/07/2022,3145.77
08/07/2022,3131.26
07/07/2022,3129.4
06/07/2022,3103.66
05/07/2022,3104.11
04/07/2022,3120.24
01/07/2022,3095.59
30/06/2022,3102.21
29/06/2022,3134.87
28/06/2022,3140.21
27/06/2022,3137.54
24/06/2022,3111.65
23/06/2022,3092.8
22/06/2022,3093.31
21/06/2022,3117.48
20/06/2022,3096.4
17/06/2022,3098.09
16/06/2022,3097.43
15/06/2022,3105.85
14/06/2022,3108.89
13/06/2022,3139.35
10/06/2022,3181.73
09/06/2022,3209.62
08/06/2022,3225.8
07/06/2022,3231.54
06/06/2022,3226.63
03/06/2022,3231.97
02/06/2022,3226.72
01/06/2022,3244
31/05/2022,3232.49
30/05/2022,3238.92
27/05/2022,3230.55
26/05/2022,3209.18
25/05/2022,3179.58
24/05/2022,3195.04
23/05/2022,3213.65
20/05/2022,3240.58
19/05/2022,3190.71
18/05/2022,3225.35
17/05/2022,3201.89
13/05/2022,3191.16
12/05/2022,3165.18
11/05/2022,3226.07
10/05/2022,3234.19
09/05/2022,3275.07
06/05/2022,3291.89
05/05/2022,3343.57
04/05/2022,3349.27
29/04/2022,3356.9
28/04/2022,3335.09
27/04/2022,3320.67
26/04/2022,3322.05
25/04/2022,3339.59
22/04/2022,3361.11
21/04/2022,3348.46
20/04/2022,3335.32
19/04/2022,3307.13
18/04/2022,3303.07
14/04/2022,3335.85
13/04/2022,3342.22
12/04/2022,3330.25
11/04/2022,3363.56
08/04/2022,3383.28
07/04/2022,3404.23
06/04/2022,3422.95
05/04/2022,3445.01
04/04/2022,3416.97
01/04/2022,3419.11
31/03/2022,3408.52
30/03/2022,3442.61
29/03/2022,3433.9
28/03/2022,3431.99
25/03/2022,3413.69
24/03/2022,3399.7
23/03/2022,3364.26
22/03/2022,3350.17
21/03/2022,3355.51
18/03/2022,3330.63
17/03/2022,3322.71
16/03/2022,3290.9
15/03/2022,3236.04
14/03/2022,3232.03
11/03/2022,3249.66
10/03/2022,3240.73
09/03/2022,3195.38
08/03/2022,3148.86
07/03/2022,3187.82
04/03/2022,3226.78
03/03/2022,3253.65
02/03/2022,3244.4
01/03/2022,3278.63
28/02/2022,3242.24
25/02/2022,3294.47
24/02/2022,3276.06
23/02/2022,3393
22/02/2022,3400.58
21/02/2022,3436.36
18/02/2022,3428.9
17/02/2022,3441.57
16/02/2022,3439.3
15/02/2022,3421.38
14/02/2022,3421.2
11/02/2022,3428.95
10/02/2022,3428
09/02/2022,3420.04
08/02/2022,3401.74
07/02/2022,3366.48
04/02/2022,3331.41
03/02/2022,3315.99
31/01/2022,3249.59
28/01/2022,3246.33
27/01/2022,3260.03
26/01/2022,3271.57
25/01/2022,3247.76
24/01/2022,3283.35
21/01/2022,3294.86
20/01/2022,3294.82
19/01/2022,3283.94
18/01/2022,3280.05
17/01/2022,3287.95
14/01/2022,3281.97
13/01/2022,3257.3
12/01/2022,3254.98
11/01/2022,3246.37
10/01/2022,3227.05
07/01/2022,3205.26
06/01/2022,3184.3
05/01/2022,3163.44
04/01/2022,3181.14
03/01/2022,3134.25
31/12/2021,3123.68
30/12/2021,3126.64
29/12/2021,3138.02
28/12/2021,3128.41
27/12/2021,3104.24
24/12/2021,3108.28
23/12/2021,3096.81
22/12/2021,3087.51
21/12/2021,3085.08
20/12/2021,3072.97
17/12/2021,3111.63
16/12/2021,3128.8
15/12/2021,3114.88
14/12/2021,3121.09
13/12/2021,3119.95
10/12/2021,3135.61
09/12/2021,3142.45
08/12/2021,3129.77
07/12/2021,3134.66
06/12/2021,3116.32
03/12/2021,3101.93
02/12/2021,3092.11
01/12/2021,3098.25
30/11/2021,3041.29
29/11/2021,3120.58
26/11/2021,3166.27
25/11/2021,3221.52
24/11/2021,3227.15
23/11/2021,3227.53
22/11/2021,3237.08
19/11/2021,3232.34
18/11/2021,3237.02
17/11/2021,3232.68
16/11/2021,3238.8
15/11/2021,3240.58
12/11/2021,3228.45
11/11/2021,3238.07
10/11/2021,3231.32
09/11/2021,3243.42
08/11/2021,3263.9
05/11/2021,3242.34
03/11/2021,3219.69
02/11/2021,3232.37
01/11/2021,3219.05
29/10/2021,3198.17
28/10/2021,3203.82
27/10/2021,3218.17
26/10/2021,3204.57
25/10/2021,3201.86
22/10/2021,3205.14
21/10/2021,3188.5
20/10/2021,3198.08
19/10/2021,3199.01
18/10/2021,3173.82
15/10/2021,3173.91
14/10/2021,3164.86
13/10/2021,3156.42
12/10/2021,3112.05
11/10/2021,3113.49
08/10/2021,3112.81
07/10/2021,3101.15
06/10/2021,3083.88
05/10/2021,3068.12
04/10/2021,3089.65
01/10/2021,3051.11
30/09/2021,3086.7
29/09/2021,3074.31
28/09/2021,3077.69
27/09/2021,3100.3
24/09/2021,3061.35
23/09/2021,3076.44
22/09/2021,3048.05
21/09/2021,3063.2
20/09/2021,3041.73
17/09/2021,3071.23
16/09/2021,3064.54
15/09/2021,3058.61
14/09/2021,3080.37
13/09/2021,3074.31
10/09/2021,3098.8
09/09/2021,3071.7
08/09/2021,3068.94
07/09/2021,3108.53
06/09/2021,3101.08
03/09/2021,3083.85
02/09/2021,3088.84
01/09/2021,3087.84
31/08/2021,3055.05
30/08/2021,3102.11
27/08/2021,3080.77
26/08/2021,3109.42
25/08/2021,3107.49
24/08/2021,3107.62
23/08/2021,3087.56
20/08/2021,3102.75
19/08/2021,3086.97
18/08/2021,3131.44
17/08/2021,3118.51
16/08/2021,3145.52
13/08/2021,3165.49
12/08/2021,3182.8
11/08/2021,3180
10/08/2021,3207.36
06/08/2021,3177.18
05/08/2021,3175.1
04/08/2021,3182.9
03/08/2021,3149.25
02/08/2021,3161.22
30/07/2021,3166.94
29/07/2021,3180.61
28/07/2021,3141.75
27/07/2021,3138.81
26/07/2021,3138.97
23/07/2021,3157.05
22/07/2021,3159.26
21/07/2021,3119
19/07/2021,3111.2
16/07/2021,3152.3
15/07/2021,3139.98
14/07/2021,3153.15
13/07/2021,3166.81
12/07/2021,3147.14
09/07/2021,3131.4
08/07/2021,3107.59
07/07/2021,3141.6
06/07/2021,3190.59
05/07/2021,3141.02
02/07/2021,3128.95
01/07/2021,3124.19
30/06/2021,3130.46
29/06/2021,3089.49
28/06/2021,3126.88
25/06/2021,3121.6
24/06/2021,3119.62
23/06/2021,3118.62
22/06/2021,3109.2
21/06/2021,3117.87
18/06/2021,3144.16
17/06/2021,3138.31
16/06/2021,3139.57
15/06/2021,3174.87
14/06/2021,3153.14
11/06/2021,3157.97
10/06/2021,3162.5
09/06/2021,3153.47
08/06/2021,3167.14
07/06/2021,3175.81
04/06/2021,3151.04
03/06/2021,3165
02/06/2021,3161.04
01/06/2021,3187.23
31/05/2021,3164.28
28/05/2021,3178.5
27/05/2021,3164.82
25/05/2021,3146.09
24/05/2021,3123.61
21/05/2021,3117.89
20/05/2021,3109.81
19/05/2021,3104.21
18/05/2021,3142.63
17/05/2021,3079.69
14/05/2021,3055.02
12/05/2021,3123.26
11/05/2021,3144.27
10/05/2021,3182.41
07/05/2021,3200.26
06/05/2021,3173
05/05/2021,3153.59
04/05/2021,3179.13
03/05/2021,3184.76
30/04/2021,3218.27
29/04/2021,3221.58
28/04/2021,3219.56
27/04/2021,3214.43
26/04/2021,3204.9
23/04/2021,3194.04
22/04/2021,3187.78
21/04/2021,3155.06
20/04/2021,3192.17
19/04/2021,3209.72
16/04/2021,3201.76
15/04/2021,3184.77
14/04/2021,3179.39
13/04/2021,3187.9
12/04/2021,3173.93
09/04/2021,3184.54
08/04/2021,3186.4
07/04/2021,3195.76
06/04/2021,3207.63
05/04/2021,3209.74
01/04/2021,3181.68
31/03/2021,3165.34
30/03/2021,3190.89
29/03/2021,3175.57
26/03/2021,3157.95
25/03/2021,3141.71
24/03/2021,3133.31
23/03/2021,3131.74
22/03/2021,3128.08
19/03/2021,3134.54
18/03/2021,3137.66
17/03/2021,3109.65
16/03/2021,3105.51
15/03/2021,3106
12/03/2021,3095.22
11/03/2021,3106.01
10/03/2021,3079.72
09/03/2021,3108.53
08/03/2021,3071.16
05/03/2021,3013.85
04/03/2021,3014.78
03/03/2021,3000.37
02/03/2021,2973.87
01/03/2021,2973
26/02/2021,2949.04
25/02/2021,2973.54
24/02/2021,2924.58
23/02/2021,2890.7
22/02/2021,2881.21
19/02/2021,2880.64
18/02/2021,2908.85
17/02/2021,2920.43
16/02/2021,2935.34
15/02/2021,2931.52
11/02/2021,2925.48
10/02/2021,2925.84
09/02/2021,2935.27
08/02/2021,2931.4
05/02/2021,2907.11
04/02/2021,2905.58
03/02/2021,2927.47
02/02/2021,2917.29
01/02/2021,2896.32
29/01/2021,2902.52
28/01/2021,2920.3
27/01/2021,2958.63
26/01/2021,2945.52
25/01/2021,2973.65
22/01/2021,2991.53
21/01/2021,3017.15
20/01/2021,2998.77
19/01/2021,2995.92
18/01/2021,2990.4
15/01/2021,3004.87
14/01/2021,3000
13/01/2021,2977.51
12/01/2021,2977.17
11/01/2021,2983.9
08/01/2021,2993.19
07/01/2021,2906.97
06/01/2021,2863.01
05/01/2021,2859.68
04/01/2021,2858.9
31/12/2020,2843.81
30/12/2020,2869.22
29/12/2020,2848.14
28/12/2020,2840.14
24/12/2020,2842.04
23/12/2020,2833.4
22/12/2020,2827.32
21/12/2020,2846.52
18/12/2020,2848.98
17/12/2020,2858.02
16/12/2020,2872.8
15/12/2020,2856.72
14/12/2020,2858.14
11/12/2020,2821.7
10/12/2020,2824.96
09/12/2020,2843.07
08/12/2020,2825.63
07/12/2020,2825.51
04/12/2020,2839.89
03/12/2020,2822.34
02/12/2020,2810.95
01/12/2020,2814.12
30/11/2020,2805.95
27/11/2020,2855.82
26/11/2020,2857.48
25/11/2020,2869.55
24/11/2020,2891.63
23/11/2020,2848.78
20/11/2020,2813.01
19/11/2020,2777
18/11/2020,2788.59
17/11/2020,2778.55
16/11/2020,2748
13/11/2020,2711.39
12/11/2020,2711.9
11/11/2020,2713.28
10/11/2020,2705
09/11/2020,2609.36
06/11/2020,2578.68
05/11/2020,2588.62
04/11/2020,2515.98
03/11/2020,2497.22
02/11/2020,2443.13
30/10/2020,2423.84
29/10/2020,2450.68
28/10/2020,2483.48
27/10/2020,2512.87
26/10/2020,2523.31
23/10/2020,2537.39
22/10/2020,2528.41
21/10/2020,2525.61
20/10/2020,2528.64
19/10/2020,2543.57
16/10/2020,2533.02
15/10/2020,2523.62
14/10/2020,2555.59
13/10/2020,2567.65
12/10/2020,2552.42
09/10/2020,2532.96
08/10/2020,2543.11
07/10/2020,2538.36
06/10/2020,2529.26
05/10/2020,2517.23
02/10/2020,2496.11
01/10/2020,2500.74
30/09/2020,2466.62
29/09/2020,2471.61
28/09/2020,2483.01
25/09/2020,2472.28
24/09/2020,2450.82
23/09/2020,2481.14
22/09/2020,2463.29
21/09/2020,2485.71
18/09/2020,2497.71
17/09/2020,2500.78
16/09/2020,2505.15
15/09/2020,2485.83
14/09/2020,2482.55
11/09/2020,2490.09
10/09/2020,2492.09
09/09/2020,2499.33
08/09/2020,2504.76
07/09/2020,2511.21
04/09/2020,2509.64
03/09/2020,2531.79
02/09/2020,2539.94
01/09/2020,2538.55
31/08/2020,2532.51
28/08/2020,2539.63
27/08/2020,2519.81
26/08/2020,2542.08
25/08/2020,2559.03
24/08/2020,2538.61
21/08/2020,2528.54
20/08/2020,2527.92
19/08/2020,2561.04
18/08/2020,2563.09
17/08/2020,2571.55
14/08/2020,2581.32
13/08/2020,2595.97
12/08/2020,2563.2
11/08/2020,2544.15
07/08/2020,2545.51
06/08/2020,2559.1
05/08/2020,2532.69
04/08/2020,2515.7
03/08/2020,2484.91
30/07/2020,2529.82
29/07/2020,2573.45
28/07/2020,2582.97
27/07/2020,2575.79
24/07/2020,2579.51
23/07/2020,2612.35
22/07/2020,2594.53
21/07/2020,2629.45
20/07/2020,2616.3
17/07/2020,2618.48
16/07/2020,2623.67
15/07/2020,2648.9
14/07/2020,2620.19
13/07/2020,2631.08
09/07/2020,2652.65
08/07/2020,2669.49
07/07/2020,2661.42
06/07/2020,2689.61
03/07/2020,2652.94
02/07/2020,2636.69
01/07/2020,2610.17
30/06/2020,2589.91
29/06/2020,2574.1
26/06/2020,2604.51
25/06/2020,2590.15
24/06/2020,2628.62
23/06/2020,2634.92
22/06/2020,2629.69
19/06/2020,2634.83
18/06/2020,2665.66
17/06/2020,2669.62
16/06/2020,2666.85
15/06/2020,2613.88
12/06/2020,2684.63
11/06/2020,2704.21
10/06/2020,2800.57
09/06/2020,2794.17
08/06/2020,2796.97
05/06/2020,2751.5
04/06/2020,2707.2
03/06/2020,2700.39
02/06/2020,2611.63
01/06/2020,2550.86
29/05/2020,2510.75
28/05/2020,2515.24
27/05/2020,2519.48
26/05/2020,2530.3
22/05/2020,2499.83
21/05/2020,2555.34
20/05/2020,2561.94
19/05/2020,2581.33
18/05/2020,2539.28
15/05/2020,2523.55
14/05/2020,2522.31
13/05/2020,2572.01
12/05/2020,2587.81
11/05/2020,2611.31
08/05/2020,2591.88
06/05/2020,2591.6
05/05/2020,2572.36
04/05/2020,2563.69
30/04/2020,2624.23
29/04/2020,2574.73
28/04/2020,2562.95
27/04/2020,2549.4
24/04/2020,2518.16
23/04/2020,2542.37
22/04/2020,2550.04
21/04/2020,2551.92
20/04/2020,2597.85
17/04/2020,2614.6
16/04/2020,2612.25
15/04/2020,2605.56
14/04/2020,2634.57
13/04/2020,2567.25
09/04/2020,2571.32
08/04/2020,2539.44
07/04/2020,2571.89
06/04/2020,2470.59
03/04/2020,2389.29
02/04/2020,2453.03
01/04/2020,2440.27
31/03/2020,2481.23
30/03/2020,2416.24
27/03/2020,2528.76
26/03/2020,2487.56
25/03/2020,2505.47
24/03/2020,2362.05
23/03/2020,2233.48
20/03/2020,2410.74
19/03/2020,2311
18/03/2020,2425.62
17/03/2020,2454.53
16/03/2020,2495.77
13/03/2020,2634
12/03/2020,2678.64
11/03/2020,2783.72
10/03/2020,2832.54
09/03/2020,2782.37
06/03/2020,2960.98
05/03/2020,3018.27
04/03/2020,3025.03
03/03/2020,3019.56
02/03/2020,3007.72
28/02/2020,3011.08
27/02/2020,3111.7
26/02/2020,3117.52
25/02/2020,3158.24
24/02/2020,3142.2
21/02/2020,3181.03
20/02/2020,3198.68
19/02/2020,3213.71
18/02/2020,3196.63
17/02/2020,3213
14/02/2020,3220.03
13/02/2020,3220.09
12/02/2020,3223.37
11/02/2020,3175.57
10/02/2020,3163.15
07/02/2020,3181.48
06/02/2020,3231.55
05/02/2020,3200.13
04/02/2020,3156.57
03/02/2020,3116.31
31/01/2020,3153.73
30/01/2020,3170.68
29/01/2020,3182.57
28/01/2020,3181.25
24/01/2020,3240.02
23/01/2020,3234.56
22/01/2020,3253.93
21/01/2020,3247.17
20/01/2020,3280.09
17/01/2020,3281.03
16/01/2020,3278
15/01/2020,3256.98
14/01/2020,3270.54
13/01/2020,3251.07
10/01/2020,3255.95
09/01/2020,3247.48
08/01/2020,3245.89
07/01/2020,3247.86
06/01/2020,3218.86
03/01/2020,3238.82
02/01/2020,3252
31/12/2019,3222.83
30/12/2019,3222.44
27/12/2019,3226.53
26/12/2019,3222.99
24/12/2019,3221.67
23/12/2019,3214
20/12/2019,3212.39
19/12/2019,3207.42
18/12/2019,3209.54
17/12/2019,3200.8
16/12/2019,3206.09
13/12/2019,3214.05
12/12/2019,3194.67
11/12/2019,3172.9
10/12/2019,3162.89
09/12/2019,3179.82
06/12/2019,3194.71
05/12/2019,3174.19
04/12/2019,3159.79
03/12/2019,3173.08
02/12/2019,3187.97
29/11/2019,3193.92
28/11/2019,3200.61
27/11/2019,3215.53
26/11/2019,3207.85
25/11/2019,3220.63
22/11/2019,3225.65
21/11/2019,3192.21
20/11/2019,3229.78
19/11/2019,3238.87
18/11/2019,3258.66
15/11/2019,3238.86
14/11/2019,3231.85
13/11/2019,3239.22
12/11/2019,3267.8
11/11/2019,3240.65
08/11/2019,3264.3
07/11/2019,3285.72
06/11/2019,3262.69
05/11/2019,3248.63
04/11/2019,3236.4
01/11/2019,3229.43
31/10/2019,3229.88
30/10/2019,3207.92
29/10/2019,3197.04
25/10/2019,3185.53
24/10/2019,3168.87
23/10/2019,3144.28
22/10/2019,3160.67
21/10/2019,3139.15
18/10/2019,3114.16
17/10/2019,3126.14
16/10/2019,3134.71
15/10/2019,3116.17
14/10/2019,3124.45
11/10/2019,3113.97
10/10/2019,3089.48
09/10/2019,3089.9
08/10/2019,3110.85
07/10/2019,3099.48
04/10/2019,3078.36
03/10/2019,3087.97
02/10/2019,3103.45
01/10/2019,3146.03
30/09/2019,3119.99
27/09/2019,3125.63
26/09/2019,3125.81
25/09/2019,3125.82
24/09/2019,3155.46
23/09/2019,3143.24
20/09/2019,3159.68
19/09/2019,3158.8
18/09/2019,3166.84
17/09/2019,3183
16/09/2019,3203.93
13/09/2019,3211.49
12/09/2019,3194.96
11/09/2019,3204.52
10/09/2019,3155.71
09/09/2019,3146.33
06/09/2019,3144.48
05/09/2019,3147.06
04/09/2019,3130.57
03/09/2019,3090.63
02/09/2019,3082.96
30/08/2019,3106.52
29/08/2019,3081.83
28/08/2019,3056.47
27/08/2019,3067.52
26/08/2019,3065.33
23/08/2019,3110.35
22/08/2019,3127.74
21/08/2019,3122.57
20/08/2019,3135.95
19/08/2019,3128.45
16/08/2019,3115.03
15/08/2019,3126.09
14/08/2019,3147.6
13/08/2019,3146.73
08/08/2019,3168.94
07/08/2019,3184.69
06/08/2019,3170.47
05/08/2019,3194.51
02/08/2019,3261.11
01/08/2019,3291.75
31/07/2019,3300.75
30/07/2019,3350.54
29/07/2019,3346.39
26/07/2019,3363.76
25/07/2019,3381.26
24/07/2019,3368.44
23/07/2019,3373.13
22/07/2019,3357.22
19/07/2019,3377.96
18/07/2019,3361.05
17/07/2019,3364.87
16/07/2019,3360.03
15/07/2019,3347.95
12/07/2019,3357.34
11/07/2019,3350.45
10/07/2019,3340.42
09/07/2019,3329.46
08/07/2019,3334.23
05/07/2019,3366.81
04/07/2019,3372.25
03/07/2019,3367.8
02/07/2019,3370.8
01/07/2019,3372.26
28/06/2019,3321.61
27/06/2019,3328.6
26/06/2019,3301.25
25/06/2019,3304.27
24/06/2019,3311.53
21/06/2019,3321.4
20/06/2019,3314.51
19/06/2019,3288.17
18/06/2019,3238.73
17/06/2019,3207.99
14/06/2019,3222.63
13/06/2019,3220.66
12/06/2019,3207.74
11/06/2019,3209.58
10/06/2019,3188.11
07/06/2019,3166.29
06/06/2019,3146.18
04/06/2019,3142.37
03/06/2019,3123.46
31/05/2019,3117.76
30/05/2019,3143
29/05/2019,3163.28
28/05/2019,3165.32
27/05/2019,3170.77
24/05/2019,3169.89
23/05/2019,3160.72
22/05/2019,3183.14
21/05/2019,3183.26
17/05/2019,3205.46
16/05/2019,3230.26
15/05/2019,3218.77
14/05/2019,3223.71
13/05/2019,3234.28
10/05/2019,3273.5
09/05/2019,3269.7
08/05/2019,3283.84
07/05/2019,3312.52
06/05/2019,3290.62
03/05/2019,3392.29
02/05/2019,3393.33
30/04/2019,3400.2
29/04/2019,3407.02
26/04/2019,3356.95
25/04/2019,3350.28
24/04/2019,3362.43
23/04/2019,3353.47
22/04/2019,3357.7
18/04/2019,3347.58
17/04/2019,3348.64
16/04/2019,3332.04
15/04/2019,3325.86
12/04/2019,3331.98
11/04/2019,3330.82
10/04/2019,3327.65
09/04/2019,3325.6
08/04/2019,3315.42
05/04/2019,3322.64
04/04/2019,3316.21
03/04/2019,3311.27
02/04/2019,3279.78
01/04/2019,3250.51
29/03/2019,3212.88
28/03/2019,3203.58
27/03/2019,3198.39
26/03/2019,3200.28
25/03/2019,3182.92
22/03/2019,3212.1
21/03/2019,3213.65
20/03/2019,3207.66
19/03/2019,3220.92
18/03/2019,3212.96
15/03/2019,3200.18
14/03/2019,3197.92
13/03/2019,3195.59
12/03/2019,3212.25
11/03/2019,3191.42
08/03/2019,3195.87
07/03/2019,3229.48
06/03/2019,3222.84
05/03/2019,3234.07
04/03/2019,3251.08
01/03/2019,3220.4
28/02/2019,3212.69
27/02/2019,3250.02
26/02/2019,3261.66
25/02/2019,3272.35
22/02/2019,3269.9
21/02/2019,3277.91
20/02/2019,3278.38
19/02/2019,3259.8
18/02/2019,3265.97
15/02/2019,3239.74
14/02/2019,3253.16
13/02/2019,3244.77
12/02/2019,3201.15
11/02/2019,3206.27
08/02/2019,3202.04
07/02/2019,3200.64
04/02/2019,3184.56
01/02/2019,3188.68
31/01/2019,3190.17
30/01/2019,3174.38
29/01/2019,3187.69
28/01/2019,3199.5
25/01/2019,3202.25
24/01/2019,3190.73
23/01/2019,3171.11
22/01/2019,3192.71
21/01/2019,3220.56
18/01/2019,3224.34
17/01/2019,3214.44
16/01/2019,3229.11
15/01/2019,3212.3
14/01/2019,3173.46
11/01/2019,3198.65
10/01/2019,3183.51
09/01/2019,3158.07
08/01/2019,3122.94
07/01/2019,3102.8
04/01/2019,3059.23
03/01/2019,3012.88
02/01/2019,3038.89
31/12/2018,3068.76
28/12/2018,3053.43
27/12/2018,3044.74
26/12/2018,3011.15
24/12/2018,3051.06
21/12/2018,3046.04
20/12/2018,3050.62
19/12/2018,3058.65
18/12/2018,3045.54
17/12/2018,3114.25
14/12/2018,3077.09
13/12/2018,3111.08
12/12/2018,3099.99
11/12/2018,3059.28
10/12/2018,3072.44
07/12/2018,3111.12
06/12/2018,3115.52
05/12/2018,3155.92
04/12/2018,3167.79
03/12/2018,3190.62
30/11/2018,3117.61
29/11/2018,3109.44
28/11/2018,3094.48
27/11/2018,3090.4
26/11/2018,3093.38
23/11/2018,3052.49
22/11/2018,3041.38
21/11/2018,3038.65
20/11/2018,3026.99
19/11/2018,3065.07
16/11/2018,3083.6
15/11/2018,3054.53
14/11/2018,3043.19
13/11/2018,3053.6
12/11/2018,3068.15
09/11/2018,3077.97
08/11/2018,3093.24
07/11/2018,3065.36
05/11/2018,3060.62
02/11/2018,3116.39
01/11/2018,3060.85
31/10/2018,3018.8
30/10/2018,2966.45
29/10/2018,2981.54
26/10/2018,2972.02
25/10/2018,3012.84
24/10/2018,3032.08
23/10/2018,3031.39
22/10/2018,3078.06
19/10/2018,3062.51
18/10/2018,3069.67
17/10/2018,3071.1
16/10/2018,3034.31
15/10/2018,3045.97
12/10/2018,3069.17
11/10/2018,3047.39
10/10/2018,3131.48
09/10/2018,3166.6
08/10/2018,3181.45
05/10/2018,3209.79
04/10/2018,3231.59
03/10/2018,3267.4
02/10/2018,3242.65
01/10/2018,3255.46
28/09/2018,3257.05
27/09/2018,3236.26
26/09/2018,3239.1
25/09/2018,3236.08
24/09/2018,3219.16
21/09/2018,3217.68
20/09/2018,3180.43
19/09/2018,3176.57
18/09/2018,3139.34
17/09/2018,3141.4
14/09/2018,3161.42
13/09/2018,3131.77
12/09/2018,3124.65
11/09/2018,3109.91
10/09/2018,3120.92
07/09/2018,3134.39
06/09/2018,3147.69
05/09/2018,3156.28
04/09/2018,3210.51
03/09/2018,3207.2
31/08/2018,3213.48
30/08/2018,3225.72
29/08/2018,3243.92
28/08/2018,3247.55
27/08/2018,3225.62
24/08/2018,3213
23/08/2018,3249.89
21/08/2018,3199.89
20/08/2018,3204.71
17/08/2018,3209.44
16/08/2018,3211.93
15/08/2018,3234.12
14/08/2018,3242.87
13/08/2018,3245.34
10/08/2018,3284.78
08/08/2018,3326.74
07/08/2018,3340
06/08/2018,3285.34
03/08/2018,3265.73
02/08/2018,3286.32
01/08/2018,3328.95
31/07/2018,3319.85
30/07/2018,3307.15
27/07/2018,3324.98
26/07/2018,3328.6
25/07/2018,3326.83
24/07/2018,3292.65
23/07/2018,3293.71
20/07/2018,3297.83
19/07/2018,3277.58
18/07/2018,3240.5
17/07/2018,3239.64
16/07/2018,3232.79
13/07/2018,3260.35
12/07/2018,3253.01
11/07/2018,3249.08
10/07/2018,3274.83
09/07/2018,3228.82
06/07/2018,3191.82
05/07/2018,3256.71
04/07/2018,3244.89
03/07/2018,3235.9
02/07/2018,3238.94
29/06/2018,3268.7
28/06/2018,3257.57
27/06/2018,3254.77
26/06/2018,3280.87
25/06/2018,3260.84
22/06/2018,3287.4
21/06/2018,3300
20/06/2018,3315.9
19/06/2018,3301.35
18/06/2018,3324.04
14/06/2018,3356.73
13/06/2018,3392.51
12/06/2018,3430.69
11/06/2018,3441.69
08/06/2018,3436.37
07/06/2018,3473.08
06/06/2018,3467.81
05/06/2018,3483.16
04/06/2018,3467.48
01/06/2018,3427.51
31/05/2018,3428.18
30/05/2018,3443.95
28/05/2018,3518.48
25/05/2018,3513.23
24/05/2018,3528.92
23/05/2018,3496.27
22/05/2018,3543.18
21/05/2018,3548.23
18/05/2018,3529.27
17/05/2018,3536.76
16/05/2018,3533.05
15/05/2018,3540.23
14/05/2018,3562.46
11/05/2018,3570.17
10/05/2018,3537.59
09/05/2018,3548.54
08/05/2018,3543.17
07/05/2018,3532.86
04/05/2018,3545.38
03/05/2018,3575.68
02/05/2018,3615.28
30/04/2018,3613.93
27/04/2018,3577.21
26/04/2018,3570.02
25/04/2018,3568.01
24/04/2018,3584.56
23/04/2018,3579.54
20/04/2018,3573.38
19/04/2018,3598.73
18/04/2018,3557.82
17/04/2018,3498.2
16/04/2018,3497.19
13/04/2018,3501.3
12/04/2018,3468.61
11/04/2018,3479.76
10/04/2018,3466.38
09/04/2018,3449.96
06/04/2018,3442.5
05/04/2018,3405.65
04/04/2018,3339.7
03/04/2018,3412.15
02/04/2018,3430.76
29/03/2018,3427.97
28/03/2018,3382.78
27/03/2018,3439.35
26/03/2018,3412.46
23/03/2018,3421.39
22/03/2018,3491.37
21/03/2018,3511.13
20/03/2018,3513.31
19/03/2018,3498.29
16/03/2018,3512.14
15/03/2018,3517.73
14/03/2018,3539.41
13/03/2018,3553.73
12/03/2018,3540.19
09/03/2018,3485.57
08/03/2018,3480.44
07/03/2018,3450.69
06/03/2018,3491.92
05/03/2018,3438.61
02/03/2018,3479.2
01/03/2018,3513.85
28/02/2018,3517.94
27/02/2018,3540.39
26/02/2018,3555.85
23/02/2018,3533.22
22/02/2018,3488.46
21/02/2018,3516.23
20/02/2018,3476.53
19/02/2018,3487.88
15/02/2018,3443.51
14/02/2018,3402.86
13/02/2018,3415.07
12/02/2018,3384.98
09/02/2018,3377.24
08/02/2018,3415.9
07/02/2018,3383.77
06/02/2018,3406.38
05/02/2018,3482.93
02/02/2018,3529.82
01/02/2018,3547.23
31/01/2018,3533.99
30/01/2018,3548.74
29/01/2018,3577.07
26/01/2018,3567.14
25/01/2018,3572.62
24/01/2018,3609.24
23/01/2018,3592.08
22/01/2018,3569.43
19/01/2018,3550.36
18/01/2018,3521.31
17/01/2018,3541.91
16/01/2018,3550.21
15/01/2018,3536.41
12/01/2018,3520.56
11/01/2018,3512.68
10/01/2018,3520.45
09/01/2018,3524.65
08/01/2018,3512.18
05/01/2018,3489.45
04/01/2018,3501.16
03/01/2018,3464.28
02/01/2018,3430.3
29/12/2017,3402.92
28/12/2017,3399.1
27/12/2017,3391.67
26/12/2017,3378.16
22/12/2017,3385.71
21/12/2017,3382.53
20/12/2017,3394.87
19/12/2017,3404.47
18/12/2017,3414.82
15/12/2017,3416.94
14/12/2017,3435.78
13/12/2017,3468.77
12/12/2017,3465.54
11/12/2017,3460.45
08/12/2017,3424.64
07/12/2017,3388.14
06/12/2017,3397.21
05/12/2017,3438.06
04/12/2017,3438.47
01/12/2017,3449.54
30/11/2017,3433.54
29/11/2017,3438.99
28/11/2017,3442.35
27/11/2017,3436.36
24/11/2017,3442.15
23/11/2017,3423.17
22/11/2017,3430.02
21/11/2017,3423.38
20/11/2017,3386.59
17/11/2017,3382.38
16/11/2017,3341.3
15/11/2017,3368.7
14/11/2017,3399.09
13/11/2017,3419.13
10/11/2017,3420.1
09/11/2017,3423.91
08/11/2017,3421.25
07/11/2017,3413.1
06/11/2017,3381.85
03/11/2017,3382.31
02/11/2017,3380.5
01/11/2017,3391.61
31/10/2017,3374.08
30/10/2017,3375.97
27/10/2017,3386.44
26/10/2017,3356.25
25/10/2017,3343.88
24/10/2017,3334.67
23/10/2017,3349.8
20/10/2017,3340.73
19/10/2017,3334.91
17/10/2017,3329.03
16/10/2017,3323.06
13/10/2017,3319.11
12/10/2017,3303.09
11/10/2017,3280.28
10/10/2017,3288.95
09/10/2017,3291.56
06/10/2017,3291.29
05/10/2017,3261.84
04/10/2017,3236.65
03/10/2017,3246.08
02/10/2017,3262.1
29/09/2017,3219.91
28/09/2017,3227.14
27/09/2017,3236.15
26/09/2017,3212.04
25/09/2017,3215.91
22/09/2017,3220.25
21/09/2017,3213.82
20/09/2017,3218.07
19/09/2017,3225.95
18/09/2017,3241.85
15/09/2017,3209.56
14/09/2017,3220.95
13/09/2017,3230.36
12/09/2017,3235.69
11/09/2017,3228.51
08/09/2017,3228.56
07/09/2017,3228.06
06/09/2017,3232.47
05/09/2017,3251.26
04/09/2017,3230.97
31/08/2017,3277.26
30/08/2017,3265.26
29/08/2017,3249.34
28/08/2017,3267.62
25/08/2017,3259.57
24/08/2017,3272.16
23/08/2017,3260.05
22/08/2017,3263.79
21/08/2017,3246.99
18/08/2017,3251.99
17/08/2017,3268.88
16/08/2017,3278.95
15/08/2017,3294.93
14/08/2017,3308.69
11/08/2017,3279.72
10/08/2017,3323.24
08/08/2017,3318.08
07/08/2017,3320.67
04/08/2017,3326.52
03/08/2017,3342.92
02/08/2017,3348.8
01/08/2017,3338.2
31/07/2017,3329.52
28/07/2017,3330.75
27/07/2017,3354.71
26/07/2017,3336.72
25/07/2017,3327.83
24/07/2017,3310.8
21/07/2017,3314.12
20/07/2017,3293.13
19/07/2017,3325.07
18/07/2017,3306.08
17/07/2017,3298.24
14/07/2017,3287.43
13/07/2017,3235.67
12/07/2017,3208.91
11/07/2017,3218.8
10/07/2017,3246.35
07/07/2017,3229.01
06/07/2017,3226.34
05/07/2017,3248.71
04/07/2017,3211.17
03/07/2017,3223.46
30/06/2017,3226.48
29/06/2017,3258.65
28/06/2017,3215.7
27/06/2017,3219.53
23/06/2017,3209.47
22/06/2017,3215.55
21/06/2017,3201.77
20/06/2017,3230.42
19/06/2017,3247.18
16/06/2017,3231.44
15/06/2017,3232.09
14/06/2017,3253.43
13/06/2017,3257.52
12/06/2017,3248.34
09/06/2017,3254.19
08/06/2017,3237.05
07/06/2017,3230.49
06/06/2017,3235.75
05/06/2017,3238.31
02/06/2017,3240.01
01/06/2017,3235.96
31/05/2017,3210.82
30/05/2017,3204.79
29/05/2017,3214.55
26/05/2017,3219.42
25/05/2017,3234.37
24/05/2017,3231.24
23/05/2017,3222.69
22/05/2017,3213.57
19/05/2017,3216.92
18/05/2017,3221.66
17/05/2017,3224.1
16/05/2017,3227.71
15/05/2017,3264.21
12/05/2017,3255.29
11/05/2017,3271.11
09/05/2017,3249.97
08/05/2017,3236.98
05/05/2017,3229.73
04/05/2017,3228.62
03/05/2017,3237.81
02/05/2017,3211.11
28/04/2017,3175.44
27/04/2017,3171.36
26/04/2017,3173.76
25/04/2017,3163.93
24/04/2017,3144.03
21/04/2017,3139.83
20/04/2017,3137.88
19/04/2017,3126.28
18/04/2017,3137.54
17/04/2017,3138.3
13/04/2017,3169.24
12/04/2017,3186.01
11/04/2017,3174.75
10/04/2017,3181.45
07/04/2017,3177.27
06/04/2017,3175.59
05/04/2017,3176.55
04/04/2017,3179.06
03/04/2017,3187.51
31/03/2017,3175.11
30/03/2017,3173.24
29/03/2017,3184.57
28/03/2017,3157.82
27/03/2017,3126.88
24/03/2017,3142.9
23/03/2017,3126.93
22/03/2017,3118.19
21/03/2017,3158.57
20/03/2017,3165.7
17/03/2017,3169.38
16/03/2017,3163.52
15/03/2017,3137.43
14/03/2017,3143.4
13/03/2017,3147.15
10/03/2017,3133.35
09/03/2017,3118.84
08/03/2017,3145.29
07/03/2017,3130.44
06/03/2017,3121.51
03/03/2017,3122.34
02/03/2017,3136.48
01/03/2017,3122.77
28/02/2017,3096.61
27/02/2017,3108.62
24/02/2017,3117.03
23/02/2017,3137.57
22/02/2017,3122.2
21/02/2017,3094.19
20/02/2017,3096.69
17/02/2017,3107.65
16/02/2017,3096.69
15/02/2017,3088.48
14/02/2017,3072.47
13/02/2017,3111.63
10/02/2017,3100.39
09/02/2017,3079.96
08/02/2017,3066.53
07/02/2017,3071.64
06/02/2017,3056.91
03/02/2017,3041.94
02/02/2017,3044.08
01/02/2017,3067.49
31/01/2017,3046.8
27/01/2017,3064.85
26/01/2017,3051.78
25/01/2017,3039.94
24/01/2017,3041.95
23/01/2017,3025.48
20/01/2017,3011.08
19/01/2017,3008.22
18/01/2017,3000.22
17/01/2017,3012.77
16/01/2017,3013.12
13/01/2017,3025.07
12/01/2017,2993
11/01/2017,3000.94
10/01/2017,3006.02
09/01/2017,2981.54
06/01/2017,2962.63
05/01/2017,2954.14
04/01/2017,2921.31
03/01/2017,2898.97
30/12/2016,2880.76
29/12/2016,2889.15
28/12/2016,2898.3
27/12/2016,2885.76
23/12/2016,2871.05
22/12/2016,2882.04
21/12/2016,2901.7
20/12/2016,2911.31
19/12/2016,2913.08
16/12/2016,2937.86
15/12/2016,2930.77
14/12/2016,2954.06
13/12/2016,2955.23
12/12/2016,2952.19
09/12/2016,2956.13
08/12/2016,2958.86
07/12/2016,2959.84
06/12/2016,2949.12
05/12/2016,2943.05
02/12/2016,2919.37
01/12/2016,2928.58
30/11/2016,2905.17
29/11/2016,2879.14
28/11/2016,2874.65
25/11/2016,2859.33
24/11/2016,2843.72
23/11/2016,2839.69
22/11/2016,2822.2
21/11/2016,2816.67
18/11/2016,2838.65
17/11/2016,2813.48
16/11/2016,2793.99
15/11/2016,2797.55
14/11/2016,2787.27
11/11/2016,2814.6
10/11/2016,2834.09
09/11/2016,2789.88
08/11/2016,2820.24
07/11/2016,2800.95
04/11/2016,2788.8
03/11/2016,2802.08
02/11/2016,2807.14
01/11/2016,2813.69
31/10/2016,2813.87
28/10/2016,2816.26
27/10/2016,2828.94
26/10/2016,2828.57
25/10/2016,2854.05
24/10/2016,2856.68
21/10/2016,2831.06
20/10/2016,2842.62
19/10/2016,2844.62
18/10/2016,2830.63
17/10/2016,2817.07
14/10/2016,2815.24
13/10/2016,2805.48
12/10/2016,2813.71
11/10/2016,2856.13
10/10/2016,2870.24
07/10/2016,2875.24
06/10/2016,2885.22
05/10/2016,2881.79
04/10/2016,2884.64
03/10/2016,2870.84
30/09/2016,2869.47
29/09/2016,2885.71
28/09/2016,2858.01
27/09/2016,2860.23
26/09/2016,2849.94
23/09/2016,2856.95
22/09/2016,2846.06
21/09/2016,2850.74
20/09/2016,2854.69
19/09/2016,2852.14
16/09/2016,2827.45
15/09/2016,2805.52
14/09/2016,2809.35
13/09/2016,2818.38
09/09/2016,2873.33
08/09/2016,2894.48
07/09/2016,2893.65
06/09/2016,2896.55
05/09/2016,2851.74
02/09/2016,2803.92
01/09/2016,2816.47
31/08/2016,2820.59
30/08/2016,2828.39
29/08/2016,2829.43
26/08/2016,2857.65
25/08/2016,2876.93
24/08/2016,2869.57
23/08/2016,2850.43
22/08/2016,2841.19
19/08/2016,2844.02
18/08/2016,2836.98
17/08/2016,2843.35
16/08/2016,2858.8
15/08/2016,2867.21
12/08/2016,2867.4
11/08/2016,2869.82
10/08/2016,2875.57
08/08/2016,2870.78
05/08/2016,2828.17
04/08/2016,2831.96
03/08/2016,2827.58
02/08/2016,2856.67
01/08/2016,2892.52
29/07/2016,2868.69
28/07/2016,2918.62
27/07/2016,2941.49
26/07/2016,2933.44
25/07/2016,2929.85
22/07/2016,2945.35
21/07/2016,2940.48
20/07/2016,2945.74
19/07/2016,2919.54
18/07/2016,2928.76
15/07/2016,2925.35
14/07/2016,2906.92
13/07/2016,2910.65
12/07/2016,2901.82
11/07/2016,2876.14
08/07/2016,2847.04
07/07/2016,2862.17
05/07/2016,2864.67
04/07/2016,2870.56
01/07/2016,2846.37
30/06/2016,2840.93
29/06/2016,2792.73
28/06/2016,2756.53
27/06/2016,2729.85
24/06/2016,2735.39
23/06/2016,2793.85
22/06/2016,2786.13
21/06/2016,2789.45
20/06/2016,2800.87
17/06/2016,2763.42
16/06/2016,2751.56
15/06/2016,2774.25
14/06/2016,2768.33
13/06/2016,2785.43
10/06/2016,2822.97
09/06/2016,2843.8
08/06/2016,2862.38
07/06/2016,2848.09
06/06/2016,2831.28
03/06/2016,2809.23
02/06/2016,2795.09
01/06/2016,2790.54
31/05/2016,2791.06
30/05/2016,2796.75
27/05/2016,2802.51
26/05/2016,2773.31
25/05/2016,2766.66
24/05/2016,2750.23
23/05/2016,2766.93
20/05/2016,2763.82
19/05/2016,2740.11
18/05/2016,2777.11
17/05/2016,2781.11
16/05/2016,2736.06
13/05/2016,2734.91
12/05/2016,2745.39
11/05/2016,2732.87
10/05/2016,2741.15
09/05/2016,2766.06
06/05/2016,2730.8
05/05/2016,2767.81
04/05/2016,2773.07
03/05/2016,2811.2
29/04/2016,2838.52
28/04/2016,2862.3
27/04/2016,2874.72
26/04/2016,2894.66
25/04/2016,2900.28
22/04/2016,2940.43
21/04/2016,2960.78
20/04/2016,2949.95
19/04/2016,2951.81
18/04/2016,2917.75
15/04/2016,2923.94
14/04/2016,2913.93
13/04/2016,2890.41
12/04/2016,2814.65
11/04/2016,2809.24
08/04/2016,2808.32
07/04/2016,2813.59
06/04/2016,2811.25
05/04/2016,2800.92
04/04/2016,2835.35
01/04/2016,2818.49
31/03/2016,2840.9
30/03/2016,2872.78
29/03/2016,2819.08
28/03/2016,2830.29
24/03/2016,2847.39
23/03/2016,2881.98
22/03/2016,2880.65
21/03/2016,2880.69
18/03/2016,2906.8
17/03/2016,2880.17
16/03/2016,2844.21
15/03/2016,2839.44
14/03/2016,2847.06
11/03/2016,2828.86
10/03/2016,2809.12
09/03/2016,2810.43
08/03/2016,2778.77
07/03/2016,2823.51
04/03/2016,2837
03/03/2016,2787.62
02/03/2016,2726.96
01/03/2016,2682.39
29/02/2016,2666.51
26/02/2016,2649.38
25/02/2016,2603.4
24/02/2016,2619.96
23/02/2016,2672.07
22/02/2016,2660.65
19/02/2016,2656.87
18/02/2016,2657.57
17/02/2016,2613.79
16/02/2016,2644.58
15/02/2016,2607.9
12/02/2016,2539.95
11/02/2016,2538.28
10/02/2016,2582.1
05/02/2016,2623.21
04/02/2016,2558.49
03/02/2016,2550.74
02/02/2016,2579.23
01/02/2016,2602.41
29/01/2016,2629.11
28/01/2016,2562.45
27/01/2016,2546.18
26/01/2016,2545.61
25/01/2016,2582.64
22/01/2016,2577.09
21/01/2016,2532.7
20/01/2016,2559.77
19/01/2016,2638.47
18/01/2016,2593
15/01/2016,2630.76
14/01/2016,2644.57
13/01/2016,2696.5
12/01/2016,2691.78
11/01/2016,2708.85
08/01/2016,2751.23
07/01/2016,2729.91
06/01/2016,2804.27
05/01/2016,2834.23
04/01/2016,2835.97
31/12/2015,2882.73
30/12/2015,2885.51
29/12/2015,2888.22
28/12/2015,2875.32
25/12/2015,2877.62
24/12/2015,2877.62
23/12/2015,2863.65
22/12/2015,2852.97
21/12/2015,2845.55
18/12/2015,2852.84
17/12/2015,2861.18
16/12/2015,2840.92
15/12/2015,2815.52
14/12/2015,2815.04
11/12/2015,2834.63
10/12/2015,2848.46
09/12/2015,2861.19
08/12/2015,2876.03
07/12/2015,2900.92
04/12/2015,2879.05
03/12/2015,2883.89
02/12/2015,2883.64
01/12/2015,2870.26
30/11/2015,2855.94
27/11/2015,2859.12
26/11/2015,2884.69
25/11/2015,2891.58
24/11/2015,2923.49
23/11/2015,2903.49
20/11/2015,2917.91
19/11/2015,2919.83
18/11/2015,2886.08
17/11/2015,2916.78
16/11/2015,2915.73
13/11/2015,2925.68
12/11/2015,2959.01
11/11/2015,2981.59
09/11/2015,2997.72
06/11/2015,3010.47
05/11/2015,3023.65
04/11/2015,3040.48
03/11/2015,2999.56
02/11/2015,2974.41
30/10/2015,2998.35
29/10/2015,3001.51
28/10/2015,3040.51
27/10/2015,3052.53
26/10/2015,3083.07
23/10/2015,3068.46
22/10/2015,3038.11
21/10/2015,3025.7
20/10/2015,3019.03
19/10/2015,3024.5
16/10/2015,3030.61
15/10/2015,3015.14
14/10/2015,2983.92
13/10/2015,2984.88
12/10/2015,3032.11
09/10/2015,2998.5
08/10/2015,2947.03
07/10/2015,2961.81
06/10/2015,2897.41
05/10/2015,2851.25
02/10/2015,2793.15
01/10/2015,2801.85
30/09/2015,2790.89
29/09/2015,2787.94
28/09/2015,2791.92
25/09/2015,2832.64
23/09/2015,2845.74
22/09/2015,2868.47
21/09/2015,2882.27
18/09/2015,2879.59
17/09/2015,2895.81
16/09/2015,2868.74
15/09/2015,2841.94
14/09/2015,2871.47
10/09/2015,2888.03
09/09/2015,2928.18
08/09/2015,2885.32
07/09/2015,2852.41
04/09/2015,2863.81
03/09/2015,2906.43
02/09/2015,2878.13
01/09/2015,2882.77
31/08/2015,2921.44
28/08/2015,2955.94
27/08/2015,2945.43
26/08/2015,2873
25/08/2015,2886.29
24/08/2015,2843.39
21/08/2015,2971.01
20/08/2015,3009.78
19/08/2015,3041.25
18/08/2015,3049.65
17/08/2015,3067.35
14/08/2015,3114.25
13/08/2015,3091.78
12/08/2015,3061.49
11/08/2015,3153.06
06/08/2015,3196.66
05/08/2015,3191.39
04/08/2015,3191.04
03/08/2015,3192.79
31/07/2015,3202.5
30/07/2015,3249.52
29/07/2015,3284
28/07/2015,3281.09
27/07/2015,3313.42
24/07/2015,3352.65
23/07/2015,3356.37
22/07/2015,3359.17
21/07/2015,3371.41
20/07/2015,3373.48
16/07/2015,3353.45
15/07/2015,3338.86
14/07/2015,3316.5
13/07/2015,3311.22
10/07/2015,3279.88
09/07/2015,3267.4
08/07/2015,3284.99
07/07/2015,3340.93
06/07/2015,3332.94
03/07/2015,3342.73
02/07/2015,3327.84
01/07/2015,3331.14
30/06/2015,3317.33
29/06/2015,3280.18
26/06/2015,3320.9
25/06/2015,3349.87
24/06/2015,3351.33
23/06/2015,3339.78
22/06/2015,3315.13
19/06/2015,3300.96
18/06/2015,3300.42
17/06/2015,3325.91
16/06/2015,3298.09
15/06/2015,3323.13
12/06/2015,3353.85
11/06/2015,3347.67
10/06/2015,3325.77
09/06/2015,3295.13
08/06/2015,3320.33
05/06/2015,3333.67
04/06/2015,3345
03/06/2015,3349.84
02/06/2015,3340.75
29/05/2015,3392.11
28/05/2015,3417.77
27/05/2015,3424.94
26/05/2015,3459.98
25/05/2015,3460.85
22/05/2015,3450.18
21/05/2015,3439.86
20/05/2015,3439.68
19/05/2015,3454.04
18/05/2015,3459.57
15/05/2015,3463.1
14/05/2015,3455.78
13/05/2015,3453.17
12/05/2015,3442.33
11/05/2015,3470.8
08/05/2015,3452.01
07/05/2015,3432.78
06/05/2015,3459.79
05/05/2015,3471.19
04/05/2015,3482.7
30/04/2015,3487.39
29/04/2015,3487.15
28/04/2015,3495.09
27/04/2015,3515.85
24/04/2015,3513
23/04/2015,3502.75
22/04/2015,3496.24
21/04/2015,3508.61
20/04/2015,3503.25
17/04/2015,3525.19
16/04/2015,3531.61
15/04/2015,3539.95
14/04/2015,3521.08
13/04/2015,3484.39
10/04/2015,3472.38
09/04/2015,3460.3
08/04/2015,3460.68
07/04/2015,3465.62
06/04/2015,3452.91
02/04/2015,3453.75
01/04/2015,3447.02
31/03/2015,3447.01
30/03/2015,3454.26
27/03/2015,3450.1
26/03/2015,3431.59
25/03/2015,3419.02
24/03/2015,3413.26
23/03/2015,3410.13
20/03/2015,3412.44
19/03/2015,3386.16
18/03/2015,3361.75
17/03/2015,3369.95
16/03/2015,3376.04
13/03/2015,3362.77
12/03/2015,3373.6
11/03/2015,3378.59
10/03/2015,3398.26
09/03/2015,3404.57
06/03/2015,3417.51
05/03/2015,3395.27
04/03/2015,3415.53
03/03/2015,3422.11
02/03/2015,3403.89
27/02/2015,3402.86
26/02/2015,3426.18
25/02/2015,3440.83
24/02/2015,3437.61
23/02/2015,3421.3
18/02/2015,3435.66
17/02/2015,3415.91
16/02/2015,3427.16
13/02/2015,3426.22
12/02/2015,3419.17
11/02/2015,3444.57
10/02/2015,3434.24
09/02/2015,3418.02
06/02/2015,3431.36
05/02/2015,3406.58
04/02/2015,3417.57
03/02/2015,3408.02
02/02/2015,3423.35
30/01/2015,3391.2
29/01/2015,3419.05
28/01/2015,3419.15
27/01/2015,3412.2
26/01/2015,3398.52
23/01/2015,3411.5
22/01/2015,3370.29
21/01/2015,3354.46
20/01/2015,3334.02
19/01/2015,3307.7
16/01/2015,3300.68
15/01/2015,3338.84
14/01/2015,3326.16
13/01/2015,3341.07
12/01/2015,3344.89
09/01/2015,3338.44
08/01/2015,3345.11
07/01/2015,3298.36
06/01/2015,3281.95
05/01/2015,3328.28
02/01/2015,3370.59
