date,Terakhir
23/02/2026,"16.853,3"
22/02/2026,"16.853,3"
20/02/2026,"16.865,0"
19/02/2026,"16.875,0"
18/02/2026,"16.880,0"
17/02/2026,"16.830,0"
16/02/2026,"16.830,0"
13/02/2026,"16.830,0"
12/2/2026,"16.815,0"
11/2/2026,"16.780,0"
10/2/2026,"16.795,0"
9/2/2026,"16.800,0"
6/2/2026,"16.865,0"
5/2/2026,"16.830,0"
4/2/2026,"16.770,0"
3/2/2026,"16.760,0"
2/2/2026,"16.790,0"
30/01/2026,"16.785,0"
29/01/2026,"16.747,5"
28/01/2026,"16.705,0"
27/01/2026,"16.765,0"
26/01/2026,"16.775,0"
23/01/2026,"16.815,0"
22/01/2026,"16.885,0"
21/01/2026,"16.935,0"
20/01/2026,"16.950,0"
19/01/2026,"16.940,0"
16/01/2026,"16.885,0"
15/01/2026,"16.885,0"
14/01/2026,"16.860,0"
13/01/2026,"16.865,0"
12/1/2026,"16.830,0"
9/1/2026,"16.800,0"
8/1/2026,"16.790,0"
7/1/2026,"16.775,0"
6/1/2026,"16.750,0"
5/1/2026,"16.740,0"
2/1/2026,"16.720,0"
1/1/2026,"16.675,0"
31/12/2025,"16.675,0"
30/12/2025,"16.760,0"
29/12/2025,"16.785,0"
26/12/2025,"16.755,0"
25/12/2025,"16.755,0"
24/12/2025,"16.755,0"
23/12/2025,"16.770,0"
22/12/2025,"16.770,0"
19/12/2025,"16.740,0"
18/12/2025,"16.715,0"
17/12/2025,"16.685,0"
16/12/2025,"16.690,0"
15/12/2025,"16.665,0"
12/12/2025,"16.640,0"
11/12/2025,"16.670,0"
10/12/2025,"16.685,0"
9/12/2025,"16.665,0"
8/12/2025,"16.690,0"
5/12/2025,"16.640,0"
4/12/2025,"16.645,0"
3/12/2025,"16.620,0"
2/12/2025,"16.620,0"
1/12/2025,"16.655,0"
28/11/2025,"16.655,0"
27/11/2025,"16.640,0"
26/11/2025,"16.660,0"
25/11/2025,"16.660,0"
24/11/2025,"16.692,5"
21/11/2025,"16.694,0"
20/11/2025,"16.730,0"
19/11/2025,"16.692,5"
18/11/2025,"16.740,0"
17/11/2025,"16.725,0"
14/11/2025,"16.694,0"
13/11/2025,"16.725,0"
12/11/2025,"16.697,0"
11/11/2025,"16.685,0"
10/11/2025,"16.650,0"
7/11/2025,"16.684,5"
6/11/2025,"16.694,0"
5/11/2025,"16.705,0"
4/11/2025,"16.697,0"
3/11/2025,"16.655,0"
31/10/2025,"16.630,0"
30/10/2025,"16.640,0"
29/10/2025,"16.615,0"
28/10/2025,"16.605,0"
27/10/2025,"16.615,0"
24/10/2025,"16.595,0"
23/10/2025,"16.620,0"
22/10/2025,"16.575,0"
21/10/2025,"16.590,0"
20/10/2025,"16.575,0"
17/10/2025,"16.580,0"
16/10/2025,"16.570,0"
15/10/2025,"16.565,0"
14/10/2025,"16.575,0"
13/10/2025,"16.560,0"
10/10/2025,"16.550,0"
9/10/2025,"16.545,0"
8/10/2025,"16.560,0"
7/10/2025,"16.540,0"
6/10/2025,"16.550,0"
3/10/2025,"16.535,0"
2/10/2025,"16.585,0"
1/10/2025,"16.605,0"
30/09/2025,"16.665,0"
29/09/2025,"16.670,0"
26/09/2025,"16.730,0"
25/09/2025,"16.740,0"
24/09/2025,"16.675,0"
23/09/2025,"16.665,0"
22/09/2025,"16.605,0"
19/09/2025,"16.590,0"
18/09/2025,"16.505,0"
17/09/2025,"16.430,0"
16/09/2025,"16.440,0"
15/09/2025,"16.410,0"
12/9/2025,"16.377,5"
11/9/2025,"16.460,0"
10/9/2025,"16.460,0"
9/9/2025,"16.475,0"
8/9/2025,"16.304,0"
5/9/2025,"16.420,0"
4/9/2025,"16.420,0"
3/9/2025,"16.414,5"
2/9/2025,"16.400,0"
1/9/2025,"16.415,0"
29/08/2025,"16.490,0"
28/08/2025,"16.345,0"
27/08/2025,"16.360,0"
26/08/2025,"16.294,5"
25/08/2025,"16.254,5"
22/08/2025,"16.340,0"
21/08/2025,"16.285,0"
20/08/2025,"16.267,5"
19/08/2025,"16.240,0"
18/08/2025,"16.160,0"
15/08/2025,"16.160,0"
14/08/2025,"16.110,5"
13/08/2025,"16.194,0"
12/8/2025,"16.285,0"
11/8/2025,"16.270,0"
8/8/2025,"16.290,0"
7/8/2025,"16.290,0"
6/8/2025,"16.360,0"
5/8/2025,"16.380,0"
4/8/2025,"16.390,0"
1/8/2025,"16.490,0"
31/07/2025,"16.455,0"
30/07/2025,"16.390,0"
29/07/2025,"16.394,5"
28/07/2025,"16.340,0"
25/07/2025,"16.315,0"
24/07/2025,"16.285,0"
23/07/2025,"16.290,0"
22/07/2025,"16.310,0"
21/07/2025,"16.310,0"
18/07/2025,"16.290,0"
17/07/2025,"16.330,0"
16/07/2025,"16.270,0"
15/07/2025,"16.260,0"
14/07/2025,"16.245,0"
11/7/2025,"16.210,0"
10/7/2025,"16.220,0"
9/7/2025,"16.242,5"
8/7/2025,"16.205,0"
7/7/2025,"16.230,0"
4/7/2025,"16.185,0"
3/7/2025,"16.190,0"
2/7/2025,"16.240,0"
1/7/2025,"16.190,0"
30/06/2025,"16.235,0"
27/06/2025,"16.204,0"
26/06/2025,"16.204,0"
25/06/2025,"16.290,0"
24/06/2025,"16.350,0"
23/06/2025,"16.485,0"
20/06/2025,"16.385,0"
19/06/2025,"16.395,0"
18/06/2025,"16.300,0"
17/06/2025,"16.280,0"
16/06/2025,"16.265,0"
13/06/2025,"16.295,0"
12/6/2025,"16.235,0"
11/6/2025,"16.255,0"
10/6/2025,"16.270,0"
9/6/2025,"16.275,0"
6/6/2025,"16.275,0"
5/6/2025,"16.275,0"
4/6/2025,"16.290,0"
3/6/2025,"16.285,0"
2/6/2025,"16.245,0"
30/05/2025,"16.290,0"
29/05/2025,"16.290,0"
28/05/2025,"16.290,0"
27/05/2025,"16.272,5"
26/05/2025,"16.240,0"
23/05/2025,"16.217,5"
22/05/2025,"16.330,0"
21/05/2025,"16.395,0"
20/05/2025,"16.415,0"
19/05/2025,"16.430,0"
16/05/2025,"16.440,0"
15/05/2025,"16.515,0"
14/05/2025,"16.550,0"
13/05/2025,"16.515,0"
12/5/2025,"16.515,0"
9/5/2025,"16.515,0"
8/5/2025,"16.494,0"
7/5/2025,"16.535,0"
6/5/2025,"16.450,0"
5/5/2025,"16.435,0"
2/5/2025,"16.435,0"
1/5/2025,"16.600,0"
30/04/2025,"16.600,0"
29/04/2025,"16.760,0"
28/04/2025,"16.855,0"
25/04/2025,"16.830,0"
24/04/2025,"16.870,0"
23/04/2025,"16.865,0"
22/04/2025,"16.855,0"
21/04/2025,"16.800,0"
18/04/2025,"16.820,0"
17/04/2025,"16.820,0"
16/04/2025,"16.820,0"
15/04/2025,"16.810,0"
14/04/2025,"16.770,0"
11/4/2025,"16.790,0"
10/4/2025,"16.795,0"
9/4/2025,"16.860,0"
8/4/2025,"16.860,0"
7/4/2025,"16.555,0"
4/4/2025,"16.555,0"
3/4/2025,"16.555,0"
2/4/2025,"16.555,0"
1/4/2025,"16.555,0"
31/03/2025,"16.555,0"
28/03/2025,"16.555,0"
27/03/2025,"16.555,0"
26/03/2025,"16.575,0"
25/03/2025,"16.590,0"
24/03/2025,"16.550,0"
21/03/2025,"16.495,0"
20/03/2025,"16.470,0"
19/03/2025,"16.520,0"
18/03/2025,"16.420,0"
17/03/2025,"16.395,0"
14/03/2025,"16.345,0"
13/03/2025,"16.420,0"
12/3/2025,"16.440,0"
11/3/2025,"16.400,0"
10/3/2025,"16.335,0"
7/3/2025,"16.290,0"
6/3/2025,"16.325,0"
5/3/2025,"16.310,0"
4/3/2025,"16.440,0"
3/3/2025,"16.475,0"
28/02/2025,"16.575,0"
27/02/2025,"16.445,0"
26/02/2025,"16.365,0"
25/02/2025,"16.340,0"
24/02/2025,"16.270,0"
21/02/2025,"16.300,0"
20/02/2025,"16.325,0"
19/02/2025,"16.330,0"
18/02/2025,"16.270,0"
17/02/2025,"16.210,0"
14/02/2025,"16.255,0"
13/02/2025,"16.350,0"
12/2/2025,"16.360,0"
11/2/2025,"16.370,0"
10/2/2025,"16.340,0"
7/2/2025,"16.270,0"
6/2/2025,"16.325,0"
5/2/2025,"16.280,0"
4/2/2025,"16.340,0"
3/2/2025,"16.430,0"
31/01/2025,"16.295,0"
30/01/2025,"16.255,0"
29/01/2025,"16.170,0"
28/01/2025,"16.170,0"
27/01/2025,"16.170,0"
24/01/2025,"16.170,0"
23/01/2025,"16.275,0"
22/01/2025,"16.280,0"
21/01/2025,"16.330,0"
20/01/2025,"16.355,0"
17/01/2025,"16.360,0"
16/01/2025,"16.355,0"
15/01/2025,"16.315,0"
14/01/2025,"16.260,0"
13/01/2025,"16.270,0"
10/1/2025,"16.180,0"
9/1/2025,"16.195,0"
8/1/2025,"16.190,0"
7/1/2025,"16.125,0"
6/1/2025,"16.190,0"
3/1/2025,"16.185,0"
2/1/2025,"16.190,0"
1/1/2025,"16.090,0"
31/12/2024,"16.090,0"
30/12/2024,"16.130,0"
27/12/2024,"16.230,0"
26/12/2024,"16.185,0"
25/12/2024,"16.185,0"
24/12/2024,"16.185,0"
23/12/2024,"16.170,0"
20/12/2024,"16.190,0"
19/12/2024,"16.285,0"
18/12/2024,"16.085,0"
17/12/2024,"16.060,0"
16/12/2024,"15.995,0"
13/12/2024,"15.990,0"
12/12/2024,"15.920,0"
11/12/2024,"15.910,0"
10/12/2024,"15.860,0"
9/12/2024,"15.860,0"
6/12/2024,"15.845,0"
5/12/2024,"15.855,0"
4/12/2024,"15.925,0"
3/12/2024,"15.935,0"
2/12/2024,"15.895,0"
29/11/2024,"15.840,0"
28/11/2024,"15.865,0"
27/11/2024,"15.925,0"
26/11/2024,"15.925,0"
25/11/2024,"15.865,0"
22/11/2024,"15.870,0"
21/11/2024,"15.920,0"
20/11/2024,"15.860,0"
19/11/2024,"15.825,0"
18/11/2024,"15.845,0"
15/11/2024,"15.850,0"
14/11/2024,"15.850,0"
13/11/2024,"15.770,0"
12/11/2024,"15.775,0"
11/11/2024,"15.675,0"
8/11/2024,"15.665,0"
7/11/2024,"15.730,0"
6/11/2024,"15.825,0"
5/11/2024,"15.730,0"
4/11/2024,"15.750,0"
1/11/2024,"15.715,0"
31/10/2024,"15.690,0"
30/10/2024,"15.690,0"
29/10/2024,"15.755,0"
28/10/2024,"15.720,0"
25/10/2024,"15.635,0"
24/10/2024,"15.575,0"
23/10/2024,"15.615,0"
22/10/2024,"15.555,0"
21/10/2024,"15.490,0"
18/10/2024,"15.460,0"
17/10/2024,"15.490,0"
16/10/2024,"15.505,0"
15/10/2024,"15.575,0"
14/10/2024,"15.555,0"
11/10/2024,"15.575,0"
10/10/2024,"15.660,0"
9/10/2024,"15.615,0"
8/10/2024,"15.640,0"
7/10/2024,"15.675,0"
4/10/2024,"15.480,0"
3/10/2024,"15.415,0"
2/10/2024,"15.260,0"
1/10/2024,"15.195,0"
30/09/2024,"15.135,0"
27/09/2024,"15.120,0"
26/09/2024,"15.160,0"
25/09/2024,"15.095,0"
24/09/2024,"15.180,0"
23/09/2024,"15.195,0"
20/09/2024,"15.145,0"
19/09/2024,"15.230,0"
18/09/2024,"15.330,0"
17/09/2024,"15.330,0"
16/09/2024,"15.393,1"
13/09/2024,"15.395,0"
12/9/2024,"15.425,0"
11/9/2024,"15.395,0"
10/9/2024,"15.445,0"
9/9/2024,"15.450,0"
6/9/2024,"15.360,0"
5/9/2024,"15.395,0"
4/9/2024,"15.470,0"
3/9/2024,"15.520,0"
2/9/2024,"15.520,0"
30/08/2024,"15.450,0"
29/08/2024,"15.410,0"
28/08/2024,"15.420,0"
27/08/2024,"15.490,0"
26/08/2024,"15.425,0"
23/08/2024,"15.485,0"
22/08/2024,"15.595,0"
21/08/2024,"15.480,0"
20/08/2024,"15.430,0"
19/08/2024,"15.545,0"
16/08/2024,"15.685,0"
15/08/2024,"15.690,0"
14/08/2024,"15.675,0"
13/08/2024,"15.830,0"
12/8/2024,"15.950,0"
9/8/2024,"15.920,0"
8/8/2024,"15.890,0"
7/8/2024,"16.030,0"
6/8/2024,"16.160,0"
5/8/2024,"16.180,0"
2/8/2024,"16.195,0"
1/8/2024,"16.230,0"
31/07/2024,"16.255,0"
30/07/2024,"16.295,0"
29/07/2024,"16.275,0"
26/07/2024,"16.285,0"
25/07/2024,"16.245,0"
24/07/2024,"16.210,0"
23/07/2024,"16.205,0"
22/07/2024,"16.215,0"
19/07/2024,"16.185,0"
18/07/2024,"16.150,0"
17/07/2024,"16.095,0"
16/07/2024,"16.175,0"
15/07/2024,"16.165,0"
12/7/2024,"16.135,0"
11/7/2024,"16.190,0"
10/7/2024,"16.235,0"
9/7/2024,"16.245,0"
8/7/2024,"16.250,0"
5/7/2024,"16.275,0"
4/7/2024,"16.325,0"
3/7/2024,"16.365,0"
2/7/2024,"16.390,0"
1/7/2024,"16.320,0"
28/06/2024,"16.370,0"
27/06/2024,"16.395,0"
26/06/2024,"16.400,0"
25/06/2024,"16.370,0"
24/06/2024,"16.390,0"
21/06/2024,"16.445,0"
20/06/2024,"16.425,0"
19/06/2024,"16.360,0"
18/06/2024,"16.376,1"
17/06/2024,"16.486,0"
14/06/2024,"16.395,0"
13/06/2024,"16.265,0"
12/6/2024,"16.290,0"
11/6/2024,"16.285,0"
10/6/2024,"16.275,0"
7/6/2024,"16.190,0"
6/6/2024,"16.255,0"
5/6/2024,"16.280,0"
4/6/2024,"16.215,0"
3/6/2024,"16.225,0"
31/05/2024,"16.245,0"
30/05/2024,"16.255,0"
29/05/2024,"16.155,0"
28/05/2024,"16.085,0"
27/05/2024,"16.060,0"
24/05/2024,"16.045,0"
23/05/2024,"16.102,3"
22/05/2024,"15.990,0"
21/05/2024,"15.990,0"
20/05/2024,"15.970,0"
17/05/2024,"15.950,0"
16/05/2024,"15.920,0"
15/05/2024,"16.025,0"
14/05/2024,"16.090,0"
13/05/2024,"16.075,0"
10/5/2024,"16.058,9"
9/5/2024,"16.026,0"
8/5/2024,"16.040,0"
7/5/2024,"16.040,0"
6/5/2024,"16.020,0"
3/5/2024,"16.080,0"
2/5/2024,"16.180,0"
1/5/2024,"16.193,6"
30/04/2024,"16.255,0"
29/04/2024,"16.250,0"
26/04/2024,"16.205,0"
25/04/2024,"16.185,0"
24/04/2024,"16.150,0"
23/04/2024,"16.215,0"
22/04/2024,"16.230,0"
19/04/2024,"16.250,0"
18/04/2024,"16.170,0"
17/04/2024,"16.215,0"
16/04/2024,"16.170,0"
15/04/2024,"16.116,7"
12/4/2024,"16.117,0"
11/4/2024,"16.031,0"
10/4/2024,"15.998,0"
9/4/2024,"15.899,0"
8/4/2024,"15.925,0"
5/4/2024,"15.840,0"
4/4/2024,"15.890,0"
3/4/2024,"15.915,0"
2/4/2024,"15.895,0"
1/4/2024,"15.885,0"
29/03/2024,"15.880,0"
28/03/2024,"15.850,0"
27/03/2024,"15.850,0"
26/03/2024,"15.785,0"
25/03/2024,"15.795,0"
22/03/2024,"15.775,0"
21/03/2024,"15.655,0"
20/03/2024,"15.710,0"
19/03/2024,"15.710,0"
18/03/2024,"15.685,0"
15/03/2024,"15.590,0"
14/03/2024,"15.575,0"
13/03/2024,"15.570,0"
12/3/2024,"15.561,0"
11/3/2024,"15.525,0"
8/3/2024,"15.585,0"
7/3/2024,"15.650,0"
6/3/2024,"15.695,0"
5/3/2024,"15.765,0"
4/3/2024,"15.735,0"
1/3/2024,"15.695,0"
29/02/2024,"15.710,0"
28/02/2024,"15.680,0"
27/02/2024,"15.635,0"
26/02/2024,"15.625,0"
23/02/2024,"15.590,0"
22/02/2024,"15.585,0"
21/02/2024,"15.630,0"
20/02/2024,"15.655,0"
19/02/2024,"15.625,0"
16/02/2024,"15.615,0"
15/02/2024,"15.615,0"
14/02/2024,"15.632,0"
13/02/2024,"15.590,0"
12/2/2024,"15.590,0"
9/2/2024,"15.611,5"
8/2/2024,"15.665,0"
7/2/2024,"15.630,0"
6/2/2024,"15.725,0"
5/2/2024,"15.700,0"
2/2/2024,"15.655,0"
1/2/2024,"15.760,0"
31/01/2024,"15.775,0"
30/01/2024,"15.777,0"
29/01/2024,"15.805,0"
26/01/2024,"15.815,0"
25/01/2024,"15.820,0"
24/01/2024,"15.705,0"
23/01/2024,"15.625,0"
22/01/2024,"15.630,0"
19/01/2024,"15.610,0"
18/01/2024,"15.615,0"
17/01/2024,"15.635,0"
16/01/2024,"15.585,0"
15/01/2024,"15.550,0"
12/1/2024,"15.545,0"
11/1/2024,"15.545,0"
10/1/2024,"15.565,0"
9/1/2024,"15.515,0"
8/1/2024,"15.520,0"
5/1/2024,"15.510,0"
4/1/2024,"15.485,0"
3/1/2024,"15.475,0"
2/1/2024,"15.465,0"
1/1/2024,"15.390,0"
29/12/2023,"15.395,0"
28/12/2023,"15.415,0"
27/12/2023,"15.425,0"
26/12/2023,"15.407,0"
25/12/2023,"15.467,0"
22/12/2023,"15.480,0"
21/12/2023,"15.520,0"
20/12/2023,"15.505,0"
19/12/2023,"15.500,0"
18/12/2023,"15.505,0"
15/12/2023,"15.490,0"
14/12/2023,"15.495,0"
13/12/2023,"15.655,0"
12/12/2023,"15.615,0"
11/12/2023,"15.610,0"
8/12/2023,"15.505,0"
7/12/2023,"15.510,0"
6/12/2023,"15.490,0"
5/12/2023,"15.500,0"
4/12/2023,"15.450,0"
1/12/2023,"15.480,0"
30/11/2023,"15.505,0"
29/11/2023,"15.390,0"
28/11/2023,"15.430,0"
27/11/2023,"15.490,0"
24/11/2023,"15.560,0"
23/11/2023,"15.550,0"
22/11/2023,"15.570,0"
21/11/2023,"15.435,0"
20/11/2023,"15.440,0"
17/11/2023,"15.490,0"
16/11/2023,"15.540,0"
15/11/2023,"15.530,0"
14/11/2023,"15.690,0"
13/11/2023,"15.695,0"
10/11/2023,"15.690,0"
9/11/2023,"15.650,0"
8/11/2023,"15.645,0"
7/11/2023,"15.625,0"
6/11/2023,"15.535,0"
3/11/2023,"15.725,0"
2/11/2023,"15.850,0"
1/11/2023,"15.930,0"
31/10/2023,"15.880,0"
30/10/2023,"15.885,0"
27/10/2023,"15.935,0"
26/10/2023,"15.915,0"
25/10/2023,"15.865,0"
24/10/2023,"15.845,0"
23/10/2023,"15.930,0"
20/10/2023,"15.870,0"
19/10/2023,"15.810,0"
18/10/2023,"15.725,0"
17/10/2023,"15.710,0"
16/10/2023,"15.715,0"
13/10/2023,"15.680,0"
12/10/2023,"15.685,0"
11/10/2023,"15.690,0"
10/10/2023,"15.730,0"
9/10/2023,"15.685,0"
6/10/2023,"15.605,0"
5/10/2023,"15.610,0"
4/10/2023,"15.625,0"
3/10/2023,"15.575,0"
2/10/2023,"15.525,0"
29/09/2023,"15.450,0"
28/09/2023,"15.481,0"
27/09/2023,"15.515,0"
26/09/2023,"15.485,0"
25/09/2023,"15.395,0"
22/09/2023,"15.370,0"
21/09/2023,"15.370,0"
20/09/2023,"15.375,0"
19/09/2023,"15.375,0"
18/09/2023,"15.365,0"
15/09/2023,"15.350,0"
14/09/2023,"15.350,0"
13/09/2023,"15.365,0"
12/9/2023,"15.335,0"
11/9/2023,"15.320,0"
8/9/2023,"15.320,0"
7/9/2023,"15.320,0"
6/9/2023,"15.290,0"
5/9/2023,"15.260,0"
4/9/2023,"15.235,0"
1/9/2023,"15.235,0"
31/08/2023,"15.225,0"
30/08/2023,"15.235,0"
29/08/2023,"15.255,0"
28/08/2023,"15.285,0"
25/08/2023,"15.290,0"
24/08/2023,"15.240,0"
23/08/2023,"15.290,0"
22/08/2023,"15.310,0"
21/08/2023,"15.320,0"
18/08/2023,"15.280,0"
17/08/2023,"15.361,8"
16/08/2023,"15.280,0"
15/08/2023,"15.335,0"
14/08/2023,"15.310,0"
11/8/2023,"15.210,0"
10/8/2023,"15.180,0"
9/8/2023,"15.190,0"
8/8/2023,"15.215,0"
7/8/2023,"15.180,0"
4/8/2023,"15.165,0"
3/8/2023,"15.180,0"
2/8/2023,"15.170,0"
1/8/2023,"15.110,0"
31/07/2023,"15.075,0"
28/07/2023,"15.090,0"
27/07/2023,"14.995,0"
26/07/2023,"15.015,0"
25/07/2023,"14.990,0"
24/07/2023,"15.020,0"
21/07/2023,"15.020,0"
20/07/2023,"14.985,0"
19/07/2023,"14.999,0"
18/07/2023,"14.990,0"
17/07/2023,"15.000,0"
14/07/2023,"14.955,0"
13/07/2023,"14.965,0"
12/7/2023,"15.075,0"
11/7/2023,"15.135,0"
10/7/2023,"15.190,0"
7/7/2023,"15.130,0"
6/7/2023,"15.040,0"
5/7/2023,"15.010,0"
4/7/2023,"14.990,0"
3/7/2023,"15.020,0"
30/06/2023,"15.040,4"
29/06/2023,"15.071,0"
28/06/2023,"14.987,9"
27/06/2023,"14.990,0"
26/06/2023,"15.010,0"
23/06/2023,"14.990,0"
22/06/2023,"14.935,0"
21/06/2023,"14.940,0"
20/06/2023,"14.995,0"
19/06/2023,"14.990,0"
16/06/2023,"14.930,0"
15/06/2023,"14.940,0"
14/06/2023,"14.895,0"
13/06/2023,"14.855,0"
12/6/2023,"14.860,0"
9/6/2023,"14.835,0"
8/6/2023,"14.890,0"
7/6/2023,"14.875,0"
6/6/2023,"14.855,0"
5/6/2023,"14.885,0"
2/6/2023,"14.902,0"
1/6/2023,"14.914,0"
31/05/2023,"14.985,0"
30/05/2023,"14.980,0"
29/05/2023,"14.965,0"
26/05/2023,"14.950,0"
25/05/2023,"14.945,0"
24/05/2023,"14.895,0"
23/05/2023,"14.875,0"
22/05/2023,"14.885,0"
19/05/2023,"14.920,0"
18/05/2023,"14.923,0"
17/05/2023,"14.860,0"
16/05/2023,"14.815,0"
15/05/2023,"14.795,0"
12/5/2023,"14.745,0"
11/5/2023,"14.720,0"
10/5/2023,"14.720,0"
9/5/2023,"14.725,0"
8/5/2023,"14.695,0"
5/5/2023,"14.670,0"
4/5/2023,"14.675,0"
3/5/2023,"14.680,0"
2/5/2023,"14.700,0"
28/04/2023,"14.665,0"
27/04/2023,"14.700,0"
26/04/2023,"14.830,0"
18/04/2023,"14.840,0"
17/04/2023,"14.785,0"
14/04/2023,"14.695,0"
13/04/2023,"14.750,0"
12/4/2023,"14.875,0"
11/4/2023,"14.881,0"
10/4/2023,"14.899,0"
6/4/2023,"14.910,0"
5/4/2023,"14.920,0"
4/4/2023,"14.895,0"
3/4/2023,"14.965,0"
31/03/2023,"14.990,0"
30/03/2023,"15.045,0"
29/03/2023,"15.060,0"
28/03/2023,"15.085,0"
27/03/2023,"15.155,0"
24/03/2023,"15.150,0"
21/03/2023,"15.340,0"
20/03/2023,"15.355,0"
17/03/2023,"15.340,0"
16/03/2023,"15.375,0"
15/03/2023,"15.360,0"
14/03/2023,"15.380,0"
13/03/2023,"15.360,0"
10/3/2023,"15.445,0"
9/3/2023,"15.420,0"
8/3/2023,"15.430,0"
7/3/2023,"15.345,0"
6/3/2023,"15.290,0"
3/3/2023,"15.295,0"
2/3/2023,"15.275,0"
1/3/2023,"15.230,0"
28/02/2023,"15.245,0"
27/02/2023,"15.265,0"
24/02/2023,"15.220,0"
23/02/2023,"15.185,0"
22/02/2023,"15.200,0"
21/02/2023,"15.185,0"
20/02/2023,"15.155,0"
17/02/2023,"15.200,0"
16/02/2023,"15.153,0"
15/02/2023,"15.200,0"
14/02/2023,"15.155,0"
13/02/2023,"15.190,0"
10/2/2023,"15.130,0"
9/2/2023,"15.090,0"
8/2/2023,"15.095,0"
7/2/2023,"15.140,0"
6/2/2023,"15.050,0"
3/2/2023,"14.890,0"
2/2/2023,"14.875,0"
1/2/2023,"14.970,0"
31/01/2023,"14.985,0"
30/01/2023,"14.965,0"
27/01/2023,"14.980,0"
26/01/2023,"14.945,0"
25/01/2023,"14.960,0"
24/01/2023,"14.885,0"
20/01/2023,"15.070,0"
19/01/2023,"15.100,0"
18/01/2023,"15.085,0"
17/01/2023,"15.160,0"
16/01/2023,"15.040,0"
13/01/2023,"15.140,0"
12/1/2023,"15.336,0"
11/1/2023,"15.480,0"
10/1/2023,"15.570,0"
9/1/2023,"15.565,0"
6/1/2023,"15.630,0"
5/1/2023,"15.605,0"
4/1/2023,"15.585,0"
3/1/2023,"15.595,0"
2/1/2023,"15.570,0"
30/12/2022,"15.565,0"
29/12/2022,"15.655,0"
28/12/2022,"15.700,0"
27/12/2022,"15.660,0"
26/12/2022,"15.630,0"
23/12/2022,"15.590,0"
22/12/2022,"15.580,0"
21/12/2022,"15.585,0"
20/12/2022,"15.600,0"
19/12/2022,"15.595,0"
16/12/2022,"15.595,0"
15/12/2022,"15.615,0"
14/12/2022,"15.590,0"
13/12/2022,"15.655,0"
12/12/2022,"15.625,0"
9/12/2022,"15.582,0"
8/12/2022,"15.620,0"
7/12/2022,"15.635,0"
6/12/2022,"15.615,0"
5/12/2022,"15.465,0"
2/12/2022,"15.425,0"
1/12/2022,"15.560,0"
30/11/2022,"15.730,0"
29/11/2022,"15.740,0"
28/11/2022,"15.720,0"
25/11/2022,"15.670,0"
24/11/2022,"15.663,0"
23/11/2022,"15.685,0"
22/11/2022,"15.695,0"
21/11/2022,"15.710,0"
18/11/2022,"15.685,0"
17/11/2022,"15.660,0"
16/11/2022,"15.600,0"
15/11/2022,"15.535,0"
14/11/2022,"15.515,0"
11/11/2022,"15.490,0"
10/11/2022,"15.690,0"
9/11/2022,"15.658,0"
8/11/2022,"15.695,0"
7/11/2022,"15.705,0"
4/11/2022,"15.735,0"
3/11/2022,"15.695,0"
2/11/2022,"15.645,0"
1/11/2022,"15.625,0"
31/10/2022,"15.595,0"
28/10/2022,"15.548,0"
27/10/2022,"15.565,0"
26/10/2022,"15.569,0"
25/10/2022,"15.620,0"
24/10/2022,"15.585,0"
21/10/2022,"15.630,0"
20/10/2022,"15.570,0"
19/10/2022,"15.495,0"
18/10/2022,"15.465,0"
17/10/2022,"15.485,0"
14/10/2022,"15.425,0"
13/10/2022,"15.360,0"
12/10/2022,"15.355,0"
11/10/2022,"15.355,0"
10/10/2022,"15.310,0"
7/10/2022,"15.250,0"
6/10/2022,"15.185,0"
5/10/2022,"15.190,0"
4/10/2022,"15.245,0"
3/10/2022,"15.300,0"
30/09/2022,"15.225,0"
29/09/2022,"15.260,0"
28/09/2022,"15.260,0"
27/09/2022,"15.120,0"
26/09/2022,"15.125,0"
23/09/2022,"15.035,0"
22/09/2022,"15.015,0"
21/09/2022,"14.995,0"
20/09/2022,"14.980,0"
19/09/2022,"14.975,0"
16/09/2022,"14.950,0"
15/09/2022,"14.895,0"
14/09/2022,"14.905,0"
13/09/2022,"14.850,0"
12/9/2022,"14.840,0"
9/9/2022,"14.828,0"
8/9/2022,"14.895,0"
7/9/2022,"14.915,0"
6/9/2022,"14.885,0"
5/9/2022,"14.900,0"
2/9/2022,"14.895,0"
1/9/2022,"14.880,0"
31/08/2022,"14.840,0"
30/08/2022,"14.840,0"
29/08/2022,"14.895,0"
26/08/2022,"14.815,0"
25/08/2022,"14.820,0"
24/08/2022,"14.845,0"
23/08/2022,"14.835,0"
22/08/2022,"14.885,0"
19/08/2022,"14.835,0"
18/08/2022,"14.830,0"
16/08/2022,"14.765,0"
15/08/2022,"14.740,0"
12/8/2022,"14.665,0"
11/8/2022,"14.765,0"
10/8/2022,"14.870,0"
9/8/2022,"14.850,0"
8/8/2022,"14.875,0"
5/8/2022,"14.890,0"
4/8/2022,"14.930,0"
3/8/2022,"14.910,0"
2/8/2022,"14.890,0"
1/8/2022,"14.870,0"
29/07/2022,"14.830,0"
28/07/2022,"14.930,0"
27/07/2022,"15.010,0"
26/07/2022,"14.995,0"
25/07/2022,"14.995,0"
22/07/2022,"15.015,0"
21/07/2022,"15.030,0"
20/07/2022,"14.985,0"
19/07/2022,"14.975,0"
18/07/2022,"14.982,0"
15/07/2022,"14.990,0"
14/07/2022,"14.990,0"
13/07/2022,"14.985,0"
12/7/2022,"14.985,0"
11/7/2022,"14.970,0"
8/7/2022,"14.975,0"
7/7/2022,"14.995,0"
6/7/2022,"14.995,0"
5/7/2022,"14.985,0"
4/7/2022,"14.965,0"
1/7/2022,"14.935,0"
30/06/2022,"14.895,0"
29/06/2022,"14.849,0"
28/06/2022,"14.835,0"
27/06/2022,"14.800,0"
24/06/2022,"14.845,0"
23/06/2022,"14.835,0"
22/06/2022,"14.865,0"
21/06/2022,"14.810,0"
20/06/2022,"14.830,0"
17/06/2022,"14.821,0"
16/06/2022,"14.765,0"
15/06/2022,"14.740,0"
14/06/2022,"14.695,0"
13/06/2022,"14.678,0"
10/6/2022,"14.550,0"
9/6/2022,"14.560,0"
8/6/2022,"14.490,0"
7/6/2022,"14.454,0"
6/6/2022,"14.450,0"
3/6/2022,"14.435,0"
2/6/2022,"14.480,0"
31/05/2022,"14.580,0"
30/05/2022,"14.557,0"
27/05/2022,"14.575,0"
25/05/2022,"14.630,0"
24/05/2022,"14.655,0"
23/05/2022,"14.670,0"
20/05/2022,"14.650,0"
19/05/2022,"14.730,0"
18/05/2022,"14.685,0"
17/05/2022,"14.645,0"
13/05/2022,"14.610,0"
12/5/2022,"14.595,0"
11/5/2022,"14.555,0"
10/5/2022,"14.555,0"
9/5/2022,"14.555,0"
28/04/2022,"14.495,0"
27/04/2022,"14.420,0"
26/04/2022,"14.410,0"
25/04/2022,"14.455,0"
22/04/2022,"14.356,0"
21/04/2022,"14.343,0"
20/04/2022,"14.355,0"
19/04/2022,"14.335,0"
18/04/2022,"14.353,0"
14/04/2022,"14.343,0"
13/04/2022,"14.362,0"
12/4/2022,"14.360,0"
11/4/2022,"14.365,0"
8/4/2022,"14.360,0"
7/4/2022,"14.358,0"
6/4/2022,"14.355,0"
5/4/2022,"14.345,0"
4/4/2022,"14.353,0"
1/4/2022,"14.365,0"
31/03/2022,"14.368,0"
30/03/2022,"14.340,0"
29/03/2022,"14.363,0"
28/03/2022,"14.362,0"
25/03/2022,"14.340,0"
24/03/2022,"14.344,0"
23/03/2022,"14.345,0"
22/03/2022,"14.356,0"
21/03/2022,"14.338,0"
18/03/2022,"14.340,0"
17/03/2022,"14.300,0"
16/03/2022,"14.310,0"
15/03/2022,"14.325,0"
14/03/2022,"14.330,0"
11/3/2022,"14.300,0"
10/3/2022,"14.275,0"
9/3/2022,"14.345,0"
8/3/2022,"14.395,0"
7/3/2022,"14.405,0"
4/3/2022,"14.385,0"
2/3/2022,"14.385,0"
1/3/2022,"14.335,0"
25/02/2022,"14.365,0"
24/02/2022,"14.380,0"
23/02/2022,"14.335,0"
22/02/2022,"14.361,0"
21/02/2022,"14.325,0"
18/02/2022,"14.325,0"
17/02/2022,"14.315,0"
16/02/2022,"14.255,0"
15/02/2022,"14.300,0"
14/02/2022,"14.325,0"
11/2/2022,"14.350,0"
10/2/2022,"14.340,0"
9/2/2022,"14.355,0"
8/2/2022,"14.390,0"
7/2/2022,"14.395,0"
4/2/2022,"14.378,0"
3/2/2022,"14.375,0"
2/2/2022,"14.355,0"
31/01/2022,"14.380,0"
28/01/2022,"14.385,0"
27/01/2022,"14.385,0"
26/01/2022,"14.350,0"
25/01/2022,"14.350,0"
24/01/2022,"14.340,0"
21/01/2022,"14.335,0"
20/01/2022,"14.335,0"
19/01/2022,"14.360,0"
18/01/2022,"14.335,0"
17/01/2022,"14.315,0"
14/01/2022,"14.295,0"
13/01/2022,"14.290,0"
12/1/2022,"14.315,0"
11/1/2022,"14.300,0"
10/1/2022,"14.305,0"
7/1/2022,"14.355,0"
6/1/2022,"14.390,0"
5/1/2022,"14.355,0"
4/1/2022,"14.300,0"
3/1/2022,"14.264,0"
31/12/2021,"14.250,0"
30/12/2021,"14.265,0"
29/12/2021,"14.250,0"
28/12/2021,"14.225,0"
27/12/2021,"14.225,0"
24/12/2021,"14.220,0"
23/12/2021,"14.247,0"
22/12/2021,"14.285,0"
21/12/2021,"14.313,0"
20/12/2021,"14.375,0"
17/12/2021,"14.365,0"
16/12/2021,"14.340,0"
15/12/2021,"14.330,0"
14/12/2021,"14.330,0"
13/12/2021,"14.340,0"
10/12/2021,"14.370,0"
9/12/2021,"14.350,0"
8/12/2021,"14.355,0"
7/12/2021,"14.375,0"
6/12/2021,"14.435,0"
3/12/2021,"14.395,0"
2/12/2021,"14.375,0"
1/12/2021,"14.340,0"
30/11/2021,"14.320,0"
29/11/2021,"14.320,0"
26/11/2021,"14.300,0"
25/11/2021,"14.265,0"
24/11/2021,"14.255,0"
23/11/2021,"14.255,0"
22/11/2021,"14.245,0"
19/11/2021,"14.235,0"
18/11/2021,"14.225,0"
17/11/2021,"14.240,0"
16/11/2021,"14.220,0"
15/11/2021,"14.210,0"
12/11/2021,"14.233,0"
11/11/2021,"14.260,0"
10/11/2021,"14.250,0"
9/11/2021,"14.240,0"
8/11/2021,"14.255,0"
5/11/2021,"14.325,0"
4/11/2021,"14.335,0"
3/11/2021,"14.295,0"
2/11/2021,"14.250,0"
1/11/2021,"14.245,0"
29/10/2021,"14.165,0"
28/10/2021,"14.170,0"
27/10/2021,"14.170,0"
26/10/2021,"14.150,0"
25/10/2021,"14.155,0"
22/10/2021,"14.120,0"
21/10/2021,"14.120,0"
19/10/2021,"14.073,0"
18/10/2021,"14.105,0"
15/10/2021,"14.070,0"
14/10/2021,"14.115,0"
13/10/2021,"14.215,0"
12/10/2021,"14.215,0"
11/10/2021,"14.205,0"
8/10/2021,"14.220,0"
7/10/2021,"14.215,0"
6/10/2021,"14.250,0"
5/10/2021,"14.248,0"
4/10/2021,"14.265,0"
1/10/2021,"14.305,0"
30/09/2021,"14.310,0"
29/09/2021,"14.290,0"
28/09/2021,"14.270,0"
27/09/2021,"14.250,0"
24/09/2021,"14.255,0"
23/09/2021,"14.240,0"
22/09/2021,"14.240,0"
21/09/2021,"14.235,0"
20/09/2021,"14.240,0"
17/09/2021,"14.225,0"
16/09/2021,"14.250,0"
15/09/2021,"14.240,0"
14/09/2021,"14.245,0"
13/09/2021,"14.250,0"
10/9/2021,"14.200,0"
9/9/2021,"14.250,0"
8/9/2021,"14.250,0"
7/9/2021,"14.210,0"
6/9/2021,"14.220,0"
3/9/2021,"14.260,0"
2/9/2021,"14.270,0"
1/9/2021,"14.280,0"
31/08/2021,"14.265,0"
30/08/2021,"14.368,0"
27/08/2021,"14.415,0"
26/08/2021,"14.415,0"
25/08/2021,"14.395,0"
24/08/2021,"14.390,0"
23/08/2021,"14.410,0"
20/08/2021,"14.450,0"
19/08/2021,"14.400,0"
18/08/2021,"14.370,0"
16/08/2021,"14.370,0"
13/08/2021,"14.385,0"
12/8/2021,"14.380,0"
10/8/2021,"14.380,0"
9/8/2021,"14.360,0"
6/8/2021,"14.350,0"
5/8/2021,"14.340,0"
4/8/2021,"14.310,0"
3/8/2021,"14.340,0"
2/8/2021,"14.420,0"
30/07/2021,"14.460,0"
29/07/2021,"14.480,0"
28/07/2021,"14.485,0"
27/07/2021,"14.490,0"
26/07/2021,"14.480,0"
23/07/2021,"14.490,0"
22/07/2021,"14.480,0"
21/07/2021,"14.540,0"
19/07/2021,"14.515,0"
16/07/2021,"14.495,0"
15/07/2021,"14.480,0"
14/07/2021,"14.475,0"
13/07/2021,"14.462,0"
12/7/2021,"14.490,0"
9/7/2021,"14.525,0"
8/7/2021,"14.520,0"
7/7/2021,"14.480,0"
6/7/2021,"14.465,0"
5/7/2021,"14.476,0"
2/7/2021,"14.530,0"
1/7/2021,"14.500,0"
30/06/2021,"14.495,0"
29/06/2021,"14.480,0"
28/06/2021,"14.440,0"
25/06/2021,"14.420,0"
24/06/2021,"14.435,0"
23/06/2021,"14.430,0"
22/06/2021,"14.400,0"
21/06/2021,"14.425,0"
18/06/2021,"14.370,0"
17/06/2021,"14.350,0"
16/06/2021,"14.235,0"
15/06/2021,"14.220,0"
14/06/2021,"14.200,0"
11/6/2021,"14.188,0"
10/6/2021,"14.245,0"
9/6/2021,"14.250,0"
8/6/2021,"14.250,0"
7/6/2021,"14.260,0"
4/6/2021,"14.290,0"
3/6/2021,"14.280,0"
2/6/2021,"14.275,0"
31/05/2021,"14.275,0"
28/05/2021,"14.280,0"
27/05/2021,"14.285,0"
25/05/2021,"14.325,0"
24/05/2021,"14.350,0"
21/05/2021,"14.350,0"
20/05/2021,"14.370,0"
19/05/2021,"14.275,0"
18/05/2021,"14.270,0"
17/05/2021,"14.280,0"
11/5/2021,"14.195,0"
10/5/2021,"14.195,0"
7/5/2021,"14.280,0"
6/5/2021,"14.315,0"
5/5/2021,"14.430,0"
4/5/2021,"14.425,0"
3/5/2021,"14.445,0"
30/04/2021,"14.440,0"
29/04/2021,"14.445,0"
28/04/2021,"14.495,0"
27/04/2021,"14.480,0"
26/04/2021,"14.480,0"
23/04/2021,"14.520,0"
22/04/2021,"14.515,0"
21/04/2021,"14.525,0"
20/04/2021,"14.495,0"
19/04/2021,"14.545,0"
16/04/2021,"14.560,0"
15/04/2021,"14.600,0"
14/04/2021,"14.600,0"
13/04/2021,"14.600,0"
12/4/2021,"14.590,0"
9/4/2021,"14.560,0"
8/4/2021,"14.530,0"
7/4/2021,"14.490,0"
6/4/2021,"14.500,0"
5/4/2021,"14.510,0"
1/4/2021,"14.520,0"
31/03/2021,"14.520,0"
30/03/2021,"14.470,0"
29/03/2021,"14.440,0"
26/03/2021,"14.410,0"
25/03/2021,"14.420,0"
24/03/2021,"14.420,0"
23/03/2021,"14.390,0"
22/03/2021,"14.400,0"
19/03/2021,"14.400,0"
18/03/2021,"14.390,0"
17/03/2021,"14.425,0"
16/03/2021,"14.400,0"
15/03/2021,"14.395,0"
12/3/2021,"14.380,0"
10/3/2021,"14.395,0"
9/3/2021,"14.390,0"
8/3/2021,"14.350,0"
5/3/2021,"14.290,0"
4/3/2021,"14.260,0"
3/3/2021,"14.240,0"
2/3/2021,"14.300,0"
1/3/2021,"14.250,0"
26/02/2021,"14.240,0"
25/02/2021,"14.080,0"
24/02/2021,"14.080,0"
23/02/2021,"14.090,0"
22/02/2021,"14.110,0"
19/02/2021,"14.060,0"
18/02/2021,"14.010,0"
17/02/2021,"14.010,0"
16/02/2021,"13.920,0"
15/02/2021,"13.910,0"
11/2/2021,"13.970,0"
10/2/2021,"13.980,0"
9/2/2021,"13.990,0"
8/2/2021,"13.995,0"
5/2/2021,"14.020,0"
4/2/2021,"14.010,0"
3/2/2021,"14.000,0"
2/2/2021,"14.020,0"
1/2/2021,"14.010,0"
29/01/2021,"14.020,0"
28/01/2021,"14.050,0"
27/01/2021,"14.035,0"
26/01/2021,"14.040,0"
25/01/2021,"14.010,0"
22/01/2021,"14.020,0"
21/01/2021,"13.980,0"
20/01/2021,"14.020,0"
19/01/2021,"14.050,0"
18/01/2021,"14.060,0"
15/01/2021,"14.010,0"
14/01/2021,"14.050,0"
13/01/2021,"14.055,0"
12/1/2021,"14.120,0"
11/1/2021,"14.080,0"
8/1/2021,"13.980,0"
7/1/2021,"13.890,0"
6/1/2021,"13.880,0"
5/1/2021,"13.900,0"
4/1/2021,"13.885,0"
1/1/2021,"14.213,7"
30/12/2020,"14.040,0"
29/12/2020,"14.110,0"
28/12/2020,"14.140,0"
23/12/2020,"14.150,0"
22/12/2020,"14.145,0"
21/12/2020,"14.100,0"
18/12/2020,"14.080,0"
17/12/2020,"14.085,0"
16/12/2020,"14.090,0"
15/12/2020,"14.090,0"
14/12/2020,"14.070,0"
11/12/2020,"14.070,0"
10/12/2020,"14.090,0"
8/12/2020,"14.080,0"
7/12/2020,"14.080,0"
4/12/2020,"14.085,0"
3/12/2020,"14.100,0"
2/12/2020,"14.090,0"
1/12/2020,"14.100,0"
30/11/2020,"14.090,0"
27/11/2020,"14.070,0"
26/11/2020,"14.090,0"
25/11/2020,"14.130,0"
24/11/2020,"14.140,0"
23/11/2020,"14.130,0"
20/11/2020,"14.150,0"
19/11/2020,"14.140,0"
18/11/2020,"14.050,0"
17/11/2020,"14.030,0"
16/11/2020,"14.100,0"
13/11/2020,"14.150,0"
12/11/2020,"14.140,0"
11/11/2020,"14.070,0"
10/11/2020,"14.040,0"
9/11/2020,"14.050,0"
6/11/2020,"14.190,0"
5/11/2020,"14.370,0"
4/11/2020,"14.540,0"
3/11/2020,"14.570,0"
2/11/2020,"14.625,0"
27/10/2020,"14.620,0"
26/10/2020,"14.630,0"
23/10/2020,"14.650,0"
22/10/2020,"14.640,0"
21/10/2020,"14.610,0"
20/10/2020,"14.650,0"
19/10/2020,"14.670,0"
16/10/2020,"14.670,0"
15/10/2020,"14.660,0"
14/10/2020,"14.680,0"
13/10/2020,"14.680,0"
12/10/2020,"14.680,0"
9/10/2020,"14.675,0"
8/10/2020,"14.685,0"
7/10/2020,"14.690,0"
6/10/2020,"14.710,0"
5/10/2020,"14.790,0"
2/10/2020,"14.830,0"
1/10/2020,"14.820,0"
30/09/2020,"14.840,0"
29/09/2020,"14.845,0"
28/09/2020,"14.850,0"
25/09/2020,"14.845,0"
24/09/2020,"14.845,0"
23/09/2020,"14.780,0"
22/09/2020,"14.750,0"
21/09/2020,"14.690,0"
18/09/2020,"14.730,0"
17/09/2020,"14.820,0"
16/09/2020,"14.825,0"
15/09/2020,"14.835,0"
14/09/2020,"14.860,0"
11/9/2020,"14.860,0"
10/9/2020,"14.820,0"
9/9/2020,"14.780,0"
8/9/2020,"14.760,0"
7/9/2020,"14.730,0"
4/9/2020,"14.740,0"
3/9/2020,"14.760,0"
2/9/2020,"14.740,0"
1/9/2020,"14.565,0"
31/08/2020,"14.560,0"
28/08/2020,"14.615,0"
27/08/2020,"14.650,0"
26/08/2020,"14.670,0"
25/08/2020,"14.640,0"
24/08/2020,"14.670,0"
19/08/2020,"14.770,0"
18/08/2020,"14.830,0"
14/08/2020,"14.720,0"
13/08/2020,"14.700,0"
12/8/2020,"14.685,0"
11/8/2020,"14.620,0"
10/8/2020,"14.590,0"
7/8/2020,"14.580,0"
6/8/2020,"14.585,0"
5/8/2020,"14.550,0"
4/8/2020,"14.620,0"
3/8/2020,"14.630,0"
30/07/2020,"14.600,0"
29/07/2020,"14.535,0"
28/07/2020,"14.535,0"
27/07/2020,"14.520,0"
24/07/2020,"14.610,0"
23/07/2020,"14.580,0"
22/07/2020,"14.650,0"
21/07/2020,"14.738,5"
20/07/2020,"14.785,0"
17/07/2020,"14.695,0"
16/07/2020,"14.625,0"
15/07/2020,"14.587,5"
14/07/2020,"14.450,0"
13/07/2020,"14.425,0"
10/7/2020,"14.435,0"
9/7/2020,"14.395,0"
8/7/2020,"14.410,0"
7/7/2020,"14.440,0"
6/7/2020,"14.490,0"
3/7/2020,"14.510,0"
2/7/2020,"14.378,5"
1/7/2020,"14.265,0"
30/06/2020,"14.255,0"
29/06/2020,"14.245,0"
26/06/2020,"14.220,0"
25/06/2020,"14.175,0"
24/06/2020,"14.130,0"
23/06/2020,"14.160,0"
22/06/2020,"14.185,0"
19/06/2020,"14.100,0"
18/06/2020,"14.085,0"
17/06/2020,"14.082,5"
16/06/2020,"14.090,0"
15/06/2020,"14.115,0"
12/6/2020,"14.125,0"
11/6/2020,"14.015,0"
10/6/2020,"13.980,0"
9/6/2020,"13.890,0"
8/6/2020,"13.885,0"
5/6/2020,"13.870,0"
4/6/2020,"14.095,0"
3/6/2020,"14.095,0"
2/6/2020,"14.415,0"
29/05/2020,"14.610,0"
28/05/2020,"14.715,0"
27/05/2020,"14.710,0"
26/05/2020,"14.755,0"
20/05/2020,"14.710,0"
19/05/2020,"14.770,0"
18/05/2020,"14.850,0"
15/05/2020,"14.860,0"
14/05/2020,"14.885,0"
13/05/2020,"14.865,0"
12/5/2020,"14.905,0"
11/5/2020,"14.895,0"
8/5/2020,"14.920,0"
6/5/2020,"15.045,0"
5/5/2020,"15.080,0"
4/5/2020,"15.100,0"
30/04/2020,"14.875,0"
29/04/2020,"15.295,0"
28/04/2020,"15.422,5"
27/04/2020,"15.385,0"
24/04/2020,"15.400,0"
23/04/2020,"15.400,0"
22/04/2020,"15.450,0"
21/04/2020,"15.455,0"
20/04/2020,"15.412,5"
17/04/2020,"15.430,0"
16/04/2020,"15.640,0"
15/04/2020,"15.565,0"
14/04/2020,"15.630,0"
13/04/2020,"15.630,0"
9/4/2020,"15.820,0"
8/4/2020,"16.175,0"
7/4/2020,"16.175,0"
6/4/2020,"16.412,5"
3/4/2020,"16.425,0"
2/4/2020,"16.475,0"
1/4/2020,"16.450,0"
31/03/2020,"16.310,0"
30/03/2020,"16.337,5"
27/03/2020,"16.140,0"
26/03/2020,"16.305,0"
24/03/2020,"16.500,0"
23/03/2020,"16.575,0"
20/03/2020,"15.925,0"
19/03/2020,"15.912,5"
18/03/2020,"15.217,5"
17/03/2020,"15.170,0"
16/03/2020,"14.925,0"
13/03/2020,"14.770,0"
12/3/2020,"14.521,5"
11/3/2020,"14.352,5"
10/3/2020,"14.346,0"
9/3/2020,"14.392,5"
6/3/2020,"14.230,0"
5/3/2020,"14.170,0"
4/3/2020,"14.115,0"
3/3/2020,"14.281,5"
2/3/2020,"14.265,0"
28/02/2020,"14.347,5"
27/02/2020,"14.035,0"
26/02/2020,"13.932,5"
25/02/2020,"13.882,5"
24/02/2020,"13.870,0"
21/02/2020,"13.765,0"
20/02/2020,"13.707,5"
19/02/2020,"13.687,5"
18/02/2020,"13.665,0"
17/02/2020,"13.652,5"
14/02/2020,"13.675,0"
13/02/2020,"13.680,0"
12/2/2020,"13.660,0"
11/2/2020,"13.665,0"
10/2/2020,"13.695,0"
7/2/2020,"13.675,0"
6/2/2020,"13.620,0"
5/2/2020,"13.675,0"
4/2/2020,"13.710,0"
3/2/2020,"13.742,5"
31/01/2020,"13.655,0"
30/01/2020,"13.645,0"
29/01/2020,"13.627,5"
28/01/2020,"13.637,5"
27/01/2020,"13.605,0"
24/01/2020,"13.572,5"
23/01/2020,"13.630,0"
22/01/2020,"13.644,5"
21/01/2020,"13.657,5"
20/01/2020,"13.632,5"
17/01/2020,"13.637,5"
16/01/2020,"13.630,0"
15/01/2020,"13.665,0"
14/01/2020,"13.670,0"
13/01/2020,"13.668,0"
10/1/2020,"13.762,5"
9/1/2020,"13.850,0"
8/1/2020,"13.892,5"
7/1/2020,"13.875,0"
6/1/2020,"13.940,0"
3/1/2020,"13.925,0"
2/1/2020,"13.889,0"
1/1/2020,"13.882,5"
31/12/2019,"13.882,5"
30/12/2019,"13.924,5"
27/12/2019,"13.950,0"
26/12/2019,"13.955,0"
25/12/2019,"13.967,5"
24/12/2019,"13.967,5"
23/12/2019,"13.967,5"
20/12/2019,"13.977,5"
19/12/2019,"13.985,0"
18/12/2019,"13.975,0"
17/12/2019,"13.990,0"
16/12/2019,"14.005,0"
13/12/2019,"13.985,0"
12/12/2019,"14.025,0"
11/12/2019,"14.035,0"
10/12/2019,"14.010,0"
9/12/2019,"14.015,0"
6/12/2019,"14.037,5"
5/12/2019,"14.065,0"
4/12/2019,"14.105,0"
3/12/2019,"14.105,0"
2/12/2019,"14.125,0"
29/11/2019,"14.105,0"
28/11/2019,"14.090,0"
27/11/2019,"14.095,0"
26/11/2019,"14.085,0"
25/11/2019,"14.075,0"
22/11/2019,"14.085,0"
21/11/2019,"14.087,5"
20/11/2019,"14.094,5"
19/11/2019,"14.090,0"
18/11/2019,"14.076,5"
15/11/2019,"14.073,0"
14/11/2019,"14.085,0"
13/11/2019,"14.081,0"
12/11/2019,"14.055,0"
11/11/2019,"14.063,0"
8/11/2019,"14.014,0"
7/11/2019,"13.994,5"
6/11/2019,"14.015,0"
5/11/2019,"13.967,5"
4/11/2019,"14.015,0"
1/11/2019,"14.035,0"
31/10/2019,"14.037,0"
30/10/2019,"14.027,0"
29/10/2019,"14.025,0"
28/10/2019,"14.025,0"
25/10/2019,"14.035,0"
24/10/2019,"14.059,0"
23/10/2019,"14.029,0"
22/10/2019,"14.040,0"
21/10/2019,"14.078,0"
18/10/2019,"14.144,5"
17/10/2019,"14.148,0"
16/10/2019,"14.169,0"
15/10/2019,"14.165,0"
14/10/2019,"14.139,0"
11/10/2019,"14.128,0"
10/10/2019,"14.151,5"
9/10/2019,"14.170,0"
8/10/2019,"14.155,0"
7/10/2019,"14.162,5"
4/10/2019,"14.135,0"
3/10/2019,"14.172,5"
2/10/2019,"14.195,0"
1/10/2019,"14.212,5"
30/09/2019,"14.195,0"
27/09/2019,"14.165,0"
26/09/2019,"14.177,5"
25/09/2019,"14.150,0"
24/09/2019,"14.112,5"
23/09/2019,"14.085,0"
20/09/2019,"14.055,0"
19/09/2019,"14.060,0"
18/09/2019,"14.060,0"
17/09/2019,"14.095,0"
16/09/2019,"14.040,0"
13/09/2019,"13.965,0"
12/9/2019,"13.990,0"
11/9/2019,"14.060,0"
10/9/2019,"14.050,0"
9/9/2019,"14.031,0"
6/9/2019,"14.095,0"
5/9/2019,"14.150,0"
4/9/2019,"14.152,5"
3/9/2019,"14.225,0"
2/9/2019,"14.194,0"
30/08/2019,"14.185,0"
29/08/2019,"14.237,5"
28/08/2019,"14.255,0"
27/08/2019,"14.255,0"
26/08/2019,"14.240,0"
23/08/2019,"14.212,5"
22/08/2019,"14.235,0"
21/08/2019,"14.240,0"
20/08/2019,"14.260,0"
19/08/2019,"14.235,0"
16/08/2019,"14.235,0"
15/08/2019,"14.267,5"
14/08/2019,"14.245,0"
13/08/2019,"14.317,5"
12/8/2019,"14.247,5"
9/8/2019,"14.190,0"
8/8/2019,"14.208,0"
7/8/2019,"14.222,5"
6/8/2019,"14.265,0"
5/8/2019,"14.255,0"
2/8/2019,"14.180,0"
1/8/2019,"14.116,0"
31/07/2019,"14.017,0"
30/07/2019,"14.020,0"
29/07/2019,"14.020,0"
26/07/2019,"14.004,0"
25/07/2019,"13.977,5"
24/07/2019,"13.993,0"
23/07/2019,"13.984,0"
22/07/2019,"13.945,0"
19/07/2019,"13.935,0"
18/07/2019,"13.960,0"
17/07/2019,"13.980,0"
16/07/2019,"13.935,0"
15/07/2019,"13.919,5"
12/7/2019,"14.007,0"
11/7/2019,"14.065,0"
10/7/2019,"14.130,0"
9/7/2019,"14.130,0"
8/7/2019,"14.110,0"
5/7/2019,"14.082,5"
4/7/2019,"14.140,0"
3/7/2019,"14.117,5"
2/7/2019,"14.137,5"
1/7/2019,"14.112,5"
28/06/2019,"14.127,5"
27/06/2019,"14.140,0"
26/06/2019,"14.175,0"
25/06/2019,"14.125,0"
24/06/2019,"14.140,0"
21/06/2019,"14.155,0"
20/06/2019,"14.182,5"
19/06/2019,"14.269,5"
18/06/2019,"14.322,5"
17/06/2019,"14.335,0"
14/06/2019,"14.325,0"
13/06/2019,"14.280,0"
12/6/2019,"14.235,0"
11/6/2019,"14.237,5"
10/6/2019,"14.250,0"
7/6/2019,"14.275,0"
6/6/2019,"14.275,0"
5/6/2019,"14.275,0"
4/6/2019,"14.275,0"
3/6/2019,"14.275,0"
31/05/2019,"14.275,0"
30/05/2019,"14.400,0"
29/05/2019,"14.400,0"
28/05/2019,"14.375,0"
27/05/2019,"14.380,0"
24/05/2019,"14.392,5"
23/05/2019,"14.460,0"
22/05/2019,"14.525,0"
21/05/2019,"14.480,0"
20/05/2019,"14.455,0"
17/05/2019,"14.450,0"
16/05/2019,"14.450,0"
15/05/2019,"14.460,0"
14/05/2019,"14.430,0"
13/05/2019,"14.415,0"
10/5/2019,"14.325,0"
9/5/2019,"14.350,0"
8/5/2019,"14.295,0"
7/5/2019,"14.280,0"
6/5/2019,"14.292,5"
3/5/2019,"14.255,0"
2/5/2019,"14.250,0"
1/5/2019,"14.250,0"
30/04/2019,"14.250,0"
29/04/2019,"14.200,0"
26/04/2019,"14.187,5"
25/04/2019,"14.185,0"
24/04/2019,"14.095,0"
23/04/2019,"14.075,0"
22/04/2019,"14.075,0"
19/04/2019,"14.042,5"
18/04/2019,"14.042,5"
17/04/2019,"14.085,0"
16/04/2019,"14.085,0"
15/04/2019,"14.060,0"
12/4/2019,"14.092,5"
11/4/2019,"14.135,0"
10/4/2019,"14.150,0"
9/4/2019,"14.133,0"
8/4/2019,"14.163,0"
5/4/2019,"14.125,0"
4/4/2019,"14.180,0"
3/4/2019,"14.220,0"
2/4/2019,"14.220,0"
1/4/2019,"14.225,0"
29/03/2019,"14.240,0"
28/03/2019,"14.242,0"
27/03/2019,"14.195,0"
26/03/2019,"14.170,0"
25/03/2019,"14.180,0"
22/03/2019,"14.165,0"
21/03/2019,"14.140,0"
20/03/2019,"14.185,0"
19/03/2019,"14.230,0"
18/03/2019,"14.237,5"
15/03/2019,"14.259,0"
14/03/2019,"14.267,0"
13/03/2019,"14.265,0"
12/3/2019,"14.265,0"
11/3/2019,"14.290,0"
8/3/2019,"14.310,0"
7/3/2019,"14.140,0"
6/3/2019,"14.140,0"
5/3/2019,"14.120,0"
4/3/2019,"14.130,0"
1/3/2019,"14.115,0"
28/02/2019,"14.065,0"
27/02/2019,"14.030,0"
26/02/2019,"13.991,0"
25/02/2019,"14.017,5"
22/02/2019,"14.057,5"
21/02/2019,"14.063,0"
20/02/2019,"14.040,0"
19/02/2019,"14.102,0"
18/02/2019,"14.106,5"
15/02/2019,"14.142,5"
14/02/2019,"14.090,0"
13/02/2019,"14.057,5"
12/2/2019,"14.068,5"
11/2/2019,"14.040,0"
8/2/2019,"13.965,0"
7/2/2019,"13.972,5"
6/2/2019,"13.922,0"
5/2/2019,"13.955,0"
4/2/2019,"13.955,0"
1/2/2019,"13.940,0"
31/01/2019,"13.972,5"
30/01/2019,"14.130,0"
29/01/2019,"14.095,0"
28/01/2019,"14.070,0"
25/01/2019,"14.085,0"
24/01/2019,"14.165,0"
23/01/2019,"14.180,0"
22/01/2019,"14.215,0"
21/01/2019,"14.222,5"
18/01/2019,"14.175,0"
17/01/2019,"14.180,0"
16/01/2019,"14.122,5"
15/01/2019,"14.092,5"
14/01/2019,"14.124,0"
11/1/2019,"14.045,0"
10/1/2019,"14.055,0"
9/1/2019,"14.125,0"
8/1/2019,"14.145,0"
7/1/2019,"14.090,0"
4/1/2019,"14.270,0"
3/1/2019,"14.410,0"
2/1/2019,"14.450,0"
1/1/2019,"14.380,0"
31/12/2018,"14.380,0"
28/12/2018,"14.560,0"
27/12/2018,"14.560,0"
26/12/2018,"14.575,0"
25/12/2018,"14.555,0"
24/12/2018,"14.555,0"
21/12/2018,"14.555,0"
20/12/2018,"14.470,0"
19/12/2018,"14.442,5"
18/12/2018,"14.500,0"
17/12/2018,"14.575,0"
14/12/2018,"14.585,0"
13/12/2018,"14.497,5"
12/12/2018,"14.597,5"
11/12/2018,"14.600,0"
10/12/2018,"14.555,0"
7/12/2018,"14.470,0"
6/12/2018,"14.520,0"
5/12/2018,"14.395,0"
4/12/2018,"14.290,0"
3/12/2018,"14.240,0"
30/11/2018,"14.302,5"
29/11/2018,"14.382,5"
28/11/2018,"14.527,5"
27/11/2018,"14.513,5"
26/11/2018,"14.475,0"
23/11/2018,"14.540,0"
22/11/2018,"14.577,5"
21/11/2018,"14.605,0"
20/11/2018,"14.590,0"
19/11/2018,"14.590,0"
16/11/2018,"14.611,5"
15/11/2018,"14.677,5"
14/11/2018,"14.787,0"
13/11/2018,"14.810,0"
12/11/2018,"14.815,0"
9/11/2018,"14.685,0"
8/11/2018,"14.540,0"
7/11/2018,"14.580,0"
6/11/2018,"14.802,5"
5/11/2018,"14.976,0"
2/11/2018,"14.952,5"
1/11/2018,"15.127,5"
31/10/2018,"15.202,5"
30/10/2018,"15.223,0"
29/10/2018,"15.220,0"
26/10/2018,"15.216,5"
25/10/2018,"15.187,5"
24/10/2018,"15.197,0"
23/10/2018,"15.190,0"
22/10/2018,"15.185,0"
19/10/2018,"15.187,5"
18/10/2018,"15.193,5"
17/10/2018,"15.155,0"
16/10/2018,"15.200,0"
15/10/2018,"15.210,0"
12/10/2018,"15.205,0"
11/10/2018,"15.235,0"
10/10/2018,"15.203,0"
9/10/2018,"15.230,0"
8/10/2018,"15.217,5"
5/10/2018,"15.180,0"
4/10/2018,"15.170,0"
3/10/2018,"15.075,0"
2/10/2018,"15.045,0"
1/10/2018,"14.910,0"
28/09/2018,"14.901,5"
27/09/2018,"14.917,0"
26/09/2018,"14.905,0"
25/09/2018,"14.920,0"
24/09/2018,"14.867,5"
21/09/2018,"14.819,0"
20/09/2018,"14.845,0"
19/09/2018,"14.875,0"
18/09/2018,"14.855,0"
17/09/2018,"14.877,5"
14/09/2018,"14.805,0"
13/09/2018,"14.840,0"
12/9/2018,"14.825,0"
11/9/2018,"14.857,0"
10/9/2018,"14.857,0"
7/9/2018,"14.820,0"
6/9/2018,"14.890,0"
5/9/2018,"14.935,0"
4/9/2018,"14.935,0"
3/9/2018,"14.815,0"
31/08/2018,"14.730,0"
30/08/2018,"14.690,0"
29/08/2018,"14.655,0"
28/08/2018,"14.622,0"
27/08/2018,"14.620,0"
24/08/2018,"14.642,0"
23/08/2018,"14.630,0"
22/08/2018,"14.580,0"
21/08/2018,"14.580,0"
20/08/2018,"14.590,0"
17/08/2018,"14.610,0"
16/08/2018,"14.610,0"
15/08/2018,"14.600,0"
14/08/2018,"14.580,0"
13/08/2018,"14.595,0"
10/8/2018,"14.475,0"
9/8/2018,"14.410,0"
8/8/2018,"14.435,0"
7/8/2018,"14.440,0"
6/8/2018,"14.470,0"
3/8/2018,"14.492,5"
2/8/2018,"14.475,0"
1/8/2018,"14.440,0"
31/07/2018,"14.420,0"
30/07/2018,"14.410,0"
27/07/2018,"14.417,5"
26/07/2018,"14.460,0"
25/07/2018,"14.460,0"
24/07/2018,"14.530,0"
23/07/2018,"14.490,0"
20/07/2018,"14.480,0"
19/07/2018,"14.475,0"
18/07/2018,"14.405,0"
17/07/2018,"14.370,0"
16/07/2018,"14.375,0"
13/07/2018,"14.380,0"
12/7/2018,"14.380,0"
11/7/2018,"14.385,0"
10/7/2018,"14.360,0"
9/7/2018,"14.325,0"
6/7/2018,"14.370,0"
5/7/2018,"14.385,0"
4/7/2018,"14.352,0"
3/7/2018,"14.380,0"
2/7/2018,"14.380,0"
29/06/2018,"14.330,0"
28/06/2018,"14.390,0"
27/06/2018,"14.178,0"
26/06/2018,"14.178,0"
25/06/2018,"14.155,0"
22/06/2018,"14.080,0"
21/06/2018,"14.103,0"
20/06/2018,"13.930,0"
19/06/2018,"13.930,0"
18/06/2018,"13.930,0"
15/06/2018,"13.930,0"
14/06/2018,"13.930,0"
13/06/2018,"13.930,0"
12/6/2018,"13.930,0"
11/6/2018,"13.930,0"
8/6/2018,"13.930,0"
7/6/2018,"13.870,0"
6/6/2018,"13.852,5"
5/6/2018,"13.879,0"
4/6/2018,"13.872,0"
1/6/2018,"13.895,0"
31/05/2018,"13.895,0"
30/05/2018,"13.990,0"
29/05/2018,"13.990,0"
28/05/2018,"13.990,0"
25/05/2018,"14.120,0"
24/05/2018,"14.135,0"
23/05/2018,"14.207,0"
22/05/2018,"14.138,0"
21/05/2018,"14.185,0"
18/05/2018,"14.152,5"
17/05/2018,"14.052,0"
16/05/2018,"14.093,0"
15/05/2018,"14.037,0"
14/05/2018,"13.970,0"
11/5/2018,"13.950,0"
10/5/2018,"14.080,0"
9/5/2018,"14.080,0"
8/5/2018,"14.050,0"
7/5/2018,"14.000,0"
4/5/2018,"13.940,0"
3/5/2018,"13.937,5"
2/5/2018,"13.945,0"
1/5/2018,"13.912,5"
30/04/2018,"13.912,5"
27/04/2018,"13.890,0"
26/04/2018,"13.887,5"
25/04/2018,"13.920,0"
24/04/2018,"13.887,5"
23/04/2018,"13.895,0"
20/04/2018,"13.877,5"
19/04/2018,"13.781,0"
18/04/2018,"13.774,5"
17/04/2018,"13.766,0"
16/04/2018,"13.774,5"
13/04/2018,"13.752,5"
12/4/2018,"13.769,5"
11/4/2018,"13.758,5"
10/4/2018,"13.749,0"
9/4/2018,"13.764,5"
6/4/2018,"13.773,5"
5/4/2018,"13.766,5"
4/4/2018,"13.766,5"
3/4/2018,"13.764,5"
2/4/2018,"13.754,0"
30/03/2018,"13.765,0"
29/03/2018,"13.765,0"
28/03/2018,"13.763,0"
27/03/2018,"13.742,0"
26/03/2018,"13.740,0"
23/03/2018,"13.782,5"
22/03/2018,"13.752,5"
21/03/2018,"13.762,5"
20/03/2018,"13.750,0"
19/03/2018,"13.764,5"
16/03/2018,"13.749,0"
15/03/2018,"13.747,5"
14/03/2018,"13.736,5"
13/03/2018,"13.750,5"
12/3/2018,"13.770,0"
9/3/2018,"13.781,0"
8/3/2018,"13.785,0"
7/3/2018,"13.766,0"
6/3/2018,"13.775,0"
5/3/2018,"13.762,5"
2/3/2018,"13.757,5"
1/3/2018,"13.747,5"
28/02/2018,"13.745,0"
27/02/2018,"13.675,0"
26/02/2018,"13.660,0"
23/02/2018,"13.667,5"
22/02/2018,"13.682,5"
21/02/2018,"13.618,5"
20/02/2018,"13.612,5"
19/02/2018,"13.560,5"
16/02/2018,"13.558,5"
15/02/2018,"13.558,5"
14/02/2018,"13.628,5"
13/02/2018,"13.657,5"
12/2/2018,"13.657,5"
9/2/2018,"13.627,5"
8/2/2018,"13.605,0"
7/2/2018,"13.553,0"
6/2/2018,"13.552,5"
5/2/2018,"13.525,0"
2/2/2018,"13.451,5"
1/2/2018,"13.427,0"
31/01/2018,"13.388,5"
30/01/2018,"13.432,5"
29/01/2018,"13.363,5"
26/01/2018,"13.307,0"
25/01/2018,"13.288,5"
24/01/2018,"13.313,5"
23/01/2018,"13.325,0"
22/01/2018,"13.347,5"
19/01/2018,"13.313,5"
18/01/2018,"13.346,0"
17/01/2018,"13.357,5"
16/01/2018,"13.337,5"
15/01/2018,"13.334,5"
12/1/2018,"13.353,5"
11/1/2018,"13.399,5"
10/1/2018,"13.436,5"
9/1/2018,"13.437,5"
8/1/2018,"13.426,5"
5/1/2018,"13.415,5"
4/1/2018,"13.423,5"
3/1/2018,"13.478,0"
2/1/2018,"13.517,5"
1/1/2018,"13.567,5"
29/12/2017,"13.567,5"
28/12/2017,"13.562,0"
27/12/2017,"13.560,5"
26/12/2017,"13.561,0"
25/12/2017,"13.561,0"
22/12/2017,"13.561,0"
21/12/2017,"13.557,5"
20/12/2017,"13.577,5"
19/12/2017,"13.576,5"
18/12/2017,"13.581,5"
15/12/2017,"13.578,5"
14/12/2017,"13.577,5"
13/12/2017,"13.585,0"
12/12/2017,"13.568,5"
11/12/2017,"13.552,5"
8/12/2017,"13.547,5"
7/12/2017,"13.553,5"
6/12/2017,"13.539,0"
5/12/2017,"13.519,0"
4/12/2017,"13.526,0"
1/12/2017,"13.526,0"
30/11/2017,"13.526,0"
29/11/2017,"13.502,5"
28/11/2017,"13.508,5"
27/11/2017,"13.518,5"
24/11/2017,"13.502,5"
23/11/2017,"13.513,0"
22/11/2017,"13.526,0"
21/11/2017,"13.533,5"
20/11/2017,"13.535,0"
17/11/2017,"13.527,5"
16/11/2017,"13.542,0"
15/11/2017,"13.535,0"
14/11/2017,"13.553,5"
13/11/2017,"13.551,5"
10/11/2017,"13.532,5"
9/11/2017,"13.515,0"
8/11/2017,"13.517,0"
7/11/2017,"13.513,5"
6/11/2017,"13.524,5"
3/11/2017,"13.497,5"
2/11/2017,"13.551,0"
1/11/2017,"13.580,0"
31/10/2017,"13.562,5"
30/10/2017,"13.584,0"
27/10/2017,"13.616,5"
26/10/2017,"13.581,5"
25/10/2017,"13.577,5"
24/10/2017,"13.532,5"
23/10/2017,"13.542,5"
20/10/2017,"13.518,5"
19/10/2017,"13.523,0"
18/10/2017,"13.516,0"
17/10/2017,"13.506,5"
16/10/2017,"13.482,5"
13/10/2017,"13.499,0"
12/10/2017,"13.504,5"
11/10/2017,"13.517,0"
10/10/2017,"13.513,0"
9/10/2017,"13.516,5"
6/10/2017,"13.504,0"
5/10/2017,"13.457,5"
4/10/2017,"13.476,5"
3/10/2017,"13.542,5"
2/10/2017,"13.537,5"
29/09/2017,"13.471,5"
28/09/2017,"13.515,0"
27/09/2017,"13.440,0"
26/09/2017,"13.376,5"
25/09/2017,"13.326,0"
22/09/2017,"13.312,5"
21/09/2017,"13.281,5"
20/09/2017,"13.281,5"
19/09/2017,"13.278,5"
18/09/2017,"13.255,0"
15/09/2017,"13.240,0"
14/09/2017,"13.249,5"
13/09/2017,"13.202,5"
12/9/2017,"13.195,0"
11/9/2017,"13.162,5"
8/9/2017,"13.204,0"
7/9/2017,"13.306,5"
6/9/2017,"13.337,5"
5/9/2017,"13.337,5"
4/9/2017,"13.342,5"
1/9/2017,"13.343,0"
31/08/2017,"13.343,0"
30/08/2017,"13.346,5"
29/08/2017,"13.339,5"
28/08/2017,"13.340,0"
25/08/2017,"13.345,5"
24/08/2017,"13.346,5"
23/08/2017,"13.358,5"
22/08/2017,"13.343,0"
21/08/2017,"13.350,5"
18/08/2017,"13.362,0"
17/08/2017,"13.378,5"
16/08/2017,"13.378,5"
15/08/2017,"13.361,0"
14/08/2017,"13.349,0"
11/8/2017,"13.357,5"
10/8/2017,"13.334,0"
9/8/2017,"13.332,5"
8/8/2017,"13.313,0"
7/8/2017,"13.321,0"
4/8/2017,"13.316,0"
3/8/2017,"13.325,5"
2/8/2017,"13.324,0"
1/8/2017,"13.324,0"
31/07/2017,"13.325,0"
28/07/2017,"13.326,5"
27/07/2017,"13.318,0"
26/07/2017,"13.336,0"
25/07/2017,"13.326,0"
24/07/2017,"13.310,0"
21/07/2017,"13.312,5"
20/07/2017,"13.334,5"
19/07/2017,"13.318,0"
18/07/2017,"13.309,0"
17/07/2017,"13.327,5"
14/07/2017,"13.338,5"
13/07/2017,"13.347,5"
12/7/2017,"13.369,5"
11/7/2017,"13.391,0"
10/7/2017,"13.399,0"
7/7/2017,"13.403,0"
6/7/2017,"13.388,0"
5/7/2017,"13.364,0"
4/7/2017,"13.363,5"
3/7/2017,"13.367,5"
30/06/2017,"13.327,5"
29/06/2017,"13.327,5"
28/06/2017,"13.327,5"
27/06/2017,"13.327,5"
26/06/2017,"13.327,5"
23/06/2017,"13.327,5"
22/06/2017,"13.327,5"
21/06/2017,"13.318,5"
20/06/2017,"13.288,5"
19/06/2017,"13.289,0"
16/06/2017,"13.297,5"
15/06/2017,"13.286,0"
14/06/2017,"13.282,5"
13/06/2017,"13.291,5"
12/6/2017,"13.298,0"
9/6/2017,"13.291,5"
8/6/2017,"13.298,0"
7/6/2017,"13.304,0"
6/6/2017,"13.298,0"
5/6/2017,"13.286,0"
2/6/2017,"13.304,0"
1/6/2017,"13.322,5"
31/05/2017,"13.322,5"
30/05/2017,"13.323,5"
29/05/2017,"13.321,5"
26/05/2017,"13.294,5"
25/05/2017,"13.308,5"
24/05/2017,"13.308,5"
23/05/2017,"13.302,5"
22/05/2017,"13.302,5"
19/05/2017,"13.335,0"
18/05/2017,"13.355,5"
17/05/2017,"13.323,5"
16/05/2017,"13.300,5"
15/05/2017,"13.304,0"
12/5/2017,"13.329,5"
11/5/2017,"13.357,5"
10/5/2017,"13.357,5"
9/5/2017,"13.350,0"
8/5/2017,"13.309,5"
5/5/2017,"13.330,0"
4/5/2017,"13.327,5"
3/5/2017,"13.305,5"
2/5/2017,"13.311,5"
1/5/2017,"13.329,0"
28/04/2017,"13.329,0"
27/04/2017,"13.314,0"
26/04/2017,"13.285,0"
25/04/2017,"13.277,5"
24/04/2017,"13.320,0"
21/04/2017,"13.320,0"
20/04/2017,"13.323,5"
19/04/2017,"13.296,5"
18/04/2017,"13.296,5"
17/04/2017,"13.285,5"
14/04/2017,"13.256,5"
13/04/2017,"13.256,5"
12/4/2017,"13.275,0"
11/4/2017,"13.281,5"
10/4/2017,"13.286,5"
7/4/2017,"13.317,5"
6/4/2017,"13.335,5"
5/4/2017,"13.321,0"
4/4/2017,"13.328,0"
3/4/2017,"13.322,5"
31/03/2017,"13.325,5"
30/03/2017,"13.316,0"
29/03/2017,"13.313,5"
28/03/2017,"13.310,5"
27/03/2017,"13.310,5"
24/03/2017,"13.326,5"
23/03/2017,"13.324,5"
22/03/2017,"13.329,0"
21/03/2017,"13.319,0"
20/03/2017,"13.313,5"
17/03/2017,"13.345,0"
16/03/2017,"13.348,5"
15/03/2017,"13.365,0"
14/03/2017,"13.371,5"
13/03/2017,"13.356,0"
10/3/2017,"13.379,0"
9/3/2017,"13.386,5"
8/3/2017,"13.350,0"
7/3/2017,"13.347,0"
6/3/2017,"13.350,0"
3/3/2017,"13.382,5"
2/3/2017,"13.358,5"
1/3/2017,"13.362,0"
28/02/2017,"13.336,0"
27/02/2017,"13.342,5"
24/02/2017,"13.330,5"
23/02/2017,"13.351,0"
22/02/2017,"13.367,0"
21/02/2017,"13.372,5"
20/02/2017,"13.354,0"
17/02/2017,"13.332,5"
16/02/2017,"13.320,0"
15/02/2017,"13.330,5"
14/02/2017,"13.330,5"
13/02/2017,"13.326,5"
10/2/2017,"13.315,5"
9/2/2017,"13.302,5"
8/2/2017,"13.325,0"
7/2/2017,"13.328,5"
6/2/2017,"13.322,5"
3/2/2017,"13.345,0"
2/2/2017,"13.352,5"
1/2/2017,"13.372,5"
31/01/2017,"13.352,0"
30/01/2017,"13.345,0"
27/01/2017,"13.358,5"
26/01/2017,"13.336,0"
25/01/2017,"13.360,5"
24/01/2017,"13.331,0"
23/01/2017,"13.360,0"
20/01/2017,"13.410,0"
19/01/2017,"13.373,0"
18/01/2017,"13.342,5"
17/01/2017,"13.351,5"
16/01/2017,"13.366,5"
13/01/2017,"13.331,5"
12/1/2017,"13.290,0"
11/1/2017,"13.329,0"
10/1/2017,"13.315,0"
9/1/2017,"13.365,0"
6/1/2017,"13.365,0"
5/1/2017,"13.375,0"
4/1/2017,"13.440,0"
3/1/2017,"13.479,5"
2/1/2017,"13.472,5"
30/12/2016,"13.472,5"
29/12/2016,"13.462,5"
28/12/2016,"13.442,5"
27/12/2016,"13.447,5"
26/12/2016,"13.450,0"
23/12/2016,"13.450,0"
22/12/2016,"13.452,5"
21/12/2016,"13.469,0"
20/12/2016,"13.427,5"
19/12/2016,"13.384,0"
16/12/2016,"13.390,0"
15/12/2016,"13.397,5"
14/12/2016,"13.296,0"
13/12/2016,"13.307,5"
12/12/2016,"13.327,5"
9/12/2016,"13.327,5"
8/12/2016,"13.286,5"
7/12/2016,"13.325,0"
6/12/2016,"13.382,5"
5/12/2016,"13.432,5"
2/12/2016,"13.525,0"
1/12/2016,"13.545,0"
30/11/2016,"13.552,5"
29/11/2016,"13.572,5"
28/11/2016,"13.530,0"
25/11/2016,"13.517,5"
24/11/2016,"13.557,5"
23/11/2016,"13.482,5"
22/11/2016,"13.442,5"
21/11/2016,"13.425,0"
18/11/2016,"13.427,5"
17/11/2016,"13.372,5"
16/11/2016,"13.377,5"
15/11/2016,"13.362,5"
14/11/2016,"13.357,5"
11/11/2016,"13.287,5"
10/11/2016,"13.137,5"
9/11/2016,"13.099,0"
8/11/2016,"13.084,0"
7/11/2016,"13.088,0"
4/11/2016,"13.070,0"
3/11/2016,"13.075,0"
2/11/2016,"13.056,0"
1/11/2016,"13.041,5"
31/10/2016,"13.048,0"
28/10/2016,"13.050,5"
27/10/2016,"13.033,0"
26/10/2016,"13.007,5"
25/10/2016,"13.006,0"
24/10/2016,"13.013,0"
21/10/2016,"13.045,0"
20/10/2016,"13.007,5"
19/10/2016,"13.007,5"
18/10/2016,"13.032,0"
17/10/2016,"13.068,5"
14/10/2016,"13.044,5"
13/10/2016,"13.077,5"
12/10/2016,"13.018,5"
11/10/2016,"13.012,5"
10/10/2016,"12.977,5"
7/10/2016,"12.985,0"
6/10/2016,"12.987,0"
5/10/2016,"12.997,5"
4/10/2016,"12.981,5"
3/10/2016,"12.982,5"
30/09/2016,"13.051,0"
29/09/2016,"12.975,0"
28/09/2016,"12.947,5"
27/09/2016,"12.955,0"
26/09/2016,"13.030,0"
23/09/2016,"13.076,5"
22/09/2016,"13.090,0"
21/09/2016,"13.135,5"
20/09/2016,"13.152,5"
19/09/2016,"13.156,0"
16/09/2016,"13.157,5"
15/09/2016,"13.175,0"
14/09/2016,"13.204,5"
13/09/2016,"13.170,0"
12/9/2016,"13.099,5"
9/9/2016,"13.099,5"
8/9/2016,"13.062,5"
7/9/2016,"13.085,0"
6/9/2016,"13.126,5"
5/9/2016,"13.152,5"
2/9/2016,"13.247,0"
1/9/2016,"13.268,0"
31/08/2016,"13.267,5"
30/08/2016,"13.277,5"
29/08/2016,"13.265,0"
26/08/2016,"13.206,0"
25/08/2016,"13.241,5"
24/08/2016,"13.247,5"
23/08/2016,"13.219,0"
22/08/2016,"13.211,5"
19/08/2016,"13.157,5"
18/08/2016,"13.116,5"
17/08/2016,"13.096,0"
16/08/2016,"13.096,0"
15/08/2016,"13.112,5"
12/8/2016,"13.121,0"
11/8/2016,"13.117,0"
10/8/2016,"13.113,5"
9/8/2016,"13.132,5"
8/8/2016,"13.130,0"
5/8/2016,"13.128,5"
4/8/2016,"13.137,5"
3/8/2016,"13.125,0"
2/8/2016,"13.097,5"
1/8/2016,"13.071,0"
29/07/2016,"13.098,5"
28/07/2016,"13.101,0"
27/07/2016,"13.140,0"
26/07/2016,"13.167,5"
25/07/2016,"13.140,0"
22/07/2016,"13.108,5"
21/07/2016,"13.100,0"
20/07/2016,"13.112,5"
19/07/2016,"13.089,0"
18/07/2016,"13.087,5"
15/07/2016,"13.091,5"
14/07/2016,"13.082,5"
13/07/2016,"13.095,0"
12/7/2016,"13.120,0"
11/7/2016,"13.090,0"
8/7/2016,"13.127,5"
7/7/2016,"13.127,5"
6/7/2016,"13.127,5"
5/7/2016,"13.127,5"
4/7/2016,"13.127,5"
1/7/2016,"13.140,0"
30/06/2016,"13.212,5"
29/06/2016,"13.161,5"
28/06/2016,"13.177,5"
27/06/2016,"13.340,0"
24/06/2016,"13.380,0"
23/06/2016,"13.257,5"
22/06/2016,"13.284,0"
21/06/2016,"13.262,5"
20/06/2016,"13.265,0"
17/06/2016,"13.337,5"
16/06/2016,"13.367,5"
15/06/2016,"13.372,5"
14/06/2016,"13.365,0"
13/06/2016,"13.278,5"
10/6/2016,"13.297,5"
9/6/2016,"13.265,0"
8/6/2016,"13.265,0"
7/6/2016,"13.270,0"
6/6/2016,"13.377,5"
3/6/2016,"13.591,5"
2/6/2016,"13.647,5"
1/6/2016,"13.660,0"
31/05/2016,"13.660,0"
30/05/2016,"13.645,0"
27/05/2016,"13.583,0"
26/05/2016,"13.603,5"
25/05/2016,"13.655,0"
24/05/2016,"13.690,0"
23/05/2016,"13.582,5"
20/05/2016,"13.607,5"
19/05/2016,"13.555,0"
18/05/2016,"13.389,0"
17/05/2016,"13.298,5"
16/05/2016,"13.302,5"
13/05/2016,"13.317,5"
12/5/2016,"13.297,5"
11/5/2016,"13.305,0"
10/5/2016,"13.287,5"
9/5/2016,"13.290,0"
6/5/2016,"13.241,5"
5/5/2016,"13.241,5"
4/5/2016,"13.241,5"
3/5/2016,"13.194,5"
2/5/2016,"13.180,0"
29/04/2016,"13.185,0"
28/04/2016,"13.186,5"
27/04/2016,"13.194,5"
26/04/2016,"13.200,0"
25/04/2016,"13.197,5"
22/04/2016,"13.197,5"
21/04/2016,"13.157,5"
20/04/2016,"13.141,0"
19/04/2016,"13.147,5"
18/04/2016,"13.175,0"
15/04/2016,"13.175,0"
14/04/2016,"13.177,5"
13/04/2016,"13.160,0"
12/4/2016,"13.113,5"
11/4/2016,"13.127,5"
8/4/2016,"13.142,5"
7/4/2016,"13.160,0"
6/4/2016,"13.222,5"
5/4/2016,"13.219,0"
4/4/2016,"13.166,5"
1/4/2016,"13.160,0"
31/03/2016,"13.260,0"
30/03/2016,"13.267,5"
29/03/2016,"13.397,5"
28/03/2016,"13.367,5"
25/03/2016,"13.252,5"
24/03/2016,"13.252,5"
23/03/2016,"13.177,5"
22/03/2016,"13.180,0"
21/03/2016,"13.135,0"
18/03/2016,"13.117,5"
17/03/2016,"13.095,0"
16/03/2016,"13.267,5"
15/03/2016,"13.177,5"
14/03/2016,"13.060,0"
11/3/2016,"13.070,0"
10/3/2016,"13.072,5"
9/3/2016,"13.143,0"
8/3/2016,"13.143,0"
7/3/2016,"13.090,0"
4/3/2016,"13.135,0"
3/3/2016,"13.235,0"
2/3/2016,"13.290,0"
1/3/2016,"13.350,0"
29/02/2016,"13.372,0"
26/02/2016,"13.370,0"
25/02/2016,"13.410,5"
24/02/2016,"13.412,5"
23/02/2016,"13.425,0"
22/02/2016,"13.437,5"
19/02/2016,"13.495,0"
18/02/2016,"13.495,0"
17/02/2016,"13.510,0"
16/02/2016,"13.400,0"
15/02/2016,"13.375,0"
12/2/2016,"13.490,0"
11/2/2016,"13.462,5"
10/2/2016,"13.462,5"
9/2/2016,"13.605,0"
8/2/2016,"13.625,0"
5/2/2016,"13.625,0"
4/2/2016,"13.637,5"
3/2/2016,"13.765,0"
2/2/2016,"13.687,5"
1/2/2016,"13.637,5"
29/01/2016,"13.775,0"
28/01/2016,"13.874,5"
27/01/2016,"13.878,5"
26/01/2016,"13.900,0"
25/01/2016,"13.872,5"
22/01/2016,"13.850,0"
21/01/2016,"13.910,0"
20/01/2016,"13.960,0"
19/01/2016,"13.880,0"
18/01/2016,"13.932,5"
15/01/2016,"13.894,5"
14/01/2016,"13.910,0"
13/01/2016,"13.827,5"
12/1/2016,"13.910,0"
11/1/2016,"13.875,0"
8/1/2016,"13.922,5"
7/1/2016,"13.927,5"
6/1/2016,"13.947,5"
5/1/2016,"13.862,5"
4/1/2016,"13.915,0"
1/1/2016,"13.787,5"
31/12/2015,"13.787,5"
30/12/2015,"13.782,5"
29/12/2015,"13.745,0"
28/12/2015,"13.650,0"
25/12/2015,"13.642,5"
24/12/2015,"13.642,5"
23/12/2015,"13.642,5"
22/12/2015,"13.675,0"
21/12/2015,"13.772,5"
18/12/2015,"13.917,5"
17/12/2015,"14.006,5"
16/12/2015,"14.069,5"
15/12/2015,"14.056,5"
14/12/2015,"14.077,5"
11/12/2015,"13.947,5"
10/12/2015,"13.935,0"
9/12/2015,"13.872,5"
8/12/2015,"13.872,5"
7/12/2015,"13.842,5"
4/12/2015,"13.832,0"
3/12/2015,"13.843,5"
2/12/2015,"13.797,5"
1/12/2015,"13.782,5"
30/11/2015,"13.835,0"
27/11/2015,"13.780,0"
26/11/2015,"13.728,5"
25/11/2015,"13.687,5"
24/11/2015,"13.707,5"
23/11/2015,"13.723,0"
20/11/2015,"13.655,0"
19/11/2015,"13.777,5"
18/11/2015,"13.799,5"
17/11/2015,"13.747,5"
16/11/2015,"13.727,5"
13/11/2015,"13.665,0"
12/11/2015,"13.602,5"
11/11/2015,"13.602,5"
10/11/2015,"13.609,5"
9/11/2015,"13.647,5"
6/11/2015,"13.560,0"
5/11/2015,"13.565,0"
4/11/2015,"13.555,0"
3/11/2015,"13.555,0"
2/11/2015,"13.667,5"
30/10/2015,"13.687,5"
29/10/2015,"13.635,0"
28/10/2015,"13.477,5"
27/10/2015,"13.622,5"
26/10/2015,"13.645,0"
23/10/2015,"13.635,0"
22/10/2015,"13.657,5"
21/10/2015,"13.717,0"
20/10/2015,"13.645,0"
19/10/2015,"13.531,5"
16/10/2015,"13.530,0"
15/10/2015,"13.455,0"
14/10/2015,"13.619,5"
13/10/2015,"13.619,5"
12/10/2015,"13.405,0"
9/10/2015,"13.420,0"
8/10/2015,"13.867,5"
7/10/2015,"13.825,0"
6/10/2015,"14.245,5"
5/10/2015,"14.495,0"
2/10/2015,"14.642,5"
1/10/2015,"14.670,0"
30/09/2015,"14.650,0"
29/09/2015,"14.682,5"
28/09/2015,"14.697,5"
25/09/2015,"14.685,0"
24/09/2015,"14.647,5"
23/09/2015,"14.647,5"
22/09/2015,"14.497,5"
21/09/2015,"14.455,0"
18/09/2015,"14.375,0"
17/09/2015,"14.457,5"
16/09/2015,"14.455,0"
15/09/2015,"14.407,5"
14/09/2015,"14.347,5"
11/9/2015,"14.330,0"
10/9/2015,"14.332,5"
9/9/2015,"14.261,5"
8/9/2015,"14.280,0"
7/9/2015,"14.247,5"
4/9/2015,"14.165,0"
3/9/2015,"14.169,0"
2/9/2015,"14.130,0"
1/9/2015,"14.097,5"
31/08/2015,"14.050,0"
28/08/2015,"13.982,5"
27/08/2015,"13.992,5"
26/08/2015,"14.122,5"
25/08/2015,"14.065,0"
24/08/2015,"14.047,0"
21/08/2015,"13.942,5"
20/08/2015,"13.870,0"
19/08/2015,"13.842,5"
18/08/2015,"13.818,0"
17/08/2015,"13.787,5"
14/08/2015,"13.787,5"
13/08/2015,"13.745,0"
12/8/2015,"13.785,0"
11/8/2015,"13.600,0"
10/8/2015,"13.549,0"
7/8/2015,"13.539,5"
6/8/2015,"13.541,5"
5/8/2015,"13.514,0"
4/8/2015,"13.485,5"
3/8/2015,"13.500,0"
31/07/2015,"13.527,5"
30/07/2015,"13.467,5"
29/07/2015,"13.456,0"
28/07/2015,"13.462,5"
27/07/2015,"13.459,0"
24/07/2015,"13.445,0"
23/07/2015,"13.422,5"
22/07/2015,"13.377,5"
21/07/2015,"13.344,5"
20/07/2015,"13.344,5"
17/07/2015,"13.344,5"
16/07/2015,"13.344,5"
15/07/2015,"13.344,5"
14/07/2015,"13.335,0"
13/07/2015,"13.300,0"
10/7/2015,"13.313,5"
9/7/2015,"13.336,0"
8/7/2015,"13.345,0"
7/7/2015,"13.327,5"
6/7/2015,"13.349,5"
3/7/2015,"13.320,0"
2/7/2015,"13.337,5"
1/7/2015,"13.326,0"
30/06/2015,"13.332,5"
29/06/2015,"13.345,0"
26/06/2015,"13.310,0"
25/06/2015,"13.327,5"
24/06/2015,"13.303,5"
23/06/2015,"13.255,0"
22/06/2015,"13.310,0"
19/06/2015,"13.331,5"
18/06/2015,"13.305,0"
17/06/2015,"13.367,5"
16/06/2015,"13.353,0"
15/06/2015,"13.335,0"
12/6/2015,"13.332,5"
11/6/2015,"13.320,5"
10/6/2015,"13.312,5"
9/6/2015,"13.302,5"
8/6/2015,"13.379,5"
5/6/2015,"13.275,5"
4/6/2015,"13.282,0"
3/6/2015,"13.221,0"
2/6/2015,"13.222,5"
1/6/2015,"13.222,5"
29/05/2015,"13.224,0"
28/05/2015,"13.221,5"
27/05/2015,"13.202,0"
26/05/2015,"13.210,0"
25/05/2015,"13.186,5"
22/05/2015,"13.155,0"
21/05/2015,"13.129,5"
20/05/2015,"13.175,0"
19/05/2015,"13.115,5"
18/05/2015,"13.137,0"
15/05/2015,"13.091,0"
14/05/2015,"13.137,5"
13/05/2015,"13.137,5"
12/5/2015,"13.198,0"
11/5/2015,"13.155,0"
8/5/2015,"13.127,5"
7/5/2015,"13.145,0"
6/5/2015,"13.035,0"
5/5/2015,"13.047,5"
4/5/2015,"12.980,0"
1/5/2015,"12.962,5"
30/04/2015,"12.962,5"
29/04/2015,"12.940,0"
28/04/2015,"12.980,0"
27/04/2015,"12.980,0"
24/04/2015,"12.919,5"
23/04/2015,"12.955,0"
22/04/2015,"12.900,0"
21/04/2015,"12.957,5"
20/04/2015,"12.890,0"
17/04/2015,"12.850,0"
16/04/2015,"12.856,0"
15/04/2015,"12.900,5"
14/04/2015,"12.980,5"
13/04/2015,"12.985,0"
10/4/2015,"12.915,0"
9/4/2015,"12.898,0"
8/4/2015,"12.955,0"
7/4/2015,"12.985,0"
6/4/2015,"12.958,5"
3/4/2015,"13.002,5"
2/4/2015,"13.002,5"
1/4/2015,"13.042,5"
31/03/2015,"13.075,0"
30/03/2015,"13.075,0"
27/03/2015,"13.065,0"
26/03/2015,"13.019,0"
25/03/2015,"12.986,0"
24/03/2015,"12.905,0"
23/03/2015,"13.019,5"
20/03/2015,"13.116,0"
19/03/2015,"13.035,0"
18/03/2015,"13.170,0"
17/03/2015,"13.167,5"
16/03/2015,"13.242,0"
13/03/2015,"13.195,0"
12/3/2015,"13.182,5"
11/3/2015,"13.190,5"
10/3/2015,"13.091,5"
9/3/2015,"13.050,0"
6/3/2015,"12.980,0"
5/3/2015,"12.990,0"
4/3/2015,"12.982,5"
3/3/2015,"12.965,0"
2/3/2015,"12.970,0"
27/02/2015,"12.925,0"
26/02/2015,"12.837,5"
25/02/2015,"12.873,5"
24/02/2015,"12.897,5"
23/02/2015,"12.834,5"
20/02/2015,"12.812,5"
19/02/2015,"12.842,5"
18/02/2015,"12.842,5"
17/02/2015,"12.769,5"
16/02/2015,"12.752,5"
13/02/2015,"12.787,5"
12/2/2015,"12.792,5"
11/2/2015,"12.715,0"
10/2/2015,"12.672,5"
9/2/2015,"12.647,5"
6/2/2015,"12.614,5"
5/2/2015,"12.632,5"
4/2/2015,"12.625,0"
3/2/2015,"12.654,0"
2/2/2015,"12.685,0"
30/01/2015,"12.667,5"
29/01/2015,"12.567,5"
28/01/2015,"12.486,0"
27/01/2015,"12.476,5"
26/01/2015,"12.510,0"
23/01/2015,"12.472,5"
22/01/2015,"12.487,5"
21/01/2015,"12.480,0"
20/01/2015,"12.584,0"
19/01/2015,"12.618,5"
16/01/2015,"12.587,5"
15/01/2015,"12.560,0"
14/01/2015,"12.613,0"
13/01/2015,"12.597,5"
12/1/2015,"12.597,5"
9/1/2015,"12.651,5"
8/1/2015,"12.680,0"
7/1/2015,"12.738,5"
6/1/2015,"12.657,5"
5/1/2015,"12.627,5"
2/1/2015,"12.542,5"
1/1/2015,"12.385,0"
