Date,ust10y
4/8/2026,4.243
4/7/2026,4.343
4/6/2026,4.335
4/3/2026,4.346
4/2/2026,4.313
4/1/2026,4.321
3/31/2026,4.311
3/30/2026,4.342
3/27/2026,4.44
3/26/2026,4.416
3/25/2026,4.328
3/24/2026,4.392
3/23/2026,4.336
3/20/2026,4.392
3/19/2026,4.283
3/18/2026,4.257
3/17/2026,4.202
3/16/2026,4.22
3/13/2026,4.285
3/12/2026,4.273
3/11/2026,4.206
3/10/2026,4.136
3/9/2026,4.134
3/6/2026,4.132
3/5/2026,4.146
3/4/2026,4.082
3/3/2026,4.057
3/2/2026,4.052
2/27/2026,3.962
2/26/2026,4.017
2/25/2026,4.048
2/24/2026,4.033
2/23/2026,4.027
2/20/2026,4.085
2/19/2026,4.075
2/18/2026,4.081
2/17/2026,4.054
2/16/2026,4.042
2/15/2026,4.054
2/13/2026,4.056
2/12/2026,4.104
2/11/2026,4.172
2/10/2026,4.145
2/9/2026,4.198
2/6/2026,4.206
2/5/2026,4.21
2/4/2026,4.278
2/3/2026,4.273
2/2/2026,4.277
1/30/2026,4.241
1/29/2026,4.227
1/28/2026,4.251
1/27/2026,4.223
1/26/2026,4.211
1/23/2026,4.239
1/22/2026,4.251
1/21/2026,4.253
1/20/2026,4.295
1/19/2026,4.263
1/18/2026,4.224
1/16/2026,4.231
1/15/2026,4.16
1/14/2026,4.14
1/13/2026,4.171
1/12/2026,4.187
1/9/2026,4.171
1/8/2026,4.183
1/7/2026,4.138
1/6/2026,4.179
1/5/2026,4.163
1/2/2026,4.189
1/1/2026,4.175
12/31/2025,4.153
12/30/2025,4.128
12/29/2025,4.116
12/26/2025,4.134
12/25/2025,4.133
12/24/2025,4.134
12/23/2025,4.169
12/22/2025,4.171
12/19/2025,4.151
12/18/2025,4.116
12/17/2025,4.151
12/16/2025,4.149
12/15/2025,4.182
12/12/2025,4.196
12/11/2025,4.141
12/10/2025,4.164
12/9/2025,4.186
12/8/2025,4.172
12/5/2025,4.139
12/4/2025,4.108
12/3/2025,4.058
12/2/2025,4.088
12/1/2025,4.096
11/28/2025,4.019
11/27/2025,4.005
11/26/2025,3.998
11/25/2025,4.002
11/24/2025,4.036
11/21/2025,4.063
11/20/2025,4.104
11/19/2025,4.131
11/18/2025,4.121
11/17/2025,4.133
11/14/2025,4.148
11/13/2025,4.111
11/12/2025,4.067
11/11/2025,4.069
11/10/2025,4.11
11/7/2025,4.093
11/6/2025,4.093
11/5/2025,4.157
11/4/2025,4.091
11/3/2025,4.107
10/31/2025,4.101
10/30/2025,4.093
10/29/2025,4.058
10/28/2025,3.983
10/27/2025,3.997
10/24/2025,3.997
10/23/2025,3.989
10/22/2025,3.953
10/21/2025,3.963
10/20/2025,3.988
10/17/2025,4.009
10/16/2025,3.976
10/15/2025,4.045
10/14/2025,4.022
10/13/2025,4.055
10/12/2025,4.076
10/10/2025,4.051
10/9/2025,4.148
10/8/2025,4.131
10/7/2025,4.127
10/6/2025,4.162
10/3/2025,4.119
10/2/2025,4.09
10/1/2025,4.106
9/30/2025,4.15
9/29/2025,4.141
9/26/2025,4.187
9/25/2025,4.174
9/24/2025,4.147
9/23/2025,4.118
9/22/2025,4.145
9/19/2025,4.139
9/18/2025,4.104
9/17/2025,4.076
9/16/2025,4.026
9/15/2025,4.034
9/12/2025,4.06
9/11/2025,4.011
9/10/2025,4.032
9/9/2025,4.074
9/8/2025,4.046
9/5/2025,4.086
9/4/2025,4.176
9/3/2025,4.211
9/2/2025,4.277
9/1/2025,4.253
8/31/2025,4.237
8/29/2025,4.226
8/28/2025,4.207
8/27/2025,4.238
8/26/2025,4.256
8/25/2025,4.275
8/22/2025,4.258
8/21/2025,4.332
8/20/2025,4.296
8/19/2025,4.302
8/18/2025,4.339
8/15/2025,4.328
8/14/2025,4.293
8/13/2025,4.24
8/12/2025,4.293
8/11/2025,4.273
8/8/2025,4.283
8/7/2025,4.244
8/6/2025,4.218
8/5/2025,4.196
8/4/2025,4.198
8/1/2025,4.22
7/31/2025,4.36
7/30/2025,4.378
7/29/2025,4.328
7/28/2025,4.42
7/25/2025,4.386
7/24/2025,4.408
7/23/2025,4.388
7/22/2025,4.336
7/21/2025,4.37
7/18/2025,4.431
7/17/2025,4.463
7/16/2025,4.455
7/15/2025,4.489
7/14/2025,4.427
7/11/2025,4.423
7/10/2025,4.346
7/9/2025,4.342
7/8/2025,4.417
7/7/2025,4.382
7/4/2025,4.328
7/3/2025,4.346
7/2/2025,4.282
7/1/2025,4.241
6/30/2025,4.231
6/27/2025,4.274
6/26/2025,4.245
6/25/2025,4.29
6/24/2025,4.294
6/23/2025,4.341
6/20/2025,4.376
6/19/2025,4.385
6/18/2025,4.39
6/17/2025,4.386
6/16/2025,4.448
6/13/2025,4.406
6/12/2025,4.364
6/11/2025,4.419
6/10/2025,4.473
6/9/2025,4.475
6/6/2025,4.505
6/5/2025,4.389
6/4/2025,4.356
6/3/2025,4.457
6/2/2025,4.441
5/30/2025,4.397
5/29/2025,4.425
5/28/2025,4.474
5/27/2025,4.445
5/26/2025,4.511
5/25/2025,4.559
5/23/2025,4.507
5/22/2025,4.528
5/21/2025,4.595
5/20/2025,4.483
5/19/2025,4.447
5/16/2025,4.443
5/15/2025,4.431
5/14/2025,4.541
5/13/2025,4.47
5/12/2025,4.472
5/9/2025,4.381
5/8/2025,4.379
5/7/2025,4.268
5/6/2025,4.298
5/5/2025,4.348
5/2/2025,4.307
5/1/2025,4.215
4/30/2025,4.167
4/29/2025,4.171
4/28/2025,4.205
4/25/2025,4.254
4/24/2025,4.314
4/23/2025,4.384
4/22/2025,4.4
4/21/2025,4.416
4/17/2025,4.332
4/16/2025,4.28
4/15/2025,4.339
4/14/2025,4.383
4/11/2025,4.495
4/10/2025,4.424
4/9/2025,4.325
4/8/2025,4.289
4/7/2025,4.201
4/4/2025,3.999
4/3/2025,4.036
4/2/2025,4.125
4/1/2025,4.16
3/31/2025,4.21
3/28/2025,4.251
3/27/2025,4.36
3/26/2025,4.353
3/25/2025,4.316
3/24/2025,4.338
3/21/2025,4.249
3/20/2025,4.24
3/19/2025,4.246
3/18/2025,4.283
3/17/2025,4.298
3/14/2025,4.318
3/13/2025,4.269
3/12/2025,4.315
3/11/2025,4.281
3/10/2025,4.218
3/7/2025,4.304
3/6/2025,4.279
3/5/2025,4.279
3/4/2025,4.241
3/3/2025,4.158
2/28/2025,4.202
2/27/2025,4.265
2/26/2025,4.254
2/25/2025,4.297
2/24/2025,4.399
2/21/2025,4.43
2/20/2025,4.506
2/19/2025,4.534
2/18/2025,4.551
2/14/2025,4.477
2/13/2025,4.532
2/12/2025,4.625
2/11/2025,4.536
2/10/2025,4.5
2/7/2025,4.494
2/6/2025,4.435
2/5/2025,4.423
2/4/2025,4.512
2/3/2025,4.551
1/31/2025,4.542
1/30/2025,4.519
1/29/2025,4.533
1/28/2025,4.533
1/27/2025,4.533
1/24/2025,4.616
1/23/2025,4.645
1/22/2025,4.612
1/21/2025,4.572
1/17/2025,4.622
1/16/2025,4.611
1/15/2025,4.654
1/14/2025,4.792
1/13/2025,4.789
1/10/2025,4.762
1/9/2025,4.688
1/8/2025,4.692
1/7/2025,4.684
1/6/2025,4.623
1/3/2025,4.601
1/2/2025,4.561
12/31/2024,4.572
12/30/2024,4.532
12/27/2024,4.629
12/26/2024,4.584
12/24/2024,4.59
12/23/2024,4.588
12/20/2024,4.529
12/19/2024,4.565
12/18/2024,4.518
12/17/2024,4.394
12/16/2024,4.402
12/13/2024,4.394
12/12/2024,4.335
12/11/2024,4.274
12/10/2024,4.227
12/9/2024,4.2
12/6/2024,4.148
12/5/2024,4.177
12/4/2024,4.183
12/3/2024,4.226
12/2/2024,4.195
11/29/2024,4.177
11/27/2024,4.26
11/26/2024,4.294
11/25/2024,4.274
11/22/2024,4.411
11/21/2024,4.419
11/20/2024,4.413
11/19/2024,4.395
11/18/2024,4.413
11/15/2024,4.444
11/14/2024,4.445
11/13/2024,4.45
11/12/2024,4.429
11/8/2024,4.305
11/7/2024,4.325
11/6/2024,4.431
11/5/2024,4.28
11/4/2024,4.286
11/1/2024,4.385
10/31/2024,4.281
10/30/2024,4.299
10/29/2024,4.274
10/28/2024,4.278
10/25/2024,4.232
10/24/2024,4.202
10/23/2024,4.242
10/22/2024,4.206
10/21/2024,4.182
10/18/2024,4.075
10/17/2024,4.096
10/16/2024,4.016
10/15/2024,4.038
10/11/2024,4.073
10/10/2024,4.094
10/9/2024,4.067
10/8/2024,4.035
10/7/2024,4.026
10/4/2024,3.981
10/3/2024,3.846
10/2/2024,3.783
10/1/2024,3.731
9/30/2024,3.787
9/27/2024,3.751
9/26/2024,3.796
9/25/2024,3.791
9/24/2024,3.732
9/23/2024,3.751
9/20/2024,3.741
9/19/2024,3.719
9/18/2024,3.713
9/17/2024,3.648
9/16/2024,3.618
9/13/2024,3.657
9/12/2024,3.68
9/11/2024,3.661
9/10/2024,3.64
9/9/2024,3.702
9/6/2024,3.716
9/5/2024,3.725
9/4/2024,3.757
9/3/2024,3.831
9/2/2024,3.926
9/1/2024,3.907
8/30/2024,3.909
8/29/2024,3.863
8/28/2024,3.839
8/27/2024,3.829
8/26/2024,3.82
8/23/2024,3.795
8/22/2024,3.858
8/21/2024,3.799
8/20/2024,3.81
8/19/2024,3.875
8/16/2024,3.883
8/15/2024,3.919
8/14/2024,3.839
8/13/2024,3.846
8/12/2024,3.907
8/9/2024,3.94
8/8/2024,3.99
8/7/2024,3.953
8/6/2024,3.901
8/5/2024,3.779
8/2/2024,3.792
8/1/2024,3.982
7/31/2024,4.033
7/30/2024,4.141
7/29/2024,4.172
7/26/2024,4.194
7/25/2024,4.245
7/24/2024,4.286
7/23/2024,4.254
7/22/2024,4.254
7/19/2024,4.243
7/18/2024,4.202
7/17/2024,4.16
7/16/2024,4.16
7/15/2024,4.231
7/12/2024,4.187
7/11/2024,4.212
7/10/2024,4.282
7/9/2024,4.298
7/8/2024,4.28
7/5/2024,4.278
7/4/2024,4.372
7/3/2024,4.355
7/2/2024,4.438
7/1/2024,4.471
6/28/2024,4.392
6/27/2024,4.286
6/26/2024,4.329
6/25/2024,4.248
6/24/2024,4.234
6/21/2024,4.257
6/20/2024,4.261
6/19/2024,4.236
6/18/2024,4.219
6/17/2024,4.285
6/14/2024,4.221
6/13/2024,4.248
6/12/2024,4.318
6/11/2024,4.402
6/10/2024,4.471
6/7/2024,4.433
6/6/2024,4.287
6/5/2024,4.277
6/4/2024,4.33
6/3/2024,4.392
5/31/2024,4.503
5/30/2024,4.55
5/29/2024,4.616
5/28/2024,4.548
5/27/2024,4.461
5/24/2024,4.467
5/23/2024,4.479
5/22/2024,4.426
5/21/2024,4.412
5/20/2024,4.447
5/17/2024,4.422
5/16/2024,4.377
5/15/2024,4.344
5/14/2024,4.445
5/13/2024,4.49
5/10/2024,4.5
5/9/2024,4.459
5/8/2024,4.5
5/7/2024,4.461
5/6/2024,4.487
5/3/2024,4.497
5/2/2024,4.589
5/1/2024,4.641
4/30/2024,4.682
4/29/2024,4.611
4/26/2024,4.663
4/25/2024,4.704
4/24/2024,4.648
4/23/2024,4.607
4/22/2024,4.61
4/19/2024,4.623
4/18/2024,4.637
4/17/2024,4.589
4/16/2024,4.669
4/15/2024,4.61
4/12/2024,4.517
4/11/2024,4.584
4/10/2024,4.546
4/9/2024,4.362
4/8/2024,4.422
4/5/2024,4.4
4/4/2024,4.307
4/3/2024,4.351
4/2/2024,4.353
4/1/2024,4.317
3/29/2024,4.21
3/28/2024,4.206
3/27/2024,4.188
3/26/2024,4.238
3/25/2024,4.249
3/22/2024,4.202
3/21/2024,4.269
3/20/2024,4.277
3/19/2024,4.293
3/18/2024,4.328
3/15/2024,4.308
3/14/2024,4.292
3/13/2024,4.188
3/12/2024,4.151
3/11/2024,4.098
3/8/2024,4.077
3/7/2024,4.089
3/6/2024,4.108
3/5/2024,4.151
3/4/2024,4.217
3/1/2024,4.186
2/29/2024,4.254
2/28/2024,4.266
2/27/2024,4.303
2/26/2024,4.281
2/23/2024,4.248
2/22/2024,4.331
2/21/2024,4.319
2/20/2024,4.275
2/19/2024,4.317
2/18/2024,4.296
2/16/2024,4.281
2/15/2024,4.234
2/14/2024,4.261
2/13/2024,4.326
2/12/2024,4.179
2/9/2024,4.177
2/8/2024,4.158
2/7/2024,4.115
2/6/2024,4.09
2/5/2024,4.162
2/2/2024,4.024
2/1/2024,3.882
1/31/2024,3.918
1/30/2024,4.036
1/29/2024,4.076
1/26/2024,4.139
1/25/2024,4.12
1/24/2024,4.18
1/23/2024,4.132
1/22/2024,4.107
1/19/2024,4.13
1/18/2024,4.142
1/17/2024,4.106
1/16/2024,4.054
1/15/2024,3.986
1/14/2024,3.968
1/12/2024,3.939
1/11/2024,3.975
1/10/2024,4.03
1/9/2024,4.015
1/8/2024,4.027
1/5/2024,4.051
1/4/2024,4.003
1/3/2024,3.92
1/2/2024,3.941
1/1/2024,3.898
12/29/2023,3.866
12/28/2023,3.846
12/27/2023,3.789
12/26/2023,3.897
12/25/2023,3.902
12/22/2023,3.901
12/21/2023,3.892
12/20/2023,3.853
12/19/2023,3.931
12/18/2023,3.935
12/15/2023,3.915
12/14/2023,3.921
12/13/2023,4.024
12/12/2023,4.21
12/11/2023,4.237
12/8/2023,4.229
12/7/2023,4.148
12/6/2023,4.114
12/5/2023,4.167
12/4/2023,4.259
12/1/2023,4.209
11/30/2023,4.33
11/29/2023,4.259
11/28/2023,4.325
11/27/2023,4.39
11/24/2023,4.472
11/23/2023,4.453
11/22/2023,4.408
11/21/2023,4.398
11/20/2023,4.426
11/17/2023,4.439
11/16/2023,4.441
11/15/2023,4.537
11/14/2023,4.453
11/13/2023,4.638
11/10/2023,4.646
11/9/2023,4.632
11/8/2023,4.492
11/7/2023,4.569
11/6/2023,4.647
11/3/2023,4.576
11/2/2023,4.661
11/1/2023,4.734
10/31/2023,4.926
10/30/2023,4.888
10/27/2023,4.845
10/26/2023,4.849
10/25/2023,4.961
10/24/2023,4.819
10/23/2023,4.848
10/20/2023,4.914
10/19/2023,4.99
10/18/2023,4.911
10/17/2023,4.836
10/16/2023,4.7
10/13/2023,4.616
10/12/2023,4.697
10/11/2023,4.558
10/10/2023,4.657
10/9/2023,4.628
10/8/2023,4.725
10/6/2023,4.795
10/5/2023,4.721
10/4/2023,4.735
10/3/2023,4.795
10/2/2023,4.685
9/29/2023,4.579
9/28/2023,4.579
9/27/2023,4.608
9/26/2023,4.55
9/25/2023,4.531
9/22/2023,4.438
9/21/2023,4.494
9/20/2023,4.399
9/19/2023,4.365
9/18/2023,4.303
9/15/2023,4.336
9/14/2023,4.286
9/13/2023,4.254
9/12/2023,4.28
9/11/2023,4.294
9/8/2023,4.26
9/7/2023,4.25
9/6/2023,4.296
9/5/2023,4.266
9/4/2023,4.206
9/3/2023,4.187
9/1/2023,4.181
8/31/2023,4.106
8/30/2023,4.112
8/29/2023,4.12
8/28/2023,4.206
8/25/2023,4.231
8/24/2023,4.241
8/23/2023,4.196
8/22/2023,4.332
8/21/2023,4.342
8/18/2023,4.251
8/17/2023,4.284
8/16/2023,4.258
8/15/2023,4.219
8/14/2023,4.201
8/11/2023,4.158
8/10/2023,4.107
8/9/2023,4.016
8/8/2023,4.028
8/7/2023,4.097
8/4/2023,4.042
8/3/2023,4.179
8/2/2023,4.09
8/1/2023,4.037
7/31/2023,3.967
7/28/2023,3.957
7/27/2023,4.002
7/26/2023,3.873
7/25/2023,3.89
7/24/2023,3.878
7/21/2023,3.837
7/20/2023,3.856
7/19/2023,3.748
7/18/2023,3.789
7/17/2023,3.809
7/14/2023,3.83
7/13/2023,3.767
7/12/2023,3.861
7/11/2023,3.978
7/10/2023,4
7/7/2023,4.066
7/6/2023,4.031
7/5/2023,3.934
7/4/2023,3.839
7/3/2023,3.858
6/30/2023,3.841
6/29/2023,3.842
6/28/2023,3.714
6/27/2023,3.772
6/26/2023,3.723
6/23/2023,3.737
6/22/2023,3.797
6/21/2023,3.727
6/20/2023,3.719
6/19/2023,3.822
6/16/2023,3.767
6/15/2023,3.72
6/14/2023,3.79
6/13/2023,3.827
6/12/2023,3.743
6/9/2023,3.743
6/8/2023,3.718
6/7/2023,3.793
6/6/2023,3.677
6/5/2023,3.689
6/2/2023,3.698
6/1/2023,3.601
5/31/2023,3.646
5/30/2023,3.694
5/29/2023,3.764
5/28/2023,3.819
5/26/2023,3.81
5/25/2023,3.823
5/24/2023,3.744
5/23/2023,3.698
5/22/2023,3.719
5/19/2023,3.682
5/18/2023,3.651
5/17/2023,3.572
5/16/2023,3.541
5/15/2023,3.507
5/12/2023,3.463
5/11/2023,3.386
5/10/2023,3.439
5/9/2023,3.522
5/8/2023,3.507
5/5/2023,3.435
5/4/2023,3.377
5/3/2023,3.364
5/2/2023,3.433
5/1/2023,3.57
4/28/2023,3.433
4/27/2023,3.528
4/26/2023,3.445
4/25/2023,3.4
4/24/2023,3.496
4/21/2023,3.568
4/20/2023,3.536
4/19/2023,3.591
4/18/2023,3.578
4/17/2023,3.606
4/14/2023,3.515
4/13/2023,3.449
4/12/2023,3.4
4/11/2023,3.432
4/10/2023,3.415
4/7/2023,3.413
4/6/2023,3.303
4/5/2023,3.309
4/4/2023,3.339
4/3/2023,3.415
3/31/2023,3.473
3/30/2023,3.547
3/29/2023,3.566
3/28/2023,3.572
3/27/2023,3.539
3/24/2023,3.372
3/23/2023,3.414
3/22/2023,3.451
3/21/2023,3.608
3/20/2023,3.483
3/17/2023,3.438
3/16/2023,3.579
3/15/2023,3.462
3/14/2023,3.685
3/13/2023,3.545
3/10/2023,3.704
3/9/2023,3.907
3/8/2023,3.989
3/7/2023,3.97
3/6/2023,3.964
3/3/2023,3.958
3/2/2023,4.062
3/1/2023,3.994
2/28/2023,3.928
2/27/2023,3.922
2/24/2023,3.947
2/23/2023,3.89
2/22/2023,3.927
2/21/2023,3.954
2/20/2023,3.851
2/17/2023,3.817
2/16/2023,3.863
2/15/2023,3.803
2/14/2023,3.753
2/13/2023,3.704
2/10/2023,3.743
2/9/2023,3.664
2/8/2023,3.615
2/7/2023,3.679
2/6/2023,3.644
2/3/2023,3.519
2/2/2023,3.402
2/1/2023,3.417
1/31/2023,3.51
1/30/2023,3.542
1/27/2023,3.507
1/26/2023,3.506
1/25/2023,3.451
1/24/2023,3.455
1/23/2023,3.521
1/20/2023,3.482
1/19/2023,3.399
1/18/2023,3.373
1/17/2023,3.549
1/16/2023,3.529
1/13/2023,3.498
1/12/2023,3.444
1/11/2023,3.543
1/10/2023,3.615
1/9/2023,3.527
1/6/2023,3.56
1/5/2023,3.722
1/4/2023,3.69
1/3/2023,3.752
1/2/2023,3.879
12/30/2022,3.879
12/29/2022,3.82
12/28/2022,3.886
12/27/2022,3.849
12/26/2022,3.743
12/23/2022,3.751
12/22/2022,3.686
12/21/2022,3.673
12/20/2022,3.692
12/19/2022,3.59
12/16/2022,3.488
12/15/2022,3.45
12/14/2022,3.479
12/13/2022,3.501
12/12/2022,3.617
12/9/2022,3.586
12/8/2022,3.489
12/7/2022,3.421
12/6/2022,3.531
12/5/2022,3.583
12/2/2022,3.492
12/1/2022,3.51
11/30/2022,3.611
11/29/2022,3.75
11/28/2022,3.679
11/25/2022,3.691
11/24/2022,3.661
11/23/2022,3.689
11/22/2022,3.758
11/21/2022,3.84
11/18/2022,3.829
11/17/2022,3.769
11/16/2022,3.69
11/15/2022,3.777
11/14/2022,3.863
11/10/2022,3.811
11/9/2022,4.099
11/8/2022,4.128
11/7/2022,4.218
11/4/2022,4.163
11/3/2022,4.149
11/2/2022,4.096
11/1/2022,4.048
10/31/2022,4.05
10/28/2022,4.01
10/27/2022,3.927
10/26/2022,4.007
10/25/2022,4.1
10/24/2022,4.247
10/21/2022,4.219
10/20/2022,4.233
10/19/2022,4.138
10/18/2022,4.007
10/17/2022,4.012
10/14/2022,4.023
10/13/2022,3.95
10/12/2022,3.902
10/11/2022,3.945
10/10/2022,3.955
10/7/2022,3.888
10/6/2022,3.828
10/5/2022,3.755
10/4/2022,3.635
10/3/2022,3.643
9/30/2022,3.829
9/29/2022,3.782
9/28/2022,3.737
9/27/2022,3.949
9/26/2022,3.928
9/23/2022,3.687
9/22/2022,3.71
9/21/2022,3.534
9/20/2022,3.569
9/19/2022,3.494
9/16/2022,3.455
9/15/2022,3.449
9/14/2022,3.404
9/13/2022,3.412
9/12/2022,3.358
9/9/2022,3.315
9/8/2022,3.323
9/7/2022,3.267
9/6/2022,3.351
9/5/2022,3.223
9/2/2022,3.195
9/1/2022,3.259
8/31/2022,3.196
8/30/2022,3.112
8/29/2022,3.114
8/26/2022,3.03
8/25/2022,3.031
8/24/2022,3.109
8/23/2022,3.057
8/22/2022,3.024
8/19/2022,2.976
8/18/2022,2.886
8/17/2022,2.902
8/16/2022,2.808
8/15/2022,2.793
8/12/2022,2.842
8/11/2022,2.889
8/10/2022,2.785
8/9/2022,2.779
8/8/2022,2.75
8/5/2022,2.827
8/4/2022,2.694
8/3/2022,2.706
8/2/2022,2.748
8/1/2022,2.588
7/29/2022,2.658
7/28/2022,2.671
7/27/2022,2.785
7/26/2022,2.803
7/25/2022,2.807
7/22/2022,2.754
7/21/2022,2.882
7/20/2022,3.03
7/19/2022,3.028
7/18/2022,2.989
7/15/2022,2.928
7/14/2022,2.958
7/13/2022,2.935
7/12/2022,2.971
7/11/2022,2.993
7/8/2022,3.08
7/7/2022,3
7/6/2022,2.934
7/5/2022,2.818
7/4/2022,2.932
7/1/2022,2.889
6/30/2022,3.017
6/29/2022,3.087
6/28/2022,3.177
6/27/2022,3.202
6/24/2022,3.138
6/23/2022,3.089
6/22/2022,3.16
6/21/2022,3.279
6/20/2022,3.277
6/17/2022,3.231
6/16/2022,3.195
6/15/2022,3.292
6/14/2022,3.479
6/13/2022,3.362
6/10/2022,3.165
6/9/2022,3.046
6/8/2022,3.027
6/7/2022,2.979
6/6/2022,3.04
6/3/2022,2.941
6/2/2022,2.913
6/1/2022,2.911
5/31/2022,2.849
5/30/2022,2.812
5/27/2022,2.743
5/26/2022,2.742
5/25/2022,2.751
5/24/2022,2.754
5/23/2022,2.861
5/20/2022,2.788
5/19/2022,2.837
5/18/2022,2.884
5/17/2022,2.995
5/16/2022,2.886
5/13/2022,2.928
5/12/2022,2.855
5/11/2022,2.925
5/10/2022,2.989
5/9/2022,3.034
5/6/2022,3.142
5/5/2022,3.035
5/4/2022,2.946
5/3/2022,2.979
5/2/2022,2.977
4/29/2022,2.938
4/28/2022,2.832
4/27/2022,2.826
4/26/2022,2.728
4/25/2022,2.818
4/22/2022,2.905
4/21/2022,2.908
4/20/2022,2.834
4/19/2022,2.94
4/18/2022,2.857
4/14/2022,2.828
4/13/2022,2.703
4/12/2022,2.727
4/11/2022,2.774
4/8/2022,2.704
4/7/2022,2.665
4/6/2022,2.598
4/5/2022,2.554
4/4/2022,2.393
4/1/2022,2.389
3/31/2022,2.345
3/30/2022,2.358
3/29/2022,2.398
3/28/2022,2.466
3/25/2022,2.488
3/24/2022,2.37
3/23/2022,2.29
3/22/2022,2.381
3/21/2022,2.297
3/18/2022,2.153
3/17/2022,2.167
3/16/2022,2.192
3/15/2022,2.149
3/14/2022,2.142
3/11/2022,1.997
3/10/2022,1.993
3/9/2022,1.951
3/8/2022,1.84
3/7/2022,1.777
3/4/2022,1.737
3/3/2022,1.84
3/2/2022,1.878
3/1/2022,1.716
2/28/2022,1.822
2/25/2022,1.97
2/24/2022,1.97
2/23/2022,1.998
2/22/2022,1.944
2/21/2022,1.873
2/18/2022,1.927
2/17/2022,1.968
2/16/2022,2.04
2/15/2022,2.043
2/14/2022,1.986
2/11/2022,1.918
2/10/2022,2.043
2/9/2022,1.945
2/8/2022,1.965
2/7/2022,1.919
2/4/2022,1.916
2/3/2022,1.836
2/2/2022,1.771
2/1/2022,1.795
1/31/2022,1.784
1/28/2022,1.778
1/27/2022,1.803
1/26/2022,1.873
1/25/2022,1.776
1/24/2022,1.776
1/21/2022,1.77
1/20/2022,1.811
1/19/2022,1.854
1/18/2022,1.875
1/17/2022,1.809
1/14/2022,1.793
1/13/2022,1.701
1/12/2022,1.752
1/11/2022,1.746
1/10/2022,1.755
1/7/2022,1.765
1/6/2022,1.728
1/5/2022,1.7
1/4/2022,1.649
1/3/2022,1.637
12/31/2021,1.512
12/30/2021,1.507
12/29/2021,1.556
12/28/2021,1.484
12/27/2021,1.477
12/23/2021,1.493
12/22/2021,1.453
12/21/2021,1.467
12/20/2021,1.428
12/17/2021,1.407
12/16/2021,1.424
12/15/2021,1.458
12/14/2021,1.441
12/13/2021,1.414
12/10/2021,1.482
12/9/2021,1.497
12/8/2021,1.528
12/7/2021,1.482
12/6/2021,1.433
12/3/2021,1.356
12/2/2021,1.444
12/1/2021,1.404
11/30/2021,1.456
11/29/2021,1.502
11/26/2021,1.482
11/25/2021,1.596
11/24/2021,1.643
11/23/2021,1.676
11/22/2021,1.632
11/19/2021,1.548
11/18/2021,1.587
11/17/2021,1.585
11/16/2021,1.64
11/15/2021,1.618
11/12/2021,1.57
11/11/2021,1.578
11/10/2021,1.57
11/9/2021,1.439
11/8/2021,1.493
11/5/2021,1.455
11/4/2021,1.53
11/3/2021,1.603
11/2/2021,1.547
11/1/2021,1.561
10/29/2021,1.561
10/28/2021,1.578
10/27/2021,1.55
10/26/2021,1.61
10/25/2021,1.633
10/22/2021,1.638
10/21/2021,1.696
10/20/2021,1.66
10/19/2021,1.641
10/18/2021,1.591
10/15/2021,1.574
10/14/2021,1.516
10/13/2021,1.542
10/12/2021,1.572
10/11/2021,1.628
10/8/2021,1.612
10/7/2021,1.576
10/6/2021,1.528
10/5/2021,1.528
10/4/2021,1.481
10/1/2021,1.465
9/30/2021,1.492
9/29/2021,1.524
9/28/2021,1.546
9/27/2021,1.491
9/24/2021,1.453
9/23/2021,1.435
9/22/2021,1.304
9/21/2021,1.328
9/20/2021,1.312
9/17/2021,1.363
9/16/2021,1.336
9/15/2021,1.304
9/14/2021,1.284
9/13/2021,1.326
9/10/2021,1.343
9/9/2021,1.297
9/8/2021,1.336
9/7/2021,1.377
9/6/2021,1.336
9/3/2021,1.326
9/2/2021,1.285
9/1/2021,1.299
8/31/2021,1.307
8/30/2021,1.28
8/27/2021,1.31
8/26/2021,1.354
8/25/2021,1.349
8/24/2021,1.297
8/23/2021,1.253
8/20/2021,1.255
8/19/2021,1.243
8/18/2021,1.26
8/17/2021,1.267
8/16/2021,1.268
8/13/2021,1.283
8/12/2021,1.361
8/11/2021,1.335
8/10/2021,1.354
8/9/2021,1.325
8/6/2021,1.305
8/5/2021,1.225
8/4/2021,1.18
8/3/2021,1.174
8/2/2021,1.179
7/30/2021,1.226
7/29/2021,1.266
7/28/2021,1.238
7/27/2021,1.239
7/26/2021,1.295
7/23/2021,1.281
7/22/2021,1.277
7/21/2021,1.292
7/20/2021,1.222
7/19/2021,1.199
7/16/2021,1.3
7/15/2021,1.301
7/14/2021,1.349
7/13/2021,1.418
7/12/2021,1.368
7/9/2021,1.361
7/8/2021,1.294
7/7/2021,1.323
7/6/2021,1.352
7/5/2021,1.436
7/2/2021,1.431
7/1/2021,1.459
6/30/2021,1.468
6/29/2021,1.475
6/28/2021,1.482
6/25/2021,1.524
6/24/2021,1.499
6/23/2021,1.485
6/22/2021,1.467
6/21/2021,1.497
6/18/2021,1.443
6/17/2021,1.511
6/16/2021,1.581
6/15/2021,1.489
6/14/2021,1.497
6/11/2021,1.454
6/10/2021,1.437
6/9/2021,1.492
6/8/2021,1.538
6/7/2021,1.569
6/4/2021,1.557
6/3/2021,1.625
6/2/2021,1.589
6/1/2021,1.606
5/31/2021,1.61
5/28/2021,1.581
5/27/2021,1.606
5/26/2021,1.581
5/25/2021,1.56
5/24/2021,1.603
5/21/2021,1.623
5/20/2021,1.628
5/19/2021,1.676
5/18/2021,1.64
5/17/2021,1.652
5/14/2021,1.635
5/13/2021,1.659
5/12/2021,1.693
5/11/2021,1.622
5/10/2021,1.604
5/7/2021,1.579
5/6/2021,1.57
5/5/2021,1.571
5/4/2021,1.591
5/3/2021,1.599
4/30/2021,1.626
4/29/2021,1.641
4/28/2021,1.611
4/27/2021,1.625
4/26/2021,1.568
4/23/2021,1.559
4/22/2021,1.542
4/21/2021,1.559
4/20/2021,1.566
4/19/2021,1.61
4/16/2021,1.59
4/15/2021,1.574
4/14/2021,1.634
4/13/2021,1.62
4/12/2021,1.669
4/9/2021,1.662
4/8/2021,1.626
4/7/2021,1.679
4/6/2021,1.658
4/5/2021,1.707
4/2/2021,1.673
4/1/2021,1.673
3/31/2021,1.744
3/30/2021,1.71
3/29/2021,1.717
3/26/2021,1.674
3/25/2021,1.633
3/24/2021,1.614
3/23/2021,1.622
3/22/2021,1.695
3/19/2021,1.73
3/18/2021,1.706
3/17/2021,1.646
3/16/2021,1.621
3/15/2021,1.607
3/12/2021,1.625
3/11/2021,1.535
3/10/2021,1.521
3/9/2021,1.528
3/8/2021,1.603
3/5/2021,1.577
3/4/2021,1.557
3/3/2021,1.484
3/2/2021,1.398
3/1/2021,1.426
2/26/2021,1.407
2/25/2021,1.53
2/24/2021,1.372
2/23/2021,1.343
2/22/2021,1.369
2/19/2021,1.34
2/18/2021,1.297
2/17/2021,1.282
2/16/2021,1.311
2/15/2021,1.25
2/12/2021,1.21
2/11/2021,1.165
2/10/2021,1.124
2/9/2021,1.16
2/8/2021,1.176
2/5/2021,1.169
2/4/2021,1.136
2/3/2021,1.139
2/2/2021,1.095
2/1/2021,1.079
1/29/2021,1.071
1/28/2021,1.052
1/27/2021,1.013
1/26/2021,1.033
1/25/2021,1.033
1/22/2021,1.086
1/21/2021,1.109
1/20/2021,1.077
1/19/2021,1.092
1/18/2021,1.1
1/15/2021,1.087
1/14/2021,1.129
1/13/2021,1.092
1/12/2021,1.129
1/11/2021,1.144
1/8/2021,1.119
1/7/2021,1.081
1/6/2021,1.039
1/5/2021,0.955
1/4/2021,0.918
12/31/2020,0.916
12/30/2020,0.926
12/29/2020,0.94
12/28/2020,0.923
12/24/2020,0.926
12/23/2020,0.945
12/22/2020,0.921
12/21/2020,0.938
12/18/2020,0.945
12/17/2020,0.935
12/16/2020,0.92
12/15/2020,0.911
12/14/2020,0.898
12/11/2020,0.896
12/10/2020,0.906
12/9/2020,0.938
12/8/2020,0.921
12/7/2020,0.928
12/4/2020,0.973
12/3/2020,0.911
12/2/2020,0.938
12/1/2020,0.929
11/30/2020,0.842
11/27/2020,0.842
11/26/2020,0.859
11/25/2020,0.882
11/24/2020,0.885
11/23/2020,0.859
11/20/2020,0.824
11/19/2020,0.842
11/18/2020,0.87
11/17/2020,0.862
11/16/2020,0.911
11/13/2020,0.898
11/12/2020,0.883
11/11/2020,0.977
11/10/2020,0.96
11/9/2020,0.924
11/6/2020,0.82
11/5/2020,0.766
11/4/2020,0.771
11/3/2020,0.896
11/2/2020,0.852
10/30/2020,0.874
10/29/2020,0.831
10/28/2020,0.774
10/27/2020,0.771
10/26/2020,0.803
10/23/2020,0.841
10/22/2020,0.861
10/21/2020,0.821
10/20/2020,0.786
10/19/2020,0.772
10/16/2020,0.749
10/15/2020,0.739
10/14/2020,0.727
10/13/2020,0.729
10/12/2020,0.764
10/9/2020,0.779
10/8/2020,0.779
10/7/2020,0.784
10/6/2020,0.734
10/5/2020,0.778
10/2/2020,0.704
10/1/2020,0.679
9/30/2020,0.686
9/29/2020,0.651
9/28/2020,0.658
9/25/2020,0.656
9/24/2020,0.668
9/23/2020,0.677
9/22/2020,0.671
9/21/2020,0.669
9/18/2020,0.697
9/17/2020,0.689
9/16/2020,0.698
9/15/2020,0.68
9/14/2020,0.676
9/11/2020,0.669
9/10/2020,0.682
9/9/2020,0.698
9/8/2020,0.682
9/7/2020,0.72
9/4/2020,0.721
9/3/2020,0.636
9/2/2020,0.648
9/1/2020,0.672
8/31/2020,0.706
8/28/2020,0.724
8/27/2020,0.754
8/26/2020,0.688
8/25/2020,0.688
8/24/2020,0.654
8/21/2020,0.636
8/20/2020,0.652
8/19/2020,0.685
8/18/2020,0.67
8/17/2020,0.692
8/14/2020,0.709
8/13/2020,0.717
8/12/2020,0.673
8/11/2020,0.643
8/10/2020,0.581
8/7/2020,0.566
8/6/2020,0.538
8/5/2020,0.549
8/4/2020,0.512
8/3/2020,0.554
7/31/2020,0.533
7/30/2020,0.545
7/29/2020,0.577
7/28/2020,0.579
7/27/2020,0.615
7/24/2020,0.587
7/23/2020,0.577
7/22/2020,0.6
7/21/2020,0.605
7/20/2020,0.613
7/17/2020,0.623
7/16/2020,0.618
7/15/2020,0.633
7/14/2020,0.625
7/13/2020,0.618
7/10/2020,0.643
7/9/2020,0.613
7/8/2020,0.666
7/7/2020,0.64
7/6/2020,0.678
7/2/2020,0.669
7/1/2020,0.676
6/30/2020,0.658
6/29/2020,0.627
6/26/2020,0.64
6/25/2020,0.682
6/24/2020,0.679
6/23/2020,0.715
6/22/2020,0.71
6/19/2020,0.694
6/18/2020,0.707
6/17/2020,0.733
6/16/2020,0.741
6/15/2020,0.72
6/12/2020,0.71
6/11/2020,0.666
6/10/2020,0.736
6/9/2020,0.824
6/8/2020,0.878
6/5/2020,0.893
6/4/2020,0.825
6/3/2020,0.746
6/2/2020,0.687
6/1/2020,0.667
5/29/2020,0.653
5/28/2020,0.697
5/27/2020,0.695
5/26/2020,0.695
5/25/2020,0.659
5/22/2020,0.657
5/21/2020,0.68
5/20/2020,0.69
5/19/2020,0.692
5/18/2020,0.726
5/15/2020,0.644
5/14/2020,0.617
5/13/2020,0.654
5/12/2020,0.667
5/11/2020,0.707
5/8/2020,0.685
5/7/2020,0.639
5/6/2020,0.709
5/5/2020,0.662
5/4/2020,0.631
5/1/2020,0.618
4/30/2020,0.646
4/29/2020,0.628
4/28/2020,0.616
4/27/2020,0.664
4/24/2020,0.605
4/23/2020,0.603
4/22/2020,0.618
4/21/2020,0.566
4/20/2020,0.616
4/17/2020,0.642
4/16/2020,0.617
4/15/2020,0.635
4/14/2020,0.75
4/13/2020,0.77
4/9/2020,0.729
4/8/2020,0.771
4/7/2020,0.726
4/6/2020,0.678
4/3/2020,0.599
4/2/2020,0.611
4/1/2020,0.602
3/31/2020,0.668
3/30/2020,0.726
3/27/2020,0.676
3/26/2020,0.848
3/25/2020,0.869
3/24/2020,0.858
3/23/2020,0.763
3/20/2020,0.885
3/19/2020,1.158
3/18/2020,1.183
3/17/2020,1.069
3/16/2020,0.74
3/13/2020,0.983
3/12/2020,0.812
3/11/2020,0.877
3/10/2020,0.8
3/9/2020,0.559
3/6/2020,0.773
3/5/2020,0.917
3/4/2020,1.055
3/3/2020,0.999
3/2/2020,1.152
2/28/2020,1.163
2/27/2020,1.274
2/26/2020,1.335
2/25/2020,1.355
2/24/2020,1.37
2/21/2020,1.473
2/20/2020,1.519
2/19/2020,1.568
2/18/2020,1.559
2/17/2020,1.578
2/14/2020,1.588
2/13/2020,1.619
2/12/2020,1.637
2/11/2020,1.602
2/10/2020,1.563
2/7/2020,1.582
2/6/2020,1.644
2/5/2020,1.649
2/4/2020,1.603
2/3/2020,1.526
1/31/2020,1.505
1/30/2020,1.591
1/29/2020,1.581
1/28/2020,1.661
1/27/2020,1.613
1/24/2020,1.686
1/23/2020,1.731
1/22/2020,1.769
1/21/2020,1.774
1/20/2020,1.823
1/17/2020,1.825
1/16/2020,1.809
1/15/2020,1.786
1/14/2020,1.813
1/13/2020,1.848
1/10/2020,1.82
1/9/2020,1.855
1/8/2020,1.874
1/7/2020,1.811
1/6/2020,1.809
1/3/2020,1.793
1/2/2020,1.877
1/1/2020,1.921
12/31/2019,1.919
12/30/2019,1.886
12/27/2019,1.877
12/26/2019,1.894
12/25/2019,1.907
12/24/2019,1.903
12/23/2019,1.928
12/20/2019,1.919
12/19/2019,1.922
12/18/2019,1.922
12/17/2019,1.875
12/16/2019,1.873
12/13/2019,1.824
12/12/2019,1.896
12/11/2019,1.793
12/10/2019,1.842
12/9/2019,1.821
12/6/2019,1.843
12/5/2019,1.809
12/4/2019,1.778
12/3/2019,1.717
12/2/2019,1.822
11/29/2019,1.774
11/28/2019,1.778
11/27/2019,1.767
11/26/2019,1.741
11/25/2019,1.752
11/22/2019,1.771
11/21/2019,1.776
11/20/2019,1.747
11/19/2019,1.786
11/18/2019,1.815
11/15/2019,1.836
11/14/2019,1.822
11/13/2019,1.891
11/12/2019,1.928
11/11/2019,1.923
11/8/2019,1.945
11/7/2019,1.929
11/6/2019,1.83
11/5/2019,1.857
11/4/2019,1.781
11/1/2019,1.714
10/31/2019,1.688
10/30/2019,1.775
10/29/2019,1.837
10/28/2019,1.845
10/25/2019,1.799
10/24/2019,1.771
10/23/2019,1.768
10/22/2019,1.768
10/21/2019,1.803
10/18/2019,1.754
10/17/2019,1.75
10/16/2019,1.745
10/15/2019,1.771
10/14/2019,1.715
10/11/2019,1.734
10/10/2019,1.67
10/9/2019,1.587
10/8/2019,1.532
10/7/2019,1.565
10/4/2019,1.529
10/3/2019,1.534
10/2/2019,1.601
10/1/2019,1.635
9/30/2019,1.668
9/27/2019,1.687
9/26/2019,1.697
9/25/2019,1.737
9/24/2019,1.652
9/23/2019,1.723
9/20/2019,1.722
9/19/2019,1.787
9/18/2019,1.8
9/17/2019,1.81
9/16/2019,1.843
9/13/2019,1.901
9/12/2019,1.778
9/11/2019,1.745
9/10/2019,1.744
9/9/2019,1.647
9/6/2019,1.56
9/5/2019,1.565
9/4/2019,1.471
9/3/2019,1.462
9/2/2019,1.506
8/30/2019,1.499
8/29/2019,1.496
8/28/2019,1.468
8/27/2019,1.474
8/26/2019,1.538
8/23/2019,1.533
8/22/2019,1.613
8/21/2019,1.591
8/20/2019,1.552
8/19/2019,1.608
8/16/2019,1.562
8/15/2019,1.502
8/14/2019,1.583
8/13/2019,1.702
8/12/2019,1.64
8/9/2019,1.745
8/8/2019,1.719
8/7/2019,1.721
8/6/2019,1.716
8/5/2019,1.718
8/2/2019,1.843
8/1/2019,1.902
7/31/2019,2.007
7/30/2019,2.06
7/29/2019,2.063
7/26/2019,2.074
7/25/2019,2.083
7/24/2019,2.05
7/23/2019,2.078
7/22/2019,2.05
7/19/2019,2.057
7/18/2019,2.026
7/17/2019,2.043
7/16/2019,2.106
7/15/2019,2.09
7/12/2019,2.124
7/11/2019,2.143
7/10/2019,2.061
7/9/2019,2.072
7/8/2019,2.048
7/5/2019,2.039
7/4/2019,1.948
7/3/2019,1.953
7/2/2019,1.976
7/1/2019,2.033
6/28/2019,2.007
6/27/2019,2.014
6/26/2019,2.05
6/25/2019,1.988
6/24/2019,2.018
6/21/2019,2.059
6/20/2019,2.023
6/19/2019,2.029
6/18/2019,2.058
6/17/2019,2.091
6/14/2019,2.084
6/13/2019,2.093
6/12/2019,2.122
6/11/2019,2.145
6/10/2019,2.15
6/7/2019,2.084
6/6/2019,2.121
6/5/2019,2.131
6/4/2019,2.121
6/3/2019,2.075
5/31/2019,2.133
5/30/2019,2.217
5/29/2019,2.262
5/28/2019,2.267
5/27/2019,2.31
5/24/2019,2.324
5/23/2019,2.322
5/22/2019,2.38
5/21/2019,2.428
5/20/2019,2.419
5/17/2019,2.393
5/16/2019,2.394
5/15/2019,2.377
5/14/2019,2.414
5/13/2019,2.403
5/10/2019,2.473
5/9/2019,2.453
5/8/2019,2.485
5/7/2019,2.448
5/6/2019,2.5
5/3/2019,2.53
5/2/2019,2.545
5/1/2019,2.502
4/30/2019,2.504
4/29/2019,2.527
4/26/2019,2.5
4/25/2019,2.534
4/24/2019,2.518
4/23/2019,2.569
4/22/2019,2.587
4/18/2019,2.56
4/17/2019,2.594
4/16/2019,2.592
4/15/2019,2.556
4/12/2019,2.562
4/11/2019,2.499
4/10/2019,2.465
4/9/2019,2.502
4/8/2019,2.52
4/5/2019,2.499
4/4/2019,2.513
4/3/2019,2.528
4/2/2019,2.472
4/1/2019,2.503
3/29/2019,2.407
3/28/2019,2.391
3/27/2019,2.381
3/26/2019,2.425
3/25/2019,2.405
3/22/2019,2.437
3/21/2019,2.539
3/20/2019,2.524
3/19/2019,2.618
3/18/2019,2.605
3/15/2019,2.591
3/14/2019,2.63
3/13/2019,2.625
3/12/2019,2.6
3/11/2019,2.641
3/8/2019,2.63
3/7/2019,2.641
3/6/2019,2.693
3/5/2019,2.719
3/4/2019,2.724
3/1/2019,2.759
2/28/2019,2.717
2/27/2019,2.686
2/26/2019,2.638
2/25/2019,2.668
2/22/2019,2.654
2/21/2019,2.695
2/20/2019,2.648
2/19/2019,2.636
2/18/2019,2.673
2/15/2019,2.664
2/14/2019,2.655
2/13/2019,2.709
2/12/2019,2.686
2/11/2019,2.654
2/8/2019,2.634
2/7/2019,2.657
2/6/2019,2.7
2/5/2019,2.704
2/4/2019,2.725
2/1/2019,2.684
1/31/2019,2.633
1/30/2019,2.678
1/29/2019,2.71
1/28/2019,2.748
1/25/2019,2.759
1/24/2019,2.716
1/23/2019,2.75
1/22/2019,2.741
1/21/2019,2.773
1/18/2019,2.788
1/17/2019,2.75
1/16/2019,2.727
1/15/2019,2.718
1/14/2019,2.706
1/11/2019,2.699
1/10/2019,2.746
1/9/2019,2.712
1/8/2019,2.73
1/7/2019,2.698
1/4/2019,2.668
1/3/2019,2.552
1/2/2019,2.633
1/1/2019,2.686
12/31/2018,2.686
12/28/2018,2.716
12/27/2018,2.774
12/26/2018,2.81
12/25/2018,2.751
12/24/2018,2.737
12/21/2018,2.788
12/20/2018,2.808
12/19/2018,2.762
12/18/2018,2.823
12/17/2018,2.857
12/14/2018,2.895
12/13/2018,2.913
12/12/2018,2.911
12/11/2018,2.879
12/10/2018,2.863
12/7/2018,2.858
12/6/2018,2.892
12/5/2018,2.917
12/4/2018,2.915
12/3/2018,2.966
11/30/2018,2.993
11/29/2018,3.032
11/28/2018,3.061
11/27/2018,3.059
11/26/2018,3.059
11/23/2018,3.046
11/22/2018,3.065
11/21/2018,3.065
11/20/2018,3.061
11/19/2018,3.063
11/16/2018,3.065
11/15/2018,3.11
11/14/2018,3.127
11/13/2018,3.141
11/12/2018,3.151
11/9/2018,3.186
11/8/2018,3.239
11/7/2018,3.237
11/6/2018,3.231
11/5/2018,3.201
11/2/2018,3.22
11/1/2018,3.134
10/31/2018,3.149
10/30/2018,3.119
10/29/2018,3.089
10/26/2018,3.077
10/25/2018,3.126
10/24/2018,3.111
10/23/2018,3.171
10/22/2018,3.2
10/19/2018,3.196
10/18/2018,3.177
10/17/2018,3.207
10/16/2018,3.163
10/15/2018,3.156
10/12/2018,3.167
10/11/2018,3.146
10/10/2018,3.174
10/9/2018,3.206
10/8/2018,3.231
10/5/2018,3.233
10/4/2018,3.187
10/3/2018,3.181
10/2/2018,3.061
10/1/2018,3.086
9/28/2018,3.065
9/27/2018,3.056
9/26/2018,3.048
9/25/2018,3.098
9/24/2018,3.089
9/21/2018,3.066
9/20/2018,3.065
9/19/2018,3.066
9/18/2018,3.057
9/17/2018,2.994
9/14/2018,3
9/13/2018,2.974
9/12/2018,2.964
9/11/2018,2.981
9/10/2018,2.935
9/7/2018,2.939
9/6/2018,2.878
9/5/2018,2.904
9/4/2018,2.898
9/3/2018,2.862
8/31/2018,2.86
8/30/2018,2.859
8/29/2018,2.886
8/28/2018,2.884
8/27/2018,2.846
8/24/2018,2.813
8/23/2018,2.828
8/22/2018,2.821
8/21/2018,2.842
8/20/2018,2.819
8/17/2018,2.864
8/16/2018,2.87
8/15/2018,2.864
8/14/2018,2.9
8/13/2018,2.877
8/10/2018,2.873
8/9/2018,2.929
8/8/2018,2.964
8/7/2018,2.977
8/6/2018,2.945
8/3/2018,2.951
8/2/2018,2.986
8/1/2018,3.004
7/31/2018,2.962
7/30/2018,2.975
7/27/2018,2.958
7/26/2018,2.982
7/25/2018,2.973
7/24/2018,2.95
7/23/2018,2.96
7/20/2018,2.895
7/19/2018,2.838
7/18/2018,2.875
7/17/2018,2.86
7/16/2018,2.856
7/13/2018,2.829
7/12/2018,2.849
7/11/2018,2.84
7/10/2018,2.867
7/9/2018,2.858
7/6/2018,2.824
7/5/2018,2.833
7/4/2018,2.842
7/3/2018,2.833
7/2/2018,2.871
6/29/2018,2.86
6/28/2018,2.84
6/27/2018,2.827
6/26/2018,2.877
6/25/2018,2.882
6/22/2018,2.895
6/21/2018,2.899
6/20/2018,2.937
6/19/2018,2.897
6/18/2018,2.917
6/15/2018,2.922
6/14/2018,2.935
6/13/2018,2.974
6/12/2018,2.964
6/11/2018,2.952
6/8/2018,2.948
6/7/2018,2.922
6/6/2018,2.974
6/5/2018,2.926
6/4/2018,2.944
6/1/2018,2.902
5/31/2018,2.86
5/30/2018,2.857
5/29/2018,2.79
5/28/2018,2.898
5/25/2018,2.931
5/24/2018,2.977
5/23/2018,2.993
5/22/2018,3.063
5/21/2018,3.058
5/18/2018,3.06
5/17/2018,3.115
5/16/2018,3.104
5/15/2018,3.072
5/14/2018,3.002
5/11/2018,2.97
5/10/2018,2.964
5/9/2018,3.006
5/8/2018,2.972
5/7/2018,2.952
5/4/2018,2.951
5/3/2018,2.948
5/2/2018,2.976
5/1/2018,2.968
4/30/2018,2.955
4/27/2018,2.959
4/26/2018,2.983
4/25/2018,3.032
4/24/2018,3
4/23/2018,2.977
4/20/2018,2.96
4/19/2018,2.914
4/18/2018,2.875
4/17/2018,2.83
4/16/2018,2.829
4/13/2018,2.825
4/12/2018,2.843
4/11/2018,2.779
4/10/2018,2.801
4/9/2018,2.781
4/6/2018,2.775
4/5/2018,2.834
4/4/2018,2.808
4/3/2018,2.781
4/2/2018,2.733
3/29/2018,2.741
3/28/2018,2.783
3/27/2018,2.775
3/26/2018,2.852
3/23/2018,2.813
3/22/2018,2.823
3/21/2018,2.881
3/20/2018,2.9
3/19/2018,2.855
3/16/2018,2.845
3/15/2018,2.826
3/14/2018,2.819
3/13/2018,2.844
3/12/2018,2.866
3/9/2018,2.896
3/8/2018,2.857
3/7/2018,2.881
3/6/2018,2.886
3/5/2018,2.883
3/2/2018,2.868
3/1/2018,2.811
2/28/2018,2.864
2/27/2018,2.901
2/26/2018,2.864
2/23/2018,2.866
2/22/2018,2.919
2/21/2018,2.952
2/20/2018,2.891
2/19/2018,2.889
2/16/2018,2.873
2/15/2018,2.906
2/14/2018,2.913
2/13/2018,2.833
2/12/2018,2.859
2/9/2018,2.857
2/8/2018,2.828
2/7/2018,2.834
2/6/2018,2.805
2/5/2018,2.709
2/2/2018,2.841
2/1/2018,2.782
1/31/2018,2.713
1/30/2018,2.724
1/29/2018,2.699
1/26/2018,2.66
1/25/2018,2.624
1/24/2018,2.648
1/23/2018,2.617
1/22/2018,2.656
1/19/2018,2.661
1/18/2018,2.624
1/17/2018,2.587
1/16/2018,2.539
1/15/2018,2.552
1/12/2018,2.55
1/11/2018,2.537
1/10/2018,2.559
1/9/2018,2.551
1/8/2018,2.48
1/5/2018,2.476
1/4/2018,2.453
1/3/2018,2.445
1/2/2018,2.461
1/1/2018,2.405
12/29/2017,2.405
12/28/2017,2.434
12/27/2017,2.412
12/26/2017,2.474
12/25/2017,2.492
12/22/2017,2.485
12/21/2017,2.484
12/20/2017,2.497
12/19/2017,2.459
12/18/2017,2.394
12/16/2017,2.351
12/15/2017,2.351
12/14/2017,2.349
12/13/2017,2.348
12/12/2017,2.403
12/11/2017,2.39
12/8/2017,2.378
12/7/2017,2.362
12/6/2017,2.34
12/5/2017,2.353
12/4/2017,2.372
12/1/2017,2.363
11/30/2017,2.415
11/29/2017,2.388
11/28/2017,2.326
11/27/2017,2.331
11/24/2017,2.34
11/23/2017,2.326
11/22/2017,2.32
11/21/2017,2.358
11/20/2017,2.368
11/17/2017,2.345
11/16/2017,2.375
11/15/2017,2.326
11/14/2017,2.375
11/13/2017,2.407
11/10/2017,2.402
11/9/2017,2.34
11/8/2017,2.334
11/7/2017,2.316
11/6/2017,2.318
11/3/2017,2.332
11/2/2017,2.349
11/1/2017,2.372
10/31/2017,2.378
10/30/2017,2.37
10/27/2017,2.415
10/26/2017,2.463
10/25/2017,2.435
10/24/2017,2.421
10/23/2017,2.37
10/20/2017,2.383
10/19/2017,2.318
10/18/2017,2.345
10/17/2017,2.302
10/16/2017,2.305
10/13/2017,2.275
10/12/2017,2.321
10/11/2017,2.353
10/10/2017,2.355
10/9/2017,2.361
10/6/2017,2.361
10/5/2017,2.348
10/4/2017,2.323
10/3/2017,2.325
10/2/2017,2.341
9/29/2017,2.339
9/28/2017,2.309
9/27/2017,2.31
9/26/2017,2.236
9/25/2017,2.222
9/22/2017,2.253
9/21/2017,2.278
9/20/2017,2.273
9/19/2017,2.246
9/18/2017,2.234
9/15/2017,2.202
9/14/2017,2.187
9/13/2017,2.194
9/12/2017,2.167
9/11/2017,2.134
9/8/2017,2.054
9/7/2017,2.042
9/6/2017,2.106
9/5/2017,2.063
9/1/2017,2.166
8/31/2017,2.121
8/30/2017,2.136
8/29/2017,2.129
8/28/2017,2.159
8/25/2017,2.169
8/24/2017,2.196
8/23/2017,2.169
8/22/2017,2.217
8/21/2017,2.183
8/18/2017,2.197
8/17/2017,2.185
8/16/2017,2.226
8/15/2017,2.273
8/14/2017,2.224
8/11/2017,2.191
8/10/2017,2.201
8/9/2017,2.249
8/8/2017,2.262
8/7/2017,2.257
8/4/2017,2.264
8/3/2017,2.219
8/2/2017,2.271
8/1/2017,2.253
7/31/2017,2.296
7/28/2017,2.291
7/27/2017,2.319
7/26/2017,2.293
7/25/2017,2.332
7/24/2017,2.257
7/21/2017,2.237
7/20/2017,2.257
7/19/2017,2.271
7/18/2017,2.261
7/17/2017,2.314
7/14/2017,2.332
7/13/2017,2.348
7/12/2017,2.319
7/11/2017,2.361
7/10/2017,2.373
7/7/2017,2.386
7/6/2017,2.368
7/5/2017,2.327
7/4/2017,2.334
7/3/2017,2.348
7/1/2017,2.304
6/30/2017,2.304
6/29/2017,2.267
6/28/2017,2.226
6/27/2017,2.203
6/26/2017,2.135
6/23/2017,2.144
6/22/2017,2.148
6/21/2017,2.165
6/20/2017,2.157
6/19/2017,2.191
6/16/2017,2.153
6/15/2017,2.164
6/14/2017,2.127
6/13/2017,2.211
6/12/2017,2.214
6/9/2017,2.202
6/8/2017,2.192
6/7/2017,2.176
6/6/2017,2.145
6/5/2017,2.183
6/2/2017,2.159
6/1/2017,2.213
5/31/2017,2.206
5/30/2017,2.208
5/29/2017,2.243
5/26/2017,2.25
5/25/2017,2.255
5/24/2017,2.252
5/23/2017,2.282
5/22/2017,2.252
5/19/2017,2.235
5/18/2017,2.228
5/17/2017,2.223
5/16/2017,2.326
5/15/2017,2.343
5/12/2017,2.326
5/11/2017,2.393
5/10/2017,2.411
5/9/2017,2.398
5/8/2017,2.389
5/5/2017,2.351
5/4/2017,2.352
5/3/2017,2.322
5/2/2017,2.287
5/1/2017,2.322
4/28/2017,2.289
4/27/2017,2.3
4/26/2017,2.303
4/25/2017,2.334
4/24/2017,2.273
4/22/2017,2.246
4/21/2017,2.246
4/20/2017,2.236
4/19/2017,2.216
4/18/2017,2.172
4/17/2017,2.248
4/13/2017,2.232
4/12/2017,2.244
4/11/2017,2.298
4/10/2017,2.366
4/7/2017,2.382
4/6/2017,2.341
4/5/2017,2.339
4/4/2017,2.364
4/3/2017,2.323
3/31/2017,2.389
3/30/2017,2.421
3/29/2017,2.38
3/28/2017,2.42
3/27/2017,2.378
3/24/2017,2.418
3/23/2017,2.418
3/22/2017,2.403
3/21/2017,2.416
3/20/2017,2.463
3/18/2017,2.5
3/17/2017,2.5
3/16/2017,2.537
3/15/2017,2.5
3/14/2017,2.602
3/13/2017,2.626
3/10/2017,2.575
3/9/2017,2.609
3/8/2017,2.56
3/7/2017,2.518
3/6/2017,2.494
3/3/2017,2.482
3/2/2017,2.481
3/1/2017,2.458
2/28/2017,2.397
2/27/2017,2.367
2/24/2017,2.315
2/23/2017,2.375
2/22/2017,2.415
2/21/2017,2.431
2/20/2017,2.436
2/17/2017,2.42
2/16/2017,2.447
2/15/2017,2.497
2/14/2017,2.472
2/13/2017,2.436
2/10/2017,2.409
2/9/2017,2.397
2/8/2017,2.34
2/7/2017,2.397
2/6/2017,2.417
2/3/2017,2.467
2/2/2017,2.474
2/1/2017,2.477
1/31/2017,2.466
1/30/2017,2.49
1/27/2017,2.486
1/26/2017,2.512
1/25/2017,2.515
1/24/2017,2.465
1/23/2017,2.401
1/20/2017,2.467
1/19/2017,2.47
1/18/2017,2.428
1/17/2017,2.325
1/16/2017,2.378
1/13/2017,2.398
1/12/2017,2.361
1/11/2017,2.37
1/10/2017,2.378
1/9/2017,2.368
1/6/2017,2.421
1/5/2017,2.348
1/4/2017,2.441
1/3/2017,2.448
1/2/2017,2.446
12/30/2016,2.446
12/29/2016,2.477
12/28/2016,2.512
12/27/2016,2.561
12/26/2016,2.543
12/23/2016,2.543
12/22/2016,2.553
12/21/2016,2.538
12/20/2016,2.56
12/19/2016,2.544
12/16/2016,2.599
12/15/2016,2.606
12/14/2016,2.567
12/13/2016,2.473
12/12/2016,2.477
12/9/2016,2.466
12/8/2016,2.409
12/7/2016,2.344
12/6/2016,2.392
12/5/2016,2.401
12/2/2016,2.392
12/1/2016,2.454
11/30/2016,2.39
11/29/2016,2.293
11/28/2016,2.312
11/25/2016,2.359
11/24/2016,2.382
11/23/2016,2.355
11/22/2016,2.314
11/21/2016,2.314
11/18/2016,2.348
11/17/2016,2.297
11/16/2016,2.214
11/15/2016,2.23
11/14/2016,2.254
11/10/2016,2.138
11/9/2016,2.068
11/8/2016,1.858
11/7/2016,1.828
11/4/2016,1.778
11/3/2016,1.81
11/2/2016,1.801
11/1/2016,1.827
10/31/2016,1.826
10/28/2016,1.849
10/27/2016,1.85
10/26/2016,1.791
10/25/2016,1.758
10/24/2016,1.766
10/21/2016,1.736
10/20/2016,1.756
10/19/2016,1.747
10/18/2016,1.74
10/17/2016,1.768
10/15/2016,1.805
10/14/2016,1.805
10/13/2016,1.746
10/12/2016,1.771
10/11/2016,1.767
10/10/2016,1.765
10/7/2016,1.723
10/6/2016,1.739
10/5/2016,1.706
10/4/2016,1.69
10/3/2016,1.627
9/30/2016,1.598
9/29/2016,1.558
9/28/2016,1.572
9/27/2016,1.56
9/26/2016,1.584
9/24/2016,1.62
9/23/2016,1.62
9/22/2016,1.618
9/21/2016,1.655
9/20/2016,1.693
9/19/2016,1.707
9/17/2016,1.694
9/16/2016,1.694
9/15/2016,1.698
9/14/2016,1.698
9/13/2016,1.729
9/12/2016,1.666
9/9/2016,1.675
9/8/2016,1.601
9/7/2016,1.536
9/6/2016,1.536
9/5/2016,1.609
9/2/2016,1.607
9/1/2016,1.568
8/31/2016,1.578
8/30/2016,1.57
8/29/2016,1.563
8/26/2016,1.628
8/25/2016,1.578
8/24/2016,1.563
8/23/2016,1.546
8/22/2016,1.544
8/19/2016,1.58
8/18/2016,1.534
8/17/2016,1.549
8/16/2016,1.575
8/15/2016,1.558
8/13/2016,1.51
8/12/2016,1.51
8/11/2016,1.561
8/10/2016,1.513
8/9/2016,1.549
8/8/2016,1.592
8/6/2016,1.59
8/5/2016,1.59
8/4/2016,1.503
8/3/2016,1.545
8/2/2016,1.554
8/1/2016,1.52
7/29/2016,1.45
7/28/2016,1.508
7/27/2016,1.503
7/26/2016,1.563
7/25/2016,1.575
7/22/2016,1.566
7/21/2016,1.556
7/20/2016,1.58
7/19/2016,1.558
7/18/2016,1.582
7/15/2016,1.558
7/14/2016,1.537
7/13/2016,1.473
7/12/2016,1.507
7/11/2016,1.43
7/8/2016,1.358
7/7/2016,1.385
7/6/2016,1.373
7/5/2016,1.375
7/4/2016,1.441
7/1/2016,1.456
6/30/2016,1.475
6/29/2016,1.517
6/28/2016,1.465
6/27/2016,1.444
6/24/2016,1.562
6/23/2016,1.744
6/22/2016,1.687
6/21/2016,1.709
6/20/2016,1.678
6/17/2016,1.611
6/16/2016,1.579
6/15/2016,1.575
6/14/2016,1.613
6/13/2016,1.613
6/10/2016,1.644
6/9/2016,1.682
6/8/2016,1.704
6/7/2016,1.716
6/6/2016,1.737
6/3/2016,1.702
6/2/2016,1.799
6/1/2016,1.839
5/31/2016,1.851
5/30/2016,1.862
5/27/2016,1.851
5/26/2016,1.83
5/25/2016,1.872
5/24/2016,1.865
5/23/2016,1.835
5/20/2016,1.844
5/19/2016,1.847
5/18/2016,1.859
5/17/2016,1.772
5/16/2016,1.757
5/13/2016,1.702
5/12/2016,1.748
5/11/2016,1.735
5/10/2016,1.754
5/9/2016,1.751
5/6/2016,1.779
5/5/2016,1.742
5/4/2016,1.777
5/3/2016,1.796
5/2/2016,1.872
4/29/2016,1.835
4/28/2016,1.824
4/27/2016,1.852
4/26/2016,1.931
4/25/2016,1.914
4/22/2016,1.891
4/21/2016,1.865
4/20/2016,1.845
4/19/2016,1.787
4/18/2016,1.771
4/15/2016,1.753
4/14/2016,1.792
4/13/2016,1.766
4/12/2016,1.776
4/11/2016,1.722
4/8/2016,1.717
4/7/2016,1.687
4/6/2016,1.758
4/5/2016,1.72
4/4/2016,1.762
4/1/2016,1.774
3/31/2016,1.77
3/30/2016,1.828
3/29/2016,1.804
3/28/2016,1.883
3/24/2016,1.9
3/23/2016,1.879
3/22/2016,1.944
3/21/2016,1.917
3/18/2016,1.877
3/17/2016,1.898
3/16/2016,1.913
3/15/2016,1.968
3/14/2016,1.961
3/11/2016,1.98
3/10/2016,1.936
3/9/2016,1.88
3/8/2016,1.831
3/7/2016,1.904
3/4/2016,1.876
3/3/2016,1.835
3/2/2016,1.835
3/1/2016,1.827
2/29/2016,1.738
2/26/2016,1.764
2/25/2016,1.714
2/24/2016,1.752
2/23/2016,1.716
2/22/2016,1.755
2/19/2016,1.743
2/18/2016,1.741
2/17/2016,1.816
2/16/2016,1.779
2/15/2016,1.772
2/12/2016,1.746
2/11/2016,1.664
2/10/2016,1.673
2/9/2016,1.731
2/8/2016,1.748
2/5/2016,1.843
2/4/2016,1.846
2/3/2016,1.883
2/2/2016,1.852
2/1/2016,1.95
1/29/2016,1.923
1/28/2016,1.982
1/27/2016,2.003
1/26/2016,2.003
1/25/2016,2.006
1/22/2016,2.057
1/21/2016,2.028
1/20/2016,1.988
1/19/2016,2.056
1/18/2016,2.045
1/15/2016,2.037
1/14/2016,2.091
1/13/2016,2.091
1/12/2016,2.105
1/11/2016,2.175
1/8/2016,2.116
1/7/2016,2.149
1/6/2016,2.17
1/5/2016,2.239
1/4/2016,2.243
12/31/2015,2.269
12/30/2015,2.294
12/29/2015,2.308
12/28/2015,2.232
12/24/2015,2.245
12/23/2015,2.259
12/22/2015,2.237
12/21/2015,2.195
12/18/2015,2.204
12/17/2015,2.225
12/16/2015,2.298
12/15/2015,2.268
12/14/2015,2.225
12/11/2015,2.132
12/10/2015,2.234
12/9/2015,2.211
12/8/2015,2.222
12/7/2015,2.236
12/4/2015,2.273
12/3/2015,2.321
12/2/2015,2.178
12/1/2015,2.145
11/30/2015,2.208
11/27/2015,2.222
11/26/2015,2.224
11/25/2015,2.234
11/24/2015,2.239
11/23/2015,2.243
11/20/2015,2.264
11/19/2015,2.247
11/18/2015,2.273
11/17/2015,2.268
11/16/2015,2.271
11/13/2015,2.275
11/12/2015,2.315
11/11/2015,2.331
11/10/2015,2.336
11/9/2015,2.349
11/6/2015,2.325
11/5/2015,2.236
11/4/2015,2.227
11/3/2015,2.218
11/2/2015,2.176
10/30/2015,2.146
10/29/2015,2.172
10/28/2015,2.101
10/27/2015,2.037
10/26/2015,2.058
10/23/2015,2.087
10/22/2015,2.028
10/21/2015,2.028
10/20/2015,2.069
10/19/2015,2.023
10/16/2015,2.035
10/15/2015,2.019
10/14/2015,1.975
10/13/2015,2.042
10/12/2015,2.07
10/9/2015,2.09
10/8/2015,2.102
10/7/2015,2.065
10/6/2015,2.035
10/5/2015,2.058
10/3/2015,1.991
10/2/2015,1.991
10/1/2015,2.042
9/30/2015,2.035
9/29/2015,2.06
9/28/2015,2.098
9/25/2015,2.166
9/24/2015,2.128
9/23/2015,2.151
9/22/2015,2.132
9/21/2015,2.199
9/18/2015,2.134
9/17/2015,2.192
9/16/2015,2.296
9/15/2015,2.292
9/14/2015,2.183
9/11/2015,2.187
9/10/2015,2.227
9/9/2015,2.195
9/8/2015,2.186
9/7/2015,2.151
9/4/2015,2.131
9/3/2015,2.163
9/2/2015,2.188
9/1/2015,2.159
8/31/2015,2.214
8/28/2015,2.184
8/27/2015,2.191
8/26/2015,2.18
8/25/2015,2.078
8/24/2015,2.012
8/21/2015,2.045
8/20/2015,2.073
8/19/2015,2.129
8/18/2015,2.192
8/17/2015,2.17
8/14/2015,2.201
8/13/2015,2.189
8/12/2015,2.148
8/11/2015,2.143
8/10/2015,2.232
8/7/2015,2.166
8/6/2015,2.227
8/5/2015,2.27
8/4/2015,2.223
8/3/2015,2.15
7/31/2015,2.187
7/30/2015,2.257
7/29/2015,2.289
7/28/2015,2.25
7/27/2015,2.216
7/24/2015,2.262
7/23/2015,2.269
7/22/2015,2.327
7/21/2015,2.331
7/20/2015,2.38
7/18/2015,2.347
7/17/2015,2.347
7/16/2015,2.356
7/15/2015,2.356
7/14/2015,2.397
7/13/2015,2.446
7/10/2015,2.401
7/9/2015,2.317
7/8/2015,2.197
7/7/2015,2.255
7/6/2015,2.29
7/2/2015,2.386
7/1/2015,2.427
6/30/2015,2.349
6/29/2015,2.328
6/26/2015,2.474
6/25/2015,2.412
6/24/2015,2.373
6/23/2015,2.414
6/22/2015,2.374
6/19/2015,2.261
6/18/2015,2.334
6/17/2015,2.32
6/16/2015,2.309
6/15/2015,2.36
6/12/2015,2.39
6/11/2015,2.381
6/10/2015,2.486
6/9/2015,2.442
6/8/2015,2.382
6/5/2015,2.409
6/4/2015,2.309
6/3/2015,2.361
6/2/2015,2.266
6/1/2015,2.183
5/30/2015,2.123
5/29/2015,2.123
5/28/2015,2.135
5/27/2015,2.13
5/26/2015,2.142
5/25/2015,2.204
5/22/2015,2.215
5/21/2015,2.195
5/20/2015,2.257
5/19/2015,2.29
5/18/2015,2.234
5/15/2015,2.148
5/14/2015,2.235
5/13/2015,2.295
5/12/2015,2.247
5/11/2015,2.287
5/8/2015,2.142
5/7/2015,2.178
5/6/2015,2.252
5/5/2015,2.182
5/4/2015,2.146
5/1/2015,2.112
4/30/2015,2.035
4/29/2015,2.046
4/28/2015,2.003
4/27/2015,1.926
4/24/2015,1.914
4/23/2015,1.954
4/22/2015,1.982
4/21/2015,1.911
4/20/2015,1.886
4/17/2015,1.865
4/16/2015,1.895
4/15/2015,1.89
4/14/2015,1.9
4/13/2015,1.93
4/10/2015,1.949
4/9/2015,1.963
4/8/2015,1.906
4/7/2015,1.887
4/6/2015,1.899
4/3/2015,1.842
4/2/2015,1.913
4/1/2015,1.859
3/31/2015,1.927
3/30/2015,1.953
3/27/2015,1.96
3/26/2015,1.996
3/25/2015,1.927
3/24/2015,1.873
3/23/2015,1.909
3/20/2015,1.932
3/19/2015,1.97
3/18/2015,1.918
3/17/2015,2.052
3/16/2015,2.074
3/13/2015,2.118
3/12/2015,2.11
3/11/2015,2.109
3/10/2015,2.121
3/9/2015,2.192
3/6/2015,2.247
3/5/2015,2.117
3/4/2015,2.119
3/3/2015,2.122
3/2/2015,2.089
2/27/2015,1.996
2/26/2015,2.031
2/25/2015,1.972
2/24/2015,1.972
2/23/2015,2.061
2/20/2015,2.115
2/19/2015,2.122
2/18/2015,2.085
2/17/2015,2.145
2/16/2015,2.019
2/13/2015,2.047
2/12/2015,1.988
2/11/2015,2.021
2/10/2015,2.004
2/9/2015,1.978
2/6/2015,1.958
2/5/2015,1.817
2/4/2015,1.747
2/3/2015,1.798
2/2/2015,1.674
1/30/2015,1.639
1/29/2015,1.756
1/28/2015,1.719
1/27/2015,1.828
1/26/2015,1.828
1/23/2015,1.789
1/22/2015,1.872
1/21/2015,1.875
1/20/2015,1.791
1/19/2015,1.8
1/16/2015,1.831
1/15/2015,1.728
1/14/2015,1.855
1/13/2015,1.905
1/12/2015,1.909
1/9/2015,1.95
1/8/2015,2.018
1/7/2015,1.969
1/6/2015,1.938
1/5/2015,2.034
1/2/2015,2.114
1/1/2015,2.17
12/31/2014,2.17
12/30/2014,2.192
12/29/2014,2.204
12/26/2014,2.252
12/25/2014,2.255
12/24/2014,2.264
12/23/2014,2.269
12/22/2014,2.156
12/19/2014,2.16
12/18/2014,2.208
12/17/2014,2.136
12/16/2014,2.061
12/15/2014,2.115
12/12/2014,2.083
12/11/2014,2.169
12/10/2014,2.173
12/9/2014,2.213
12/8/2014,2.259
12/5/2014,2.307
12/4/2014,2.236
12/3/2014,2.282
12/2/2014,2.294
12/1/2014,2.236
11/28/2014,2.173
11/27/2014,2.215
11/26/2014,2.245
11/25/2014,2.259
11/24/2014,2.305
11/21/2014,2.312
11/20/2014,2.338
11/19/2014,2.358
11/18/2014,2.317
11/17/2014,2.34
11/14/2014,2.319
11/13/2014,2.345
11/12/2014,2.373
11/11/2014,2.371
11/10/2014,2.36
11/7/2014,2.301
11/6/2014,2.382
11/5/2014,2.346
11/4/2014,2.335
11/3/2014,2.346
10/31/2014,2.335
10/30/2014,2.308
10/29/2014,2.321
10/28/2014,2.3
10/27/2014,2.259
10/24/2014,2.266
10/23/2014,2.277
10/22/2014,2.22
10/21/2014,2.227
10/20/2014,2.193
10/17/2014,2.199
10/16/2014,2.151
10/15/2014,2.129
10/14/2014,2.197
10/13/2014,2.238
10/10/2014,2.286
10/9/2014,2.327
10/8/2014,2.318
10/7/2014,2.341
10/6/2014,2.42
10/3/2014,2.436
10/2/2014,2.436
10/1/2014,2.389
9/30/2014,2.495
9/29/2014,2.479
9/27/2014,2.528
9/26/2014,2.528
9/25/2014,2.504
9/24/2014,2.566
9/23/2014,2.527
9/22/2014,2.566
9/19/2014,2.578
9/18/2014,2.618
9/17/2014,2.622
9/16/2014,2.594
9/15/2014,2.591
9/13/2014,2.609
9/12/2014,2.609
9/11/2014,2.55
9/10/2014,2.543
9/9/2014,2.502
9/8/2014,2.471
9/5/2014,2.459
9/4/2014,2.453
9/3/2014,2.398
9/2/2014,2.423
9/1/2014,2.359
8/29/2014,2.345
8/28/2014,2.338
8/27/2014,2.361
8/26/2014,2.398
8/25/2014,2.384
8/22/2014,2.403
8/21/2014,2.409
8/20/2014,2.428
8/19/2014,2.403
8/18/2014,2.394
8/15/2014,2.341
8/14/2014,2.403
8/13/2014,2.42
8/12/2014,2.449
8/11/2014,2.429
8/8/2014,2.422
8/7/2014,2.409
8/6/2014,2.469
8/5/2014,2.489
8/4/2014,2.485
8/2/2014,2.494
8/1/2014,2.494
7/31/2014,2.562
7/30/2014,2.56
7/29/2014,2.462
7/28/2014,2.487
7/25/2014,2.467
7/24/2014,2.502
7/23/2014,2.469
7/22/2014,2.466
7/21/2014,2.469
7/18/2014,2.482
7/17/2014,2.442
7/16/2014,2.53
7/15/2014,2.552
7/14/2014,2.547
7/12/2014,2.516
7/11/2014,2.516
7/10/2014,2.538
7/9/2014,2.556
7/8/2014,2.559
7/7/2014,2.614
7/3/2014,2.641
7/2/2014,2.628
7/1/2014,2.567
6/30/2014,2.532
6/27/2014,2.536
6/26/2014,2.532
6/25/2014,2.561
6/24/2014,2.577
6/23/2014,2.626
6/20/2014,2.608
6/19/2014,2.621
6/18/2014,2.59
6/17/2014,2.653
6/16/2014,2.597
6/13/2014,2.608
6/12/2014,2.597
6/11/2014,2.64
6/10/2014,2.64
6/9/2014,2.608
6/6/2014,2.597
6/5/2014,2.584
6/4/2014,2.606
6/3/2014,2.599
6/2/2014,2.527
5/30/2014,2.475
5/29/2014,2.47
5/28/2014,2.445
5/27/2014,2.518
5/26/2014,2.541
5/23/2014,2.536
5/22/2014,2.554
5/21/2014,2.534
5/20/2014,2.514
5/19/2014,2.545
5/16/2014,2.523
5/15/2014,2.496
5/14/2014,2.548
5/13/2014,2.611
5/12/2014,2.661
5/9/2014,2.623
5/8/2014,2.611
5/7/2014,2.59
5/6/2014,2.593
5/5/2014,2.606
5/2/2014,2.586
5/1/2014,2.613
4/30/2014,2.646
4/29/2014,2.697
4/28/2014,2.708
4/25/2014,2.666
4/24/2014,2.682
4/23/2014,2.693
4/22/2014,2.711
4/21/2014,2.715
4/17/2014,2.721
4/16/2014,2.635
4/15/2014,2.63
4/14/2014,2.65
4/11/2014,2.628
4/10/2014,2.647
4/9/2014,2.693
4/8/2014,2.683
4/7/2014,2.701
4/4/2014,2.726
4/3/2014,2.801
4/2/2014,2.806
4/1/2014,2.755
3/31/2014,2.719
3/28/2014,2.723
3/27/2014,2.683
3/26/2014,2.694
3/25/2014,2.75
3/24/2014,2.73
3/21/2014,2.746
3/20/2014,2.773
3/19/2014,2.773
3/18/2014,2.674
3/17/2014,2.694
3/14/2014,2.656
3/13/2014,2.645
3/12/2014,2.732
3/11/2014,2.77
3/10/2014,2.779
3/7/2014,2.79
3/6/2014,2.739
3/5/2014,2.708
3/4/2014,2.701
3/3/2014,2.603
2/28/2014,2.649
2/27/2014,2.639
2/26/2014,2.666
2/25/2014,2.703
2/24/2014,2.741
2/21/2014,2.732
2/20/2014,2.752
2/19/2014,2.739
2/18/2014,2.709
2/17/2014,2.748
2/14/2014,2.745
2/13/2014,2.734
2/12/2014,2.763
2/11/2014,2.726
2/10/2014,2.669
2/7/2014,2.684
2/6/2014,2.702
2/5/2014,2.669
2/4/2014,2.631
2/3/2014,2.577
1/31/2014,2.644
1/30/2014,2.697
1/29/2014,2.679
1/28/2014,2.752
1/27/2014,2.75
1/24/2014,2.719
1/23/2014,2.779
1/22/2014,2.867
1/21/2014,2.832
1/20/2014,2.829
1/17/2014,2.821
1/16/2014,2.841
1/15/2014,2.893
1/14/2014,2.873
1/13/2014,2.829
1/10/2014,2.86
1/9/2014,2.969
