Date,Price
4/8/2026,94.76
4/7/2026,96.28
4/6/2026,112.41
4/3/2026,112.06
4/2/2026,111.54
4/1/2026,100.12
3/31/2026,101.38
3/30/2026,102.88
3/27/2026,99.64
3/26/2026,94.48
3/25/2026,90.32
3/24/2026,92.35
3/23/2026,88.13
3/20/2026,98.32
3/19/2026,96.14
3/18/2026,96.32
3/17/2026,96.21
3/16/2026,93.5
3/13/2026,96.84
3/12/2026,94.43
3/11/2026,86.07
3/10/2026,82.1
3/9/2026,91.48
3/6/2026,90.9
3/5/2026,81.01
3/4/2026,74.66
3/3/2026,74.56
3/2/2026,71.23
2/27/2026,67.02
2/26/2026,65.21
2/25/2026,65.42
2/24/2026,65.63
2/23/2026,66.31
2/20/2026,66.39
2/19/2026,66.43
2/18/2026,65.19
2/17/2026,62.33
2/16/2026,63.57
2/15/2026,62.76
2/13/2026,62.75
2/12/2026,62.65
2/11/2026,64.46
2/10/2026,63.79
2/9/2026,64.2
2/6/2026,63.55
2/5/2026,63.29
2/4/2026,65.14
2/3/2026,63.21
2/2/2026,62.14
1/30/2026,65.21
1/29/2026,65.42
1/28/2026,63.21
1/27/2026,62.39
1/26/2026,60.63
1/23/2026,61.07
1/22/2026,59.36
1/21/2026,60.62
1/20/2026,60.34
1/19/2026,59.39
1/18/2026,58.97
1/16/2026,59.44
1/15/2026,59.19
1/14/2026,62.02
1/13/2026,60.93
1/12/2026,59.32
1/9/2026,59.12
1/8/2026,57.76
1/7/2026,55.99
1/6/2026,56.94
1/5/2026,58.08
1/2/2026,57.32
12/31/2025,57.42
12/30/2025,57.95
12/29/2025,58.08
12/26/2025,56.74
12/24/2025,58.35
12/23/2025,58.38
12/22/2025,58.01
12/19/2025,56.66
12/18/2025,56.15
12/17/2025,55.94
12/16/2025,55.27
12/15/2025,56.82
12/12/2025,57.24
12/11/2025,57.45
12/10/2025,58.3
12/9/2025,58.08
12/8/2025,58.63
12/5/2025,60.08
12/4/2025,59.67
12/3/2025,58.95
12/2/2025,58.64
12/1/2025,59.32
11/28/2025,58.55
11/27/2025,59
11/26/2025,58.65
11/25/2025,57.95
11/24/2025,58.84
11/21/2025,58.06
11/20/2025,59.14
11/19/2025,59.44
11/18/2025,60.74
11/17/2025,59.91
11/14/2025,59.95
11/13/2025,58.64
11/12/2025,58.49
11/11/2025,60.99
11/10/2025,60.03
11/7/2025,59.75
11/6/2025,59.43
11/5/2025,59.6
11/4/2025,60.56
11/3/2025,61.05
10/31/2025,60.98
10/30/2025,60.57
10/29/2025,60.48
10/28/2025,60.15
10/27/2025,61.31
10/24/2025,61.5
10/23/2025,61.79
10/22/2025,58.5
10/21/2025,57.82
10/20/2025,57.52
10/17/2025,57.54
10/16/2025,57.46
10/15/2025,58.27
10/14/2025,58.27
10/13/2025,59.07
10/10/2025,58.9
10/9/2025,61.51
10/8/2025,62.55
10/7/2025,61.73
10/6/2025,61.69
10/3/2025,60.88
10/2/2025,60.48
10/1/2025,61.78
9/30/2025,62.37
9/29/2025,63.45
9/26/2025,65.72
9/25/2025,64.98
9/24/2025,64.99
9/23/2025,63.41
9/22/2025,62.64
9/19/2025,62.68
9/18/2025,63.57
9/17/2025,64.05
9/16/2025,64.52
9/15/2025,63.02
9/12/2025,62.69
9/11/2025,62.37
9/10/2025,63.67
9/9/2025,62.63
9/8/2025,62.26
9/5/2025,61.87
9/4/2025,63.48
9/3/2025,63.97
9/2/2025,65.59
9/1/2025,64.64
8/31/2025,63.96
8/29/2025,64.01
8/28/2025,64.6
8/27/2025,64.15
8/26/2025,63.25
8/25/2025,64.8
8/22/2025,63.66
8/21/2025,63.52
8/20/2025,63.21
8/19/2025,62.35
8/18/2025,63.42
8/15/2025,62.8
8/14/2025,63.96
8/13/2025,61.93
8/12/2025,62.48
8/11/2025,63.09
8/8/2025,63.88
8/7/2025,63.88
8/6/2025,64.35
8/5/2025,65.16
8/4/2025,66.29
8/1/2025,67.33
7/31/2025,69.26
7/30/2025,70
7/29/2025,69.21
7/28/2025,66.71
7/25/2025,65.16
7/24/2025,66.03
7/23/2025,65.25
7/22/2025,66.21
7/21/2025,67.2
7/18/2025,67.34
7/17/2025,67.54
7/16/2025,66.38
7/15/2025,65.37
7/14/2025,65.81
7/11/2025,68.45
7/10/2025,66.57
7/9/2025,68.38
7/8/2025,68.33
7/7/2025,67.93
7/4/2025,66.49
7/3/2025,67
7/2/2025,67.45
7/1/2025,65.45
6/30/2025,65.11
6/27/2025,65.52
6/26/2025,65.24
6/25/2025,64.92
6/24/2025,64.37
6/23/2025,68.51
6/20/2025,74.93
6/19/2025,73.82
6/18/2025,75.14
6/17/2025,74.84
6/16/2025,71.77
6/13/2025,71.29
6/12/2025,66.64
6/11/2025,66.9
6/10/2025,63.91
6/9/2025,64.22
6/6/2025,64.58
6/5/2025,63.37
6/4/2025,62.85
6/3/2025,63.41
6/2/2025,62.52
5/30/2025,60.79
5/29/2025,60.94
5/28/2025,61.84
5/27/2025,60.89
5/26/2025,61.49
5/25/2025,61.93
5/23/2025,61.53
5/22/2025,61.2
5/21/2025,61.57
5/20/2025,62.56
5/19/2025,62.69
5/16/2025,61.97
5/15/2025,61.15
5/14/2025,62.68
5/13/2025,63.25
5/12/2025,61.56
5/9/2025,61.02
5/8/2025,59.91
5/7/2025,58.07
5/6/2025,59.09
5/5/2025,57.13
5/2/2025,58.29
5/1/2025,59.24
4/30/2025,58.21
4/29/2025,60.42
4/28/2025,62.05
4/25/2025,63.02
4/24/2025,62.79
4/23/2025,62.27
4/22/2025,64.31
4/21/2025,63.08
4/17/2025,64.68
4/16/2025,62.47
4/15/2025,60.75
4/14/2025,61.05
4/11/2025,61.5
4/10/2025,60.07
4/9/2025,62.35
4/8/2025,59.58
4/7/2025,60.7
4/4/2025,61.99
4/3/2025,66.95
4/2/2025,71.71
4/1/2025,71.2
3/31/2025,71.48
3/28/2025,69.36
3/27/2025,69.92
3/26/2025,69.65
3/25/2025,69
3/24/2025,69.11
3/21/2025,68.28
3/20/2025,68.26
3/19/2025,67.16
3/18/2025,66.9
3/17/2025,67.37
3/14/2025,66.91
3/13/2025,66.27
3/12/2025,67.38
3/11/2025,65.93
3/10/2025,65.68
3/7/2025,67.04
3/6/2025,66.36
3/5/2025,66.31
3/4/2025,68.26
3/3/2025,68.37
2/28/2025,69.76
2/27/2025,70.35
2/26/2025,68.62
2/25/2025,68.93
2/24/2025,70.7
2/21/2025,70.4
2/20/2025,72.57
2/19/2025,72.25
2/18/2025,71.85
2/14/2025,70.71
2/13/2025,71.14
2/12/2025,71.24
2/11/2025,73.08
2/10/2025,72.01
2/7/2025,71
2/6/2025,70.61
2/5/2025,71.03
2/4/2025,72.7
2/3/2025,73.16
1/31/2025,72.53
1/30/2025,72.73
1/29/2025,72.62
1/28/2025,73.77
1/27/2025,73.17
1/24/2025,74.66
1/23/2025,74.62
1/22/2025,75.44
1/21/2025,75.89
1/17/2025,77.88
1/16/2025,78.68
1/15/2025,78.71
1/14/2025,76.37
1/13/2025,77.3
1/10/2025,75.75
1/9/2025,73.24
1/8/2025,72.67
1/7/2025,73.57
1/6/2025,72.92
1/3/2025,73.21
1/2/2025,72.5
12/31/2024,71.25
12/30/2024,70.53
12/27/2024,70.18
12/26/2024,69.23
12/24/2024,69.64
12/23/2024,68.81
12/20/2024,69.02
12/19/2024,69.38
12/18/2024,70.02
12/17/2024,69.65
12/16/2024,70.29
12/13/2024,70.82
12/12/2024,69.66
12/11/2024,69.87
12/10/2024,68.27
12/9/2024,68.09
12/6/2024,66.98
12/5/2024,67.96
12/4/2024,68.19
12/3/2024,69.54
12/2/2024,67.84
11/29/2024,67.72
11/27/2024,68.35
11/26/2024,68.44
11/25/2024,68.58
11/22/2024,70.77
11/21/2024,69.77
11/20/2024,68.75
11/19/2024,69.24
11/18/2024,69.17
11/15/2024,66.92
11/14/2024,68.53
11/13/2024,68.26
11/12/2024,67.97
11/11/2024,67.92
11/8/2024,70.11
11/7/2024,71.96
11/6/2024,71.24
11/5/2024,71.56
11/4/2024,71.03
11/1/2024,69.08
10/31/2024,68.81
10/30/2024,68.18
10/29/2024,66.81
10/28/2024,66.98
10/25/2024,71.35
10/24/2024,69.84
10/23/2024,70.37
10/22/2024,71.74
10/21/2024,70.04
10/18/2024,68.69
10/17/2024,70.09
10/16/2024,69.82
10/15/2024,70.01
10/14/2024,73.24
10/11/2024,74.85
10/10/2024,75.11
10/9/2024,72.59
10/8/2024,72.98
10/7/2024,76.47
10/4/2024,73.68
10/3/2024,73.17
10/2/2024,69.69
10/1/2024,69.39
9/30/2024,67.77
9/27/2024,67.67
9/26/2024,67.19
9/25/2024,69.13
9/24/2024,70.84
9/23/2024,69.61
9/20/2024,71
9/19/2024,71.16
9/18/2024,69.88
9/17/2024,69.96
9/16/2024,69.02
9/13/2024,67.75
9/12/2024,68.15
9/11/2024,66.6
9/10/2024,65.14
9/9/2024,67.91
9/6/2024,66.98
9/5/2024,68.5
9/4/2024,68.52
9/3/2024,69.59
9/2/2024,73.78
9/1/2024,72.98
8/30/2024,72.65
8/29/2024,74.67
8/28/2024,73.44
8/27/2024,74.46
8/26/2024,76.17
8/23/2024,73.93
8/22/2024,72.28
8/21/2024,71.3
8/20/2024,73.17
8/19/2024,73.66
8/16/2024,75.54
8/15/2024,76.99
8/14/2024,75.84
8/13/2024,76.8
8/12/2024,78.46
8/9/2024,75.61
8/8/2024,75.04
8/7/2024,74.17
8/6/2024,72.34
8/5/2024,72.2
8/2/2024,72.59
8/1/2024,75.4
7/31/2024,76.84
7/30/2024,73.88
7/29/2024,74.8
7/26/2024,76
7/25/2024,77.11
7/24/2024,76.58
7/23/2024,75.92
7/22/2024,78.4
7/19/2024,78.64
7/18/2024,81.3
7/17/2024,81.44
7/16/2024,79.71
7/15/2024,80.84
7/12/2024,81.02
7/11/2024,81.38
7/10/2024,81.07
7/9/2024,80.56
7/8/2024,81.52
7/5/2024,82.26
7/4/2024,83.94
7/3/2024,83.02
7/2/2024,81.91
7/1/2024,82.32
6/28/2024,80.64
6/27/2024,80.83
6/26/2024,80.19
6/25/2024,80.07
6/24/2024,80.86
6/21/2024,79.96
6/20/2024,81.29
6/19/2024,80.59
6/18/2024,80.71
6/17/2024,79.72
6/14/2024,78.05
6/13/2024,78.26
6/12/2024,78.15
6/11/2024,77.55
6/10/2024,77.33
6/7/2024,75.22
6/6/2024,75.24
6/5/2024,73.82
6/4/2024,73.06
6/3/2024,74.09
5/31/2024,76.73
5/30/2024,77.54
5/29/2024,78.8
5/28/2024,79.35
5/27/2024,78.65
5/24/2024,77.23
5/23/2024,76.46
5/22/2024,77.15
5/21/2024,78.66
5/20/2024,79.3
5/17/2024,79.58
5/16/2024,78.74
5/15/2024,78.16
5/14/2024,77.65
5/13/2024,78.6
5/10/2024,77.84
5/9/2024,78.8
5/8/2024,78.56
5/7/2024,78.06
5/6/2024,78.14
5/3/2024,77.76
5/2/2024,78.48
5/1/2024,78.44
4/30/2024,81.28
4/29/2024,82.03
4/26/2024,83.13
4/25/2024,82.75
4/24/2024,82.09
4/23/2024,82.56
4/22/2024,81.9
4/19/2024,82.22
4/18/2024,82.1
4/17/2024,82.15
4/16/2024,84.83
4/15/2024,84.86
4/12/2024,85.08
4/11/2024,84.45
4/10/2024,85.44
4/9/2024,84.46
4/8/2024,85.53
4/5/2024,86.1
4/4/2024,85.81
4/3/2024,84.61
4/2/2024,84.22
4/1/2024,82.82
3/28/2024,82.42
3/27/2024,80.78
3/26/2024,81.04
3/25/2024,81.38
3/22/2024,80.17
3/21/2024,80.64
3/20/2024,81.27
3/19/2024,82.73
3/18/2024,82.16
3/15/2024,80.58
3/14/2024,80.74
3/13/2024,79.3
3/12/2024,77.25
3/11/2024,77.53
3/8/2024,77.5
3/7/2024,78.32
3/6/2024,78.41
3/5/2024,77.41
3/4/2024,78.17
3/1/2024,79.09
2/29/2024,77.45
2/28/2024,77.83
2/27/2024,78.23
2/26/2024,77.09
2/23/2024,76.08
2/22/2024,77.93
2/21/2024,77.31
2/20/2024,77.04
2/19/2024,78.11
2/16/2024,78.46
2/15/2024,77.59
2/14/2024,76.36
2/13/2024,77.56
2/12/2024,76.82
2/9/2024,76.77
2/8/2024,76.19
2/7/2024,73.91
2/6/2024,73.37
2/5/2024,72.85
2/2/2024,72.3
2/1/2024,73.79
1/31/2024,75.71
1/30/2024,77.65
1/29/2024,76.67
1/26/2024,77.86
1/25/2024,77.19
1/24/2024,74.98
1/23/2024,74.27
1/22/2024,74.76
1/19/2024,73.25
1/18/2024,73.95
1/17/2024,72.48
1/16/2024,72.52
1/15/2024,72.79
1/12/2024,72.79
1/11/2024,72.09
1/10/2024,71.44
1/9/2024,72.29
1/8/2024,70.92
1/5/2024,73.86
1/4/2024,72.36
1/3/2024,72.89
1/2/2024,70.62
1/1/2024,71.97
12/29/2023,71.84
12/28/2023,71.97
12/27/2023,74.34
12/26/2023,75.71
12/25/2023,73.79
12/22/2023,73.73
12/21/2023,74.06
12/20/2023,74.45
12/19/2023,73.94
12/18/2023,72.82
12/15/2023,71.78
12/14/2023,71.91
12/13/2023,69.72
12/12/2023,68.85
12/11/2023,71.56
12/8/2023,71.44
12/7/2023,69.59
12/6/2023,69.65
12/5/2023,72.53
12/4/2023,73.32
12/1/2023,74.25
11/30/2023,76.05
11/29/2023,77.99
11/28/2023,76.59
11/27/2023,75.09
11/24/2023,75.77
11/23/2023,76.34
11/22/2023,77.25
11/21/2023,77.92
11/20/2023,77.83
11/17/2023,76.04
11/16/2023,73.09
11/15/2023,76.79
11/14/2023,78.17
11/13/2023,78.19
11/10/2023,77.15
11/9/2023,75.75
11/8/2023,75.31
11/7/2023,77.21
11/6/2023,80.6
11/3/2023,80.23
11/2/2023,82.16
11/1/2023,80.1
10/31/2023,80.5
10/30/2023,81.68
10/27/2023,84.7
10/26/2023,82.54
10/25/2023,84.69
10/24/2023,82.97
10/23/2023,84.42
10/20/2023,88.08
10/19/2023,88.37
10/18/2023,87.27
10/17/2023,85.44
10/16/2023,85.26
10/13/2023,86.35
10/12/2023,81.8
10/11/2023,82.07
10/10/2023,84.13
10/9/2023,84.6
10/6/2023,81.28
10/5/2023,80.81
10/4/2023,82.55
10/3/2023,87.44
10/2/2023,87.17
9/29/2023,88.8
9/28/2023,89.59
9/27/2023,91.3
9/26/2023,88.78
9/25/2023,88.17
9/22/2023,88.35
9/21/2023,88.32
9/20/2023,89.66
9/19/2023,90.48
9/18/2023,90.58
9/15/2023,90.02
9/14/2023,89.61
9/13/2023,87.88
9/12/2023,88.16
9/11/2023,86.66
9/8/2023,86.81
9/7/2023,86.15
9/6/2023,86.79
9/5/2023,86.01
9/4/2023,85.82
9/3/2023,85.85
9/1/2023,84.75
8/31/2023,82.96
8/30/2023,81.12
8/29/2023,80.68
8/28/2023,79.67
8/25/2023,79.49
8/24/2023,78.66
8/23/2023,78.59
8/22/2023,79.64
8/21/2023,80.12
8/18/2023,80.66
8/17/2023,79.9
8/16/2023,79.02
8/15/2023,80.5
8/14/2023,81.92
8/11/2023,82.57
8/10/2023,82.29
8/9/2023,83.69
8/8/2023,82.36
8/7/2023,81.49
8/4/2023,82.27
8/3/2023,81.08
8/2/2023,79.13
8/1/2023,80.92
7/31/2023,81.32
7/28/2023,80.18
7/27/2023,79.63
7/26/2023,78.4
7/25/2023,79.2
7/24/2023,78.4
7/21/2023,76.78
7/20/2023,75.65
7/19/2023,75.29
7/18/2023,75.66
7/17/2023,74.08
7/14/2023,75.32
7/13/2023,76.76
7/12/2023,75.54
7/11/2023,74.71
7/10/2023,72.95
7/7/2023,73.77
7/6/2023,71.79
7/5/2023,71.88
7/4/2023,71.06
7/3/2023,69.91
6/30/2023,70.78
6/29/2023,70.02
6/28/2023,69.73
6/27/2023,67.9
6/26/2023,69.54
6/23/2023,69.32
6/22/2023,69.63
6/21/2023,72.52
6/20/2023,71.19
6/19/2023,71.31
6/18/2023,71.47
6/16/2023,71.93
6/15/2023,70.81
6/14/2023,68.46
6/13/2023,69.58
6/12/2023,67.29
6/9/2023,70.33
6/8/2023,71.44
6/7/2023,72.64
6/6/2023,71.85
6/5/2023,72.26
6/2/2023,71.84
6/1/2023,70.2
5/31/2023,68.24
5/30/2023,69.6
5/29/2023,72.87
5/28/2023,73.22
5/26/2023,72.76
5/25/2023,71.93
5/24/2023,74.29
5/23/2023,72.85
5/22/2023,72.05
5/19/2023,71.69
5/18/2023,71.94
5/17/2023,72.89
5/16/2023,70.84
5/15/2023,71.09
5/12/2023,70.02
5/11/2023,70.88
5/10/2023,72.52
5/9/2023,73.62
5/8/2023,73.07
5/5/2023,71.27
5/4/2023,68.51
5/3/2023,68.55
5/2/2023,71.55
5/1/2023,75.51
4/28/2023,76.61
4/27/2023,74.58
4/26/2023,74.19
4/25/2023,76.87
4/24/2023,78.6
4/21/2023,77.71
4/20/2023,77.37
4/19/2023,79.24
4/18/2023,80.9
4/17/2023,80.83
4/14/2023,82.43
4/13/2023,82.04
4/12/2023,83.09
4/11/2023,81.49
4/10/2023,79.77
4/6/2023,80.68
4/5/2023,80.63
4/4/2023,80.72
4/3/2023,80.44
3/31/2023,75.8
3/30/2023,74.49
3/29/2023,73.12
3/28/2023,73.34
3/27/2023,72.93
3/24/2023,69.41
3/23/2023,70.12
3/22/2023,71.02
3/21/2023,69.67
3/20/2023,67.82
3/17/2023,66.93
3/16/2023,68.52
3/15/2023,67.74
3/14/2023,71.49
3/13/2023,74.91
3/10/2023,76.78
3/9/2023,75.84
3/8/2023,76.81
3/7/2023,77.72
3/6/2023,80.56
3/3/2023,79.79
3/2/2023,78.31
3/1/2023,77.83
2/28/2023,77.19
2/27/2023,75.81
2/24/2023,76.47
2/23/2023,75.6
2/22/2023,74.19
2/21/2023,76.36
2/20/2023,77.3
2/19/2023,76.67
2/17/2023,76.55
2/16/2023,78.74
2/15/2023,78.83
2/14/2023,79.24
2/13/2023,80.33
2/10/2023,79.92
2/9/2023,78.27
2/8/2023,78.69
2/7/2023,77.39
2/6/2023,74.47
2/3/2023,73.74
2/2/2023,76.2
2/1/2023,76.73
1/31/2023,79.17
1/30/2023,78.18
1/27/2023,79.96
1/26/2023,81.28
1/25/2023,80.44
1/24/2023,80.44
1/23/2023,81.93
1/20/2023,81.64
1/19/2023,80.61
1/18/2023,79.8
1/17/2023,80.45
1/16/2023,79.04
1/15/2023,79.78
1/13/2023,80.11
1/12/2023,78.65
1/11/2023,77.68
1/10/2023,75.37
1/9/2023,74.92
1/6/2023,74.04
1/5/2023,73.92
1/4/2023,73.1
1/3/2023,77.12
1/2/2023,80.47
12/30/2022,80.45
12/29/2022,78.5
12/28/2022,79.08
12/27/2022,79.64
12/26/2022,80.97
12/23/2022,79.64
12/22/2022,77.42
12/21/2022,78.24
12/20/2022,76.23
12/19/2022,75.38
12/16/2022,74.46
12/15/2022,76.15
12/14/2022,77.31
12/13/2022,75.44
12/12/2022,73.28
12/9/2022,71.21
12/8/2022,71.58
12/7/2022,72.28
12/6/2022,74.46
12/5/2022,77.08
12/2/2022,80.05
12/1/2022,81.14
11/30/2022,80.66
11/29/2022,78.28
11/28/2022,77.33
11/25/2022,76.43
11/24/2022,77.95
11/23/2022,78.07
11/22/2022,80.73
11/21/2022,80.04
11/18/2022,80.11
11/17/2022,81.4
11/16/2022,85
11/15/2022,86.25
11/14/2022,85.16
11/11/2022,88.16
11/10/2022,85.66
11/9/2022,85
11/8/2022,88
11/7/2022,90.73
11/4/2022,91.45
11/3/2022,87.18
11/2/2022,88.86
11/1/2022,87.19
10/31/2022,85.4
10/28/2022,86.61
10/27/2022,87.83
10/26/2022,86.68
10/25/2022,84.31
10/24/2022,83.59
10/21/2022,83.95
10/20/2022,84.51
10/19/2022,84.52
10/18/2022,82.07
10/17/2022,84.53
10/14/2022,84.65
10/13/2022,87.95
10/12/2022,86.06
10/11/2022,87.97
10/10/2022,89.84
10/7/2022,91.35
10/6/2022,87.59
10/5/2022,86.84
10/4/2022,85.5
10/3/2022,82.7
9/30/2022,78.72
9/29/2022,80.42
9/28/2022,81.24
9/27/2022,77.81
9/26/2022,76.18
9/23/2022,78.25
9/22/2022,83.03
9/21/2022,82.43
9/20/2022,83.94
9/19/2022,85.36
9/16/2022,84.76
9/15/2022,84.65
9/14/2022,88.05
9/13/2022,86.89
9/12/2022,87.41
9/9/2022,86.36
9/8/2022,83.07
9/7/2022,81.63
9/6/2022,86.51
9/5/2022,88.96
9/4/2022,88.25
9/2/2022,86.48
9/1/2022,86.22
8/31/2022,89.03
8/30/2022,91.17
8/29/2022,96.19
8/26/2022,92.39
8/25/2022,92.19
8/24/2022,94.4
8/23/2022,93.25
8/22/2022,90.36
8/19/2022,90.44
8/18/2022,90.11
8/17/2022,87.69
8/16/2022,86.16
8/15/2022,88.85
8/12/2022,91.46
8/11/2022,93.53
8/10/2022,91.2
8/9/2022,89.67
8/8/2022,89.93
8/5/2022,88.08
8/4/2022,87.56
8/3/2022,89.74
8/2/2022,93.22
8/1/2022,92.39
7/29/2022,96.75
7/28/2022,94.65
7/27/2022,95.29
7/26/2022,92.88
7/25/2022,94.42
7/22/2022,92.43
7/21/2022,93.78
7/20/2022,99.88
7/19/2022,100.74
7/18/2022,99.42
7/15/2022,94.57
7/14/2022,92.83
7/13/2022,93.83
7/12/2022,93.31
7/11/2022,101.21
7/8/2022,101.53
7/7/2022,99.25
7/6/2022,94.98
7/5/2022,96.52
7/4/2022,110.4
7/3/2022,108.19
7/1/2022,105.39
6/30/2022,103.1
6/29/2022,107.01
6/28/2022,108.89
6/27/2022,106.38
6/24/2022,104.45
6/23/2022,101.58
6/22/2022,103.99
6/21/2022,109.52
6/20/2022,108.84
6/19/2022,108.94
6/17/2022,107.99
6/16/2022,115.25
6/15/2022,113.09
6/14/2022,116.26
6/13/2022,118.25
6/10/2022,118.12
6/9/2022,119.09
6/8/2022,119.78
6/7/2022,117.1
6/6/2022,116.06
6/3/2022,116.23
6/2/2022,114.3
6/1/2022,112.72
5/31/2022,111.91
5/30/2022,117.61
5/29/2022,115.61
5/27/2022,112.23
5/26/2022,111.25
5/25/2022,107.75
5/24/2022,107.2
5/23/2022,107.54
5/20/2022,110.28
5/19/2022,109.89
5/18/2022,107.04
5/17/2022,109.63
5/16/2022,111.82
5/13/2022,108.63
5/12/2022,104.4
5/11/2022,104.03
5/10/2022,98.45
5/9/2022,101.77
5/6/2022,108.33
5/5/2022,106.74
5/4/2022,106.22
5/3/2022,100.9
5/2/2022,103.42
4/29/2022,102.94
4/28/2022,103.47
4/27/2022,100.68
4/26/2022,100.41
4/25/2022,97.67
4/22/2022,101.05
4/21/2022,102.96
4/20/2022,102.19
4/19/2022,102.05
4/18/2022,107.61
4/14/2022,106.38
4/13/2022,103.79
4/12/2022,100.15
4/11/2022,93.92
4/8/2022,97.73
4/7/2022,95.51
4/6/2022,95.41
4/5/2022,100.68
4/4/2022,101.84
4/1/2022,97.9
3/31/2022,98.52
3/30/2022,105.68
3/29/2022,102.05
3/28/2022,103.42
3/25/2022,111.06
3/24/2022,109.43
3/23/2022,111.99
3/22/2022,109.27
3/21/2022,109.97
3/18/2022,103.09
3/17/2022,101.65
3/16/2022,93.59
3/15/2022,94.79
3/14/2022,101.18
3/11/2022,106.3
3/10/2022,102.99
3/9/2022,105.05
3/8/2022,119.65
3/7/2022,115.8
3/4/2022,112.11
3/3/2022,104.61
3/2/2022,107.06
3/1/2022,100.21
2/28/2022,93.5
2/25/2022,89.89
2/24/2022,90.94
2/23/2022,90.69
2/22/2022,91.91
2/21/2022,92.65
2/20/2022,91.62
2/18/2022,90.21
2/17/2022,90.04
2/16/2022,91.83
2/15/2022,90.21
2/14/2022,93.5
2/11/2022,91.42
2/10/2022,88.56
2/9/2022,88.53
2/8/2022,87.9
2/7/2022,89.77
2/4/2022,90.33
2/3/2022,88.45
2/2/2022,86.69
2/1/2022,86.46
1/31/2022,86.49
1/28/2022,85.43
1/27/2022,85.29
1/26/2022,85.96
1/25/2022,84.37
1/24/2022,82.41
1/21/2022,84.14
1/20/2022,85.55
1/19/2022,85.8
1/18/2022,84.83
1/17/2022,83.69
1/16/2022,83.83
1/14/2022,83.3
1/13/2022,81.62
1/12/2022,82.02
1/11/2022,80.67
1/10/2022,77.7
1/7/2022,78.44
1/6/2022,78.88
1/5/2022,77.47
1/4/2022,76.74
1/3/2022,75.85
12/31/2021,74.88
12/30/2021,76.61
12/29/2021,76.18
12/28/2021,75.6
12/27/2021,75.18
12/23/2021,73.42
12/22/2021,72.33
12/21/2021,70.82
12/20/2021,68.61
12/17/2021,70.72
12/16/2021,72.15
12/15/2021,70.66
12/14/2021,70.52
12/13/2021,71.06
12/10/2021,71.48
12/9/2021,70.79
12/8/2021,72.18
12/7/2021,71.84
12/6/2021,69.3
12/3/2021,66.1
12/2/2021,66.27
12/1/2021,65.37
11/30/2021,65.85
11/29/2021,69.62
11/26/2021,67.84
11/25/2021,77.41
11/24/2021,77.81
11/23/2021,77.94
11/22/2021,76.12
11/19/2021,75.94
11/18/2021,78.41
11/17/2021,77.55
11/16/2021,79.74
11/15/2021,79.75
11/12/2021,79.69
11/11/2021,80.42
11/10/2021,80.06
11/9/2021,82.56
11/8/2021,80.74
11/5/2021,80.13
11/4/2021,77.7
11/3/2021,79.57
11/2/2021,82.44
11/1/2021,82.45
10/29/2021,81.78
10/28/2021,81.46
10/27/2021,81.48
10/26/2021,83.36
10/25/2021,82.61
10/22/2021,82.5
10/21/2021,81.36
10/20/2021,83.42
10/19/2021,82.44
10/18/2021,81.69
10/15/2021,81.73
10/14/2021,80.77
10/13/2021,79.82
10/12/2021,79.92
10/11/2021,79.92
10/8/2021,78.76
10/7/2021,77.96
10/6/2021,77.06
10/5/2021,78.57
10/4/2021,77.33
10/1/2021,75.58
9/30/2021,74.7
9/29/2021,74.5
9/28/2021,74.9
9/27/2021,75.08
9/24/2021,73.61
9/23/2021,72.95
9/22/2021,71.89
9/21/2021,70.49
9/20/2021,70.14
9/17/2021,71.82
9/16/2021,72.37
9/15/2021,72.33
9/14/2021,70.23
9/13/2021,70.19
9/10/2021,69.47
9/9/2021,67.92
9/8/2021,69.05
9/7/2021,68.13
9/6/2021,68.8
9/5/2021,68.75
9/3/2021,69.07
9/2/2021,69.73
9/1/2021,68.32
8/31/2021,68.26
8/30/2021,68.93
8/27/2021,68.48
8/26/2021,67.1
8/25/2021,68.06
8/24/2021,67.25
8/23/2021,65.34
8/20/2021,62.14
8/19/2021,63.5
8/18/2021,65.21
8/17/2021,66.34
8/16/2021,67.05
8/13/2021,68.21
8/12/2021,68.9
8/11/2021,69.02
8/10/2021,68.06
8/9/2021,66.3
8/6/2021,68.1
8/5/2021,68.74
8/4/2021,67.79
8/3/2021,70.03
8/2/2021,70.61
7/30/2021,73.23
7/29/2021,72.98
7/28/2021,71.79
7/27/2021,71.14
7/26/2021,71.34
7/23/2021,71.38
7/22/2021,71.14
7/21/2021,69.57
7/20/2021,67.2
7/19/2021,66.35
7/16/2021,71.56
7/15/2021,71.38
7/14/2021,72.64
7/13/2021,74.69
7/12/2021,73.44
7/9/2021,73.81
7/8/2021,72.22
7/7/2021,71.5
7/6/2021,72.58
7/5/2021,76.25
7/4/2021,75.14
7/2/2021,74.36
7/1/2021,74.33
6/30/2021,72.77
6/29/2021,72.31
6/28/2021,72.2
6/25/2021,73.33
6/24/2021,72.63
6/23/2021,72.36
6/22/2021,72.85
6/21/2021,73.12
6/18/2021,71.29
6/17/2021,70.78
6/16/2021,71.95
6/15/2021,71.86
6/14/2021,70.63
6/11/2021,70.6
6/10/2021,70.09
6/9/2021,69.79
6/8/2021,69.87
6/7/2021,69.04
6/4/2021,69.39
6/3/2021,68.6
6/2/2021,68.63
6/1/2021,67.52
5/31/2021,66.96
5/30/2021,66.59
5/28/2021,66.1
5/27/2021,66.6
5/26/2021,65.96
5/25/2021,65.79
5/24/2021,65.78
5/21/2021,63.36
5/20/2021,61.94
5/19/2021,63.35
5/18/2021,65.5
5/17/2021,66.28
5/14/2021,65.36
5/13/2021,63.84
5/12/2021,66.1
5/11/2021,65.3
5/10/2021,64.93
5/7/2021,64.88
5/6/2021,64.67
5/5/2021,65.59
5/4/2021,65.61
5/3/2021,64.41
4/30/2021,63.48
4/29/2021,64.88
4/28/2021,63.75
4/27/2021,62.8
4/26/2021,61.8
4/23/2021,62.02
4/22/2021,61.34
4/21/2021,61.27
4/20/2021,62.67
4/19/2021,63.43
4/16/2021,63.19
4/15/2021,63.51
4/14/2021,63.22
4/13/2021,60.24
4/12/2021,59.75
4/9/2021,59.35
4/8/2021,59.63
4/7/2021,59.81
4/6/2021,59.37
4/5/2021,58.68
4/1/2021,61.48
3/31/2021,59.18
3/30/2021,60.56
3/29/2021,61.53
3/26/2021,60.96
3/25/2021,58.57
3/24/2021,61.16
3/23/2021,57.78
3/22/2021,61.56
3/19/2021,61.44
3/18/2021,60.06
3/17/2021,64.63
3/16/2021,64.86
3/15/2021,65.44
3/12/2021,65.64
3/11/2021,66
3/10/2021,64.42
3/9/2021,63.99
3/8/2021,64.93
3/5/2021,65.92
3/4/2021,63.62
3/3/2021,61.1
3/2/2021,59.57
3/1/2021,60.42
2/26/2021,61.23
2/25/2021,63.22
2/24/2021,63
2/23/2021,61.43
2/22/2021,61.7
2/19/2021,59.26
2/18/2021,60.53
2/17/2021,61.16
2/16/2021,60.08
2/15/2021,60.09
2/14/2021,60.37
2/12/2021,59.38
2/11/2021,58.14
2/10/2021,58.57
2/9/2021,58.25
2/8/2021,57.83
2/5/2021,56.7
2/4/2021,56.07
2/3/2021,55.54
2/2/2021,54.62
2/1/2021,53.42
1/29/2021,52.08
1/28/2021,52.24
1/27/2021,52.73
1/26/2021,52.52
1/25/2021,52.67
1/22/2021,52.19
1/21/2021,53.05
1/20/2021,53.31
1/19/2021,52.98
1/18/2021,52.36
1/17/2021,52.2
1/15/2021,52.42
1/14/2021,53.62
1/13/2021,52.96
1/12/2021,53.24
1/11/2021,52.27
1/8/2021,52.26
1/7/2021,50.87
1/6/2021,50.69
1/5/2021,50.01
1/4/2021,47.76
12/31/2020,48.63
12/30/2020,48.5
12/29/2020,48.14
12/28/2020,47.77
12/24/2020,48.35
12/23/2020,48.24
12/22/2020,47.16
12/21/2020,47.97
12/18/2020,49.24
12/17/2020,48.54
12/16/2020,48
12/15/2020,47.78
12/14/2020,47.15
12/11/2020,46.75
12/10/2020,46.96
12/9/2020,45.72
12/8/2020,45.8
12/7/2020,45.95
12/4/2020,46.42
12/3/2020,45.79
12/2/2020,45.44
12/1/2020,44.73
11/30/2020,45.51
11/27/2020,45.74
11/26/2020,44.98
11/25/2020,45.91
11/24/2020,45.11
11/23/2020,43.28
11/20/2020,42.42
11/19/2020,41.9
11/18/2020,42.01
11/17/2020,41.65
11/16/2020,41.57
11/13/2020,40.4
11/12/2020,41.41
11/11/2020,41.74
11/10/2020,41.67
11/9/2020,40.62
11/6/2020,37.49
11/5/2020,39.11
11/4/2020,39.47
11/3/2020,37.99
11/2/2020,37.18
10/30/2020,36.15
10/29/2020,36.51
10/28/2020,37.72
10/27/2020,39.87
10/26/2020,38.89
10/23/2020,40.15
10/22/2020,40.94
10/21/2020,40.31
10/20/2020,41.7
10/19/2020,41.06
10/16/2020,41.12
10/15/2020,41.24
10/14/2020,41.34
10/13/2020,40.49
10/12/2020,39.73
10/9/2020,40.91
10/8/2020,41.47
10/7/2020,40.23
10/6/2020,40.93
10/5/2020,39.5
10/2/2020,37.34
10/1/2020,39.01
9/30/2020,40.47
9/29/2020,39.56
9/28/2020,40.87
9/25/2020,40.51
9/24/2020,40.58
9/23/2020,40.22
9/22/2020,39.8
9/21/2020,39.54
9/18/2020,41.32
9/17/2020,41.22
9/16/2020,40.41
9/15/2020,38.55
9/14/2020,37.56
9/11/2020,37.65
9/10/2020,37.66
9/9/2020,38.41
9/8/2020,37.19
9/7/2020,39.2
9/6/2020,38.75
9/4/2020,40.15
9/3/2020,41.72
9/2/2020,41.85
9/1/2020,43.08
8/31/2020,42.9
8/28/2020,43.29
8/27/2020,43.31
8/26/2020,43.69
8/25/2020,43.65
8/24/2020,42.93
8/21/2020,42.62
8/20/2020,42.82
8/19/2020,43.11
8/18/2020,43.12
8/17/2020,43.17
8/14/2020,42.31
8/13/2020,42.52
8/12/2020,42.95
8/11/2020,41.87
8/10/2020,42.17
8/7/2020,41.49
8/6/2020,42.2
8/5/2020,42.43
8/4/2020,41.91
8/3/2020,41.31
7/31/2020,40.57
7/30/2020,40.24
7/29/2020,41.54
7/28/2020,41.28
7/27/2020,41.8
7/24/2020,41.45
7/23/2020,41.21
7/22/2020,42.04
7/21/2020,41.92
7/20/2020,40.92
7/17/2020,40.75
7/16/2020,40.93
7/15/2020,41.4
7/14/2020,40.55
7/13/2020,40.32
7/10/2020,40.76
7/9/2020,39.83
7/8/2020,41.04
7/7/2020,40.7
7/6/2020,40.73
7/3/2020,40.28
7/2/2020,40.76
7/1/2020,39.92
6/30/2020,39.34
6/29/2020,39.81
6/26/2020,38.65
6/25/2020,38.91
6/24/2020,38.21
6/23/2020,40.51
6/22/2020,40.73
6/19/2020,39.83
6/18/2020,39.05
6/17/2020,38.21
6/16/2020,38.65
6/15/2020,37.43
6/12/2020,36.51
6/11/2020,36.57
6/10/2020,39.78
6/9/2020,39.16
6/8/2020,38.43
6/5/2020,39.8
6/4/2020,37.72
6/3/2020,37.59
6/2/2020,37.06
6/1/2020,35.79
5/29/2020,35.84
5/28/2020,34.06
5/27/2020,33.23
5/26/2020,34.77
5/25/2020,33.92
5/24/2020,32.9
5/22/2020,33.65
5/21/2020,34.34
5/20/2020,33.94
5/19/2020,31.96
5/18/2020,31.65
5/15/2020,29.52
5/14/2020,27.88
5/13/2020,25.68
5/12/2020,26.33
5/11/2020,25.08
5/8/2020,26.17
5/7/2020,24.83
5/6/2020,25.62
5/5/2020,26.49
5/4/2020,22.78
5/1/2020,22.29
4/30/2020,21.85
4/29/2020,19.12
4/28/2020,17.6
4/27/2020,18.08
4/24/2020,21.22
4/23/2020,21.44
4/22/2020,20.69
4/21/2020,11.57
4/20/2020,20.43
4/17/2020,25.03
4/16/2020,25.53
4/15/2020,26.04
4/14/2020,27.4
4/13/2020,29.26
4/9/2020,28.82
4/8/2020,30.17
4/7/2020,28.69
4/6/2020,29.98
4/3/2020,30.9
4/2/2020,28.05
4/1/2020,23.74
3/31/2020,24.51
3/30/2020,24.09
3/27/2020,25.15
3/26/2020,25.71
3/25/2020,27.16
3/24/2020,26.2
3/23/2020,25.48
3/20/2020,22.63
3/19/2020,25.91
3/18/2020,20.83
3/17/2020,27.33
3/16/2020,29
3/13/2020,32.11
3/12/2020,31.98
3/11/2020,33.39
3/10/2020,34.73
3/9/2020,31.47
3/6/2020,41.51
3/5/2020,46.06
3/4/2020,46.95
3/3/2020,47.33
3/2/2020,46.92
2/28/2020,44.94
2/27/2020,47.29
2/26/2020,48.88
2/25/2020,50.06
2/24/2020,51.58
2/21/2020,53.5
2/20/2020,53.88
2/19/2020,53.49
2/18/2020,52.29
2/17/2020,52.2
2/16/2020,52.36
2/14/2020,52.32
2/13/2020,51.66
2/12/2020,51.41
2/11/2020,50.17
2/10/2020,49.78
2/7/2020,50.55
2/6/2020,51.14
2/5/2020,50.92
2/4/2020,49.8
2/3/2020,50.28
1/31/2020,51.68
1/30/2020,52.23
1/29/2020,53.41
1/28/2020,53.52
1/27/2020,53.18
1/24/2020,54.2
1/23/2020,55.61
1/22/2020,56.76
1/21/2020,58.38
1/20/2020,58.73
1/19/2020,59.27
1/17/2020,58.58
1/16/2020,58.53
1/15/2020,57.84
1/14/2020,58.26
1/13/2020,58.08
1/10/2020,58.99
1/9/2020,59.44
1/8/2020,59.46
1/7/2020,62.51
1/6/2020,63.04
1/3/2020,62.82
1/2/2020,60.95
1/1/2020,61.33
12/31/2019,60.77
12/30/2019,61.44
12/27/2019,61.53
12/26/2019,61.48
12/25/2019,61.19
12/24/2019,60.94
12/23/2019,60.35
12/20/2019,60.25
12/19/2019,61.18
12/18/2019,60.85
12/17/2019,60.87
12/16/2019,60.14
12/13/2019,59.98
12/12/2019,59.06
12/11/2019,58.65
12/10/2019,59.14
12/9/2019,58.92
12/6/2019,59.1
12/5/2019,58.34
12/4/2019,58.34
12/3/2019,56.03
12/2/2019,55.91
11/29/2019,55.14
11/28/2019,58.08
11/27/2019,58.05
11/26/2019,58.32
11/25/2019,57.91
11/22/2019,57.66
11/21/2019,58.41
11/20/2019,57.01
11/19/2019,55.35
11/18/2019,57.14
11/15/2019,57.83
11/14/2019,56.88
11/13/2019,57.2
11/12/2019,56.85
11/11/2019,56.9
11/8/2019,57.26
11/7/2019,57.15
11/6/2019,56.38
11/5/2019,57.29
11/4/2019,56.6
11/1/2019,56.27
10/31/2019,54.25
10/30/2019,55.1
10/29/2019,55.68
10/28/2019,55.9
10/25/2019,56.71
10/24/2019,56.27
10/23/2019,55.99
10/22/2019,54.48
10/21/2019,53.51
10/18/2019,53.87
10/17/2019,54.03
10/16/2019,53.45
10/15/2019,52.88
10/14/2019,53.65
10/11/2019,54.78
10/10/2019,53.56
10/9/2019,52.61
10/8/2019,52.62
10/7/2019,52.71
10/4/2019,52.74
10/3/2019,52.36
10/2/2019,52.51
10/1/2019,53.5
9/30/2019,53.98
9/27/2019,55.79
9/26/2019,56.28
9/25/2019,56.32
9/24/2019,57.08
9/23/2019,58.42
9/20/2019,58.09
9/19/2019,58.19
9/18/2019,58.04
9/17/2019,59.1
9/16/2019,62.67
9/13/2019,54.8
9/12/2019,55.05
9/11/2019,55.67
9/10/2019,57.29
9/9/2019,57.73
9/6/2019,56.43
9/5/2019,56.16
9/4/2019,56.1
9/3/2019,53.76
9/2/2019,54.66
9/1/2019,54.8
8/30/2019,54.89
8/29/2019,56.45
8/28/2019,55.6
8/27/2019,54.77
8/26/2019,53.5
8/23/2019,54.02
8/22/2019,55.16
8/21/2019,55.49
8/20/2019,56.13
8/19/2019,56.14
8/16/2019,54.81
8/15/2019,54.42
8/14/2019,55.25
8/13/2019,57.1
8/12/2019,54.85
8/9/2019,54.37
8/8/2019,52.46
8/7/2019,51.03
8/6/2019,53.59
8/5/2019,54.58
8/2/2019,55.67
8/1/2019,54.01
7/31/2019,58.63
7/30/2019,58.11
7/29/2019,56.96
7/26/2019,56.33
7/25/2019,56.16
7/24/2019,56
7/23/2019,56.85
7/22/2019,56.22
7/19/2019,55.76
7/18/2019,55.42
7/17/2019,56.92
7/16/2019,57.74
7/15/2019,59.68
7/12/2019,60.3
7/11/2019,60.28
7/10/2019,60.52
7/9/2019,57.94
7/8/2019,57.76
7/5/2019,57.59
7/4/2019,56.8
7/3/2019,57.44
7/2/2019,56.34
7/1/2019,59.14
6/28/2019,58.52
6/27/2019,59.49
6/26/2019,59.43
6/25/2019,57.89
6/24/2019,57.93
6/21/2019,57.5
6/20/2019,57.07
6/19/2019,53.97
6/18/2019,54.11
6/17/2019,52.17
6/14/2019,52.77
6/13/2019,52.54
6/12/2019,51.37
6/11/2019,53.52
6/10/2019,53.48
6/7/2019,54.16
6/6/2019,52.73
6/5/2019,51.83
6/4/2019,53.63
6/3/2019,53.38
5/31/2019,53.64
5/30/2019,56.74
5/29/2019,58.95
5/28/2019,59.35
5/27/2019,59.16
5/26/2019,58.77
5/24/2019,58.71
5/23/2019,57.99
5/22/2019,61.5
5/21/2019,63.13
5/20/2019,63.21
5/17/2019,62.92
5/16/2019,63.06
5/15/2019,62.24
5/14/2019,61.96
5/13/2019,61.21
5/10/2019,61.8
5/9/2019,61.81
5/8/2019,62.22
5/7/2019,61.51
5/6/2019,62.37
5/3/2019,62.04
5/2/2019,61.9
5/1/2019,63.69
4/30/2019,63.98
4/29/2019,63.57
4/26/2019,63.38
4/25/2019,65.28
4/24/2019,65.89
4/23/2019,66.24
4/22/2019,65.55
4/18/2019,64.07
4/17/2019,63.87
4/16/2019,64.19
4/15/2019,63.56
4/12/2019,64.02
4/11/2019,63.67
4/10/2019,64.65
4/9/2019,63.96
4/8/2019,64.33
4/5/2019,63.15
4/4/2019,62.19
4/3/2019,62.52
4/2/2019,62.61
4/1/2019,61.71
3/29/2019,60.28
3/28/2019,59.48
3/27/2019,59.61
3/26/2019,60.1
3/25/2019,59.08
3/22/2019,59.29
3/21/2019,60.2
3/20/2019,60.23
3/19/2019,59.29
3/18/2019,59.38
3/15/2019,58.82
3/14/2019,58.91
3/13/2019,58.59
3/12/2019,57.2
3/11/2019,57.12
3/8/2019,56.43
3/7/2019,57.03
3/6/2019,56.62
3/5/2019,56.94
3/4/2019,56.97
3/1/2019,56.19
2/28/2019,57.61
2/27/2019,57.37
2/26/2019,55.97
2/25/2019,55.92
2/22/2019,57.75
2/21/2019,57.46
2/20/2019,57.16
2/19/2019,56.45
2/18/2019,56.27
2/17/2019,56.33
2/15/2019,55.98
2/14/2019,54.79
2/13/2019,54.31
2/12/2019,53.47
2/11/2019,52.78
2/8/2019,53.09
2/7/2019,53
2/6/2019,54.34
2/5/2019,54
2/4/2019,54.89
2/1/2019,55.55
1/31/2019,54.04
1/30/2019,54.47
1/29/2019,53.6
1/28/2019,52.29
1/25/2019,53.98
1/24/2019,53.42
1/23/2019,52.92
1/22/2019,53.01
1/21/2019,54.24
1/20/2019,53.65
1/18/2019,54.04
1/17/2019,52.36
1/16/2019,52.61
1/15/2019,52.39
1/14/2019,50.8
1/11/2019,51.91
1/10/2019,52.91
1/9/2019,52.69
1/8/2019,50.11
1/7/2019,48.82
1/4/2019,48.28
1/3/2019,47.4
1/2/2019,46.86
1/1/2019,45.89
12/31/2018,45.72
12/28/2018,45.6
12/27/2018,44.9
12/26/2018,46.54
12/25/2018,43.16
12/24/2018,42.82
12/21/2018,45.89
12/20/2018,46.19
12/19/2018,48.17
12/18/2018,46.6
12/17/2018,50.2
12/14/2018,51.47
12/13/2018,52.83
12/12/2018,51.36
12/11/2018,51.84
12/10/2018,51.2
12/7/2018,52.81
12/6/2018,51.7
12/5/2018,53.12
12/4/2018,53.46
12/3/2018,53.14
11/30/2018,51.09
11/29/2018,51.62
11/28/2018,50.49
11/27/2018,51.73
11/26/2018,51.8
11/23/2018,50.59
11/22/2018,54.02
11/21/2018,54.8
11/20/2018,53.57
11/19/2018,57.2
11/16/2018,56.68
11/15/2018,56.68
11/14/2018,56.44
11/13/2018,55.84
11/12/2018,60.08
11/9/2018,60.36
11/8/2018,60.86
11/7/2018,61.82
11/6/2018,62.34
11/5/2018,63.21
11/2/2018,63.28
11/1/2018,63.81
10/31/2018,65.44
10/30/2018,66.31
10/29/2018,67.21
10/26/2018,67.75
10/25/2018,67.44
10/24/2018,66.96
10/23/2018,66.62
10/22/2018,69.36
10/19/2018,69.28
10/18/2018,68.71
10/17/2018,69.7
10/16/2018,71.76
10/15/2018,71.61
10/12/2018,71.18
10/11/2018,70.81
10/10/2018,73.03
10/9/2018,74.81
10/8/2018,74.17
10/5/2018,74.26
10/4/2018,74.25
10/3/2018,76.24
10/2/2018,75.04
10/1/2018,75.14
9/28/2018,73.06
9/27/2018,71.96
9/26/2018,71.41
9/25/2018,72.1
9/24/2018,71.76
9/21/2018,70.37
9/20/2018,70.32
9/19/2018,70.77
9/18/2018,69.59
9/17/2018,68.68
9/14/2018,68.77
9/13/2018,68.41
9/12/2018,70.16
9/11/2018,69.04
9/10/2018,67.41
9/7/2018,67.55
9/6/2018,67.52
9/5/2018,68.42
9/4/2018,69.56
9/3/2018,70.12
9/2/2018,69.92
8/31/2018,69.37
8/30/2018,69.81
8/29/2018,69.17
8/28/2018,68.22
8/27/2018,68.54
8/24/2018,68.36
8/23/2018,67.53
8/22/2018,67.51
8/21/2018,65.84
8/20/2018,65.42
8/17/2018,65.21
8/16/2018,64.88
8/15/2018,64.46
8/14/2018,66.33
8/13/2018,66.57
8/10/2018,66.94
8/9/2018,66.14
8/8/2018,66.25
8/7/2018,68.33
8/6/2018,67.94
8/3/2018,67.35
8/2/2018,67.66
8/1/2018,66.5
7/31/2018,67.63
7/30/2018,68.95
7/27/2018,67.73
7/26/2018,68.43
7/25/2018,68.01
7/24/2018,67.19
7/23/2018,66.75
7/20/2018,68.26
7/19/2018,68.24
7/18/2018,67.75
7/17/2018,67.16
7/16/2018,67.07
7/13/2018,69.95
7/12/2018,69.35
7/11/2018,68.86
7/10/2018,72.56
7/9/2018,71.98
7/6/2018,71.57
7/5/2018,70.63
7/4/2018,74.13
7/3/2018,71.59
7/2/2018,71.62
6/29/2018,72.46
6/28/2018,71.81
6/27/2018,71.26
6/26/2018,69.28
6/25/2018,67.04
6/22/2018,67.63
6/21/2018,64.86
6/20/2018,65.71
6/19/2018,64.9
6/18/2018,65.69
6/15/2018,64.85
6/14/2018,66.69
6/13/2018,66.52
6/12/2018,66.28
6/11/2018,66.03
6/8/2018,65.67
6/7/2018,65.89
6/6/2018,64.7
6/5/2018,65.46
6/4/2018,64.68
6/1/2018,65.77
5/31/2018,66.91
5/30/2018,68.08
5/29/2018,66.62
5/28/2018,67.05
5/27/2018,67.36
5/25/2018,67.78
5/24/2018,70.58
5/23/2018,71.71
5/22/2018,72.2
5/21/2018,72.35
5/18/2018,71.37
5/17/2018,71.57
5/16/2018,71.56
5/15/2018,71.37
5/14/2018,70.99
5/11/2018,70.68
5/10/2018,71.31
5/9/2018,71.05
5/8/2018,68.97
5/7/2018,70.62
5/4/2018,69.58
5/3/2018,68.26
5/2/2018,67.77
5/1/2018,67.13
4/30/2018,68.48
4/27/2018,67.98
4/26/2018,68.08
4/25/2018,67.92
4/24/2018,67.57
4/23/2018,68.47
4/20/2018,68.4
4/19/2018,68.33
4/18/2018,68.47
4/17/2018,66.51
4/16/2018,66.2
4/13/2018,67.33
4/12/2018,66.95
4/11/2018,66.74
4/10/2018,65.44
4/9/2018,63.43
4/6/2018,62.1
4/5/2018,63.54
4/4/2018,63.33
4/3/2018,63.46
4/2/2018,62.99
3/29/2018,64.87
3/28/2018,64.35
3/27/2018,65.18
3/26/2018,65.41
3/23/2018,65.71
3/22/2018,64.18
3/21/2018,64.95
3/20/2018,63.54
3/19/2018,62.13
3/16/2018,62.41
3/15/2018,61.25
3/14/2018,61.02
3/13/2018,60.75
3/12/2018,61.33
3/9/2018,61.92
3/8/2018,60.06
3/7/2018,61.02
3/6/2018,62.45
3/5/2018,62.39
3/2/2018,61.09
3/1/2018,60.8
2/28/2018,61.47
2/27/2018,62.9
2/26/2018,63.77
2/23/2018,63.41
2/22/2018,62.6
2/21/2018,61.52
2/20/2018,61.79
2/19/2018,62.38
2/18/2018,61.72
2/16/2018,61.55
2/15/2018,61.17
2/14/2018,60.51
2/13/2018,59.03
2/12/2018,59.08
2/9/2018,58.99
2/8/2018,60.94
2/7/2018,61.55
2/6/2018,63.11
2/5/2018,63.83
2/2/2018,65.07
2/1/2018,65.55
1/31/2018,64.56
1/30/2018,64.35
1/29/2018,65.39
1/26/2018,65.97
1/25/2018,65.37
1/24/2018,65.36
1/23/2018,64.31
1/22/2018,63.57
1/19/2018,63.31
1/18/2018,63.89
1/17/2018,63.92
1/16/2018,63.67
1/15/2018,64.73
1/14/2018,64.28
1/12/2018,64.23
1/11/2018,63.68
1/10/2018,63.42
1/9/2018,62.87
1/8/2018,61.72
1/5/2018,61.41
1/4/2018,61.9
1/3/2018,61.55
1/2/2018,60.38
1/1/2018,60.24
12/29/2017,60.44
12/28/2017,59.87
12/27/2017,59.69
12/26/2017,60
12/25/2017,58.59
12/22/2017,58.54
12/21/2017,58.4
12/20/2017,58.13
12/19/2017,57.56
12/18/2017,57.22
12/15/2017,57.33
12/14/2017,57.08
12/13/2017,56.59
12/12/2017,57.16
12/11/2017,58.05
12/8/2017,57.44
12/7/2017,56.75
12/6/2017,56.03
12/5/2017,57.67
12/4/2017,57.49
12/1/2017,58.38
11/30/2017,57.45
11/29/2017,57.36
11/28/2017,58.05
11/27/2017,58.16
11/24/2017,58.91
11/23/2017,58.38
11/22/2017,58.02
11/21/2017,56.92
11/20/2017,56.42
11/17/2017,56.71
11/16/2017,55.35
11/15/2017,55.52
11/14/2017,55.89
11/13/2017,56.97
11/10/2017,56.98
11/9/2017,57.39
11/8/2017,57.05
11/7/2017,57.43
11/6/2017,57.57
11/3/2017,55.86
11/2/2017,54.77
11/1/2017,54.51
10/31/2017,54.59
10/30/2017,54.37
10/27/2017,54.09
10/26/2017,52.86
10/25/2017,52.43
10/24/2017,52.67
10/23/2017,52.08
10/20/2017,51.84
10/19/2017,51.51
10/18/2017,52.26
10/17/2017,52.11
10/16/2017,52.14
10/13/2017,51.73
10/12/2017,50.93
10/11/2017,51.6
10/10/2017,51.23
10/9/2017,49.93
10/6/2017,49.65
10/5/2017,51.15
10/4/2017,50.32
10/3/2017,50.74
10/2/2017,50.9
9/29/2017,51.95
9/28/2017,51.87
9/27/2017,52.43
9/26/2017,51.88
9/25/2017,52.22
9/22/2017,50.66
9/21/2017,50.55
9/20/2017,50.41
9/19/2017,49.48
9/18/2017,49.91
9/15/2017,49.89
9/14/2017,49.89
9/13/2017,49.3
9/12/2017,48.23
9/11/2017,48.07
9/8/2017,47.48
9/7/2017,49.09
9/6/2017,49.16
9/5/2017,48.66
9/4/2017,47.41
9/3/2017,47.32
9/1/2017,47.29
8/31/2017,47.23
8/30/2017,45.96
8/29/2017,46.44
8/28/2017,46.57
8/25/2017,47.87
8/24/2017,47.43
8/23/2017,48.41
8/22/2017,47.64
8/21/2017,47.37
8/18/2017,48.51
8/17/2017,47.09
8/16/2017,46.78
8/15/2017,47.55
8/14/2017,47.59
8/11/2017,48.82
8/10/2017,48.59
8/9/2017,49.56
8/8/2017,49.17
8/7/2017,49.57
8/4/2017,49.73
8/3/2017,49.19
8/2/2017,49.73
8/1/2017,49.29
7/31/2017,50.26
7/28/2017,49.81
7/27/2017,49.17
7/26/2017,48.85
7/25/2017,48.02
7/24/2017,46.51
7/21/2017,45.95
7/20/2017,46.92
7/19/2017,47.32
7/18/2017,46.59
7/17/2017,46.23
7/14/2017,46.75
7/13/2017,46.25
7/12/2017,45.66
7/11/2017,45.23
7/10/2017,44.6
7/7/2017,44.39
7/6/2017,45.7
7/5/2017,45.34
7/4/2017,47.13
7/3/2017,47.29
6/30/2017,46.29
6/29/2017,45.2
6/28/2017,44.99
6/27/2017,44.49
6/26/2017,43.61
6/23/2017,43.27
6/22/2017,42.97
6/21/2017,42.75
6/20/2017,43.51
6/19/2017,44.43
6/16/2017,44.97
6/15/2017,44.68
6/14/2017,44.93
6/13/2017,46.67
6/12/2017,46.08
6/9/2017,45.83
6/8/2017,45.64
6/7/2017,45.72
6/6/2017,48.19
6/5/2017,47.4
6/2/2017,47.87
6/1/2017,48.6
5/31/2017,48.56
5/30/2017,49.91
5/29/2017,49.97
5/28/2017,49.94
5/26/2017,50.05
5/25/2017,49.14
5/24/2017,51.59
5/23/2017,51.72
5/22/2017,51.13
5/19/2017,50.67
5/18/2017,49.66
5/17/2017,49.41
5/16/2017,49
5/15/2017,49.16
5/12/2017,48.17
5/11/2017,48.2
5/10/2017,47.7
5/9/2017,46.27
5/8/2017,46.84
5/5/2017,46.6
5/4/2017,45.9
5/3/2017,48.18
5/2/2017,47.99
5/1/2017,49.16
4/28/2017,49.62
4/27/2017,49.31
4/26/2017,49.96
4/25/2017,49.56
4/24/2017,49.23
4/21/2017,49.62
4/20/2017,50.27
4/19/2017,50.44
4/18/2017,52.41
4/17/2017,52.65
4/13/2017,53.18
4/12/2017,53.11
4/11/2017,53.4
4/10/2017,53.08
4/7/2017,52.24
4/6/2017,51.7
4/5/2017,51.15
4/4/2017,51.03
4/3/2017,50.24
3/31/2017,50.6
3/30/2017,50.35
3/29/2017,49.51
3/28/2017,48.37
3/27/2017,47.73
3/24/2017,47.97
3/23/2017,47.7
3/22/2017,48.04
3/21/2017,47.34
3/20/2017,48.22
3/17/2017,48.78
3/16/2017,48.75
3/15/2017,48.86
3/14/2017,47.72
3/13/2017,48.4
3/10/2017,48.49
3/9/2017,49.28
3/8/2017,50.28
3/7/2017,53.14
3/6/2017,53.2
3/3/2017,53.33
3/2/2017,52.61
3/1/2017,53.83
2/28/2017,54.01
2/27/2017,54.05
2/24/2017,53.99
2/23/2017,54.45
2/22/2017,53.59
2/21/2017,54.06
2/20/2017,53.97
2/19/2017,53.79
2/17/2017,53.4
2/16/2017,53.36
2/15/2017,53.11
2/14/2017,53.2
2/13/2017,52.93
2/10/2017,53.86
2/9/2017,53
2/8/2017,52.34
2/7/2017,52.17
2/6/2017,53.01
2/3/2017,53.83
2/2/2017,53.54
2/1/2017,53.88
1/31/2017,52.81
1/30/2017,52.63
1/27/2017,53.17
1/26/2017,53.78
1/25/2017,52.75
1/24/2017,53.18
1/23/2017,52.75
1/20/2017,52.42
1/19/2017,51.37
1/18/2017,51.08
1/17/2017,52.48
1/16/2017,52.52
1/15/2017,52.45
1/13/2017,52.37
1/12/2017,53.01
1/11/2017,52.25
1/10/2017,50.82
1/9/2017,51.96
1/6/2017,53.99
1/5/2017,53.76
1/4/2017,53.26
1/3/2017,52.33
1/2/2017,54.03
12/30/2016,53.72
12/29/2016,53.77
12/28/2016,54.06
12/27/2016,53.9
12/26/2016,53.19
12/23/2016,53.02
12/22/2016,52.95
12/21/2016,52.49
12/20/2016,52.23
12/19/2016,52.12
12/16/2016,51.9
12/15/2016,50.9
12/14/2016,51.04
12/13/2016,52.98
12/12/2016,52.83
12/9/2016,51.5
12/8/2016,50.84
12/7/2016,49.77
12/6/2016,50.93
12/5/2016,51.79
12/2/2016,51.68
12/1/2016,51.06
11/30/2016,49.44
11/29/2016,45.23
11/28/2016,47.08
11/25/2016,46.06
11/24/2016,47.98
11/23/2016,47.96
11/22/2016,48.03
11/21/2016,47.49
11/18/2016,45.69
11/17/2016,45.42
11/16/2016,45.57
11/15/2016,45.81
11/14/2016,43.32
11/11/2016,43.41
11/10/2016,44.66
11/9/2016,45.27
11/8/2016,44.98
11/7/2016,44.89
11/4/2016,44.07
11/3/2016,44.66
11/2/2016,45.34
11/1/2016,46.67
10/31/2016,46.86
10/28/2016,48.7
10/27/2016,49.72
10/26/2016,49.18
10/25/2016,49.96
10/24/2016,50.52
10/21/2016,50.85
10/20/2016,50.43
10/19/2016,51.6
10/18/2016,50.29
10/17/2016,49.94
10/14/2016,50.35
10/13/2016,50.44
10/12/2016,50.18
10/11/2016,50.79
10/10/2016,51.35
10/7/2016,49.81
10/6/2016,50.44
10/5/2016,49.83
10/4/2016,48.69
10/3/2016,48.81
9/30/2016,48.24
9/29/2016,47.83
9/28/2016,47.05
9/27/2016,44.67
9/26/2016,45.93
9/23/2016,44.48
9/22/2016,46.32
9/21/2016,45.34
9/20/2016,43.44
9/19/2016,43.3
9/16/2016,43.03
9/15/2016,43.91
9/14/2016,43.58
9/13/2016,44.9
9/12/2016,46.29
9/9/2016,45.88
9/8/2016,47.62
9/7/2016,45.5
9/6/2016,44.83
9/5/2016,45.07
9/4/2016,44.11
9/2/2016,44.44
9/1/2016,43.16
8/31/2016,44.7
8/30/2016,46.35
8/29/2016,46.98
8/26/2016,47.64
8/25/2016,47.33
8/24/2016,46.77
8/23/2016,48.1
8/22/2016,47.05
8/19/2016,48.52
8/18/2016,48.22
8/17/2016,46.79
8/16/2016,46.58
8/15/2016,45.74
8/12/2016,44.49
8/11/2016,43.49
8/10/2016,41.71
8/9/2016,42.77
8/8/2016,43.02
8/5/2016,41.8
8/4/2016,41.93
8/3/2016,40.83
8/2/2016,39.51
8/1/2016,40.06
7/29/2016,41.6
7/28/2016,41.14
7/27/2016,41.92
7/26/2016,42.92
7/25/2016,43.13
7/22/2016,44.19
7/21/2016,44.75
7/20/2016,44.94
7/19/2016,44.65
7/18/2016,45.24
7/15/2016,45.95
7/14/2016,45.68
7/13/2016,44.75
7/12/2016,46.8
7/11/2016,44.76
7/8/2016,45.41
7/7/2016,45.14
7/6/2016,47.43
7/5/2016,46.6
7/4/2016,48.65
7/3/2016,49.01
7/1/2016,48.99
6/30/2016,48.33
6/29/2016,49.88
6/28/2016,47.85
6/27/2016,46.33
6/24/2016,47.64
6/23/2016,50.11
6/22/2016,49.13
6/21/2016,48.85
6/20/2016,49.37
6/17/2016,47.98
6/16/2016,46.21
6/15/2016,48.01
6/14/2016,48.49
6/13/2016,48.88
6/10/2016,49.07
6/9/2016,50.56
6/8/2016,51.23
6/7/2016,50.36
6/6/2016,49.69
6/3/2016,48.62
6/2/2016,49.17
6/1/2016,49.01
5/31/2016,49.1
5/30/2016,49.51
5/29/2016,49.58
5/27/2016,49.33
5/26/2016,49.48
5/25/2016,49.56
5/24/2016,48.62
5/23/2016,48.08
5/20/2016,47.75
5/19/2016,48.16
5/18/2016,48.19
5/17/2016,48.31
5/16/2016,47.72
5/13/2016,46.21
5/12/2016,46.7
5/11/2016,46.23
5/10/2016,44.66
5/9/2016,43.44
5/6/2016,44.66
5/5/2016,44.32
5/4/2016,43.78
5/3/2016,43.65
5/2/2016,44.78
4/29/2016,45.92
4/28/2016,46.03
4/27/2016,45.33
4/26/2016,44.04
4/25/2016,42.64
4/22/2016,43.73
4/21/2016,43.18
4/20/2016,42.63
4/19/2016,41.08
4/18/2016,39.78
4/15/2016,40.36
4/14/2016,41.5
4/13/2016,41.76
4/12/2016,42.17
4/11/2016,40.36
4/8/2016,39.72
4/7/2016,37.26
4/6/2016,37.75
4/5/2016,35.89
4/4/2016,35.7
4/1/2016,36.79
3/31/2016,38.34
3/30/2016,38.32
3/29/2016,38.28
3/28/2016,39.39
3/24/2016,39.46
3/23/2016,39.79
3/22/2016,41.45
3/21/2016,39.91
3/18/2016,39.44
3/17/2016,40.2
3/16/2016,38.46
3/15/2016,36.34
3/14/2016,37.18
3/11/2016,38.5
3/10/2016,37.84
3/9/2016,38.29
3/8/2016,36.5
3/7/2016,37.9
3/4/2016,35.92
3/3/2016,34.57
3/2/2016,34.66
3/1/2016,34.4
2/29/2016,33.75
2/26/2016,32.78
2/25/2016,33.07
2/24/2016,32.15
2/23/2016,31.87
2/22/2016,31.48
2/19/2016,29.64
2/18/2016,30.77
2/17/2016,30.66
2/16/2016,29.04
2/15/2016,30.6
2/14/2016,29.08
2/12/2016,29.44
2/11/2016,26.21
2/10/2016,27.45
2/9/2016,27.94
2/8/2016,29.69
2/5/2016,30.89
2/4/2016,31.72
2/3/2016,32.28
2/2/2016,29.88
2/1/2016,31.62
1/29/2016,33.62
1/28/2016,33.22
1/27/2016,32.3
1/26/2016,31.45
1/25/2016,30.34
1/22/2016,32.19
1/21/2016,29.53
1/20/2016,26.55
1/19/2016,28.46
1/18/2016,30.02
1/17/2016,29.75
1/15/2016,29.42
1/14/2016,31.2
1/13/2016,30.48
1/12/2016,30.44
1/11/2016,31.41
1/8/2016,33.16
1/7/2016,33.27
1/6/2016,33.97
1/5/2016,35.97
1/4/2016,36.76
12/31/2015,37.04
12/30/2015,36.6
12/29/2015,37.87
12/28/2015,36.81
12/24/2015,38.1
12/23/2015,37.5
12/22/2015,36.14
12/21/2015,34.74
12/18/2015,34.73
12/17/2015,34.95
12/16/2015,35.52
12/15/2015,37.35
12/14/2015,36.31
12/11/2015,35.62
12/10/2015,36.76
12/9/2015,37.16
12/8/2015,37.51
12/7/2015,37.65
12/4/2015,39.97
12/3/2015,41.08
12/2/2015,39.94
12/1/2015,41.85
11/30/2015,41.65
11/27/2015,41.71
11/26/2015,42.59
11/25/2015,43.04
11/24/2015,42.87
11/23/2015,41.75
11/20/2015,40.39
11/19/2015,40.54
11/18/2015,40.75
11/17/2015,40.67
11/16/2015,41.74
11/13/2015,40.74
11/12/2015,41.75
11/11/2015,42.93
11/10/2015,44.21
11/9/2015,43.87
11/6/2015,44.29
11/5/2015,45.2
11/4/2015,46.32
11/3/2015,47.9
11/2/2015,46.14
10/30/2015,46.59
10/29/2015,46.06
10/28/2015,45.94
10/27/2015,43.2
10/26/2015,43.98
10/23/2015,44.6
10/22/2015,45.38
10/21/2015,45.2
10/20/2015,45.55
10/19/2015,45.89
10/16/2015,47.26
10/15/2015,46.38
10/14/2015,46.64
10/13/2015,46.66
10/12/2015,47.1
10/9/2015,49.63
10/8/2015,49.43
10/7/2015,47.81
10/6/2015,48.53
10/5/2015,46.26
10/2/2015,45.54
10/1/2015,44.74
9/30/2015,45.09
9/29/2015,45.23
9/28/2015,44.43
9/25/2015,45.7
9/24/2015,44.91
9/23/2015,44.48
9/22/2015,45.83
9/21/2015,46.68
9/18/2015,44.68
9/17/2015,46.9
9/16/2015,47.15
9/15/2015,44.59
9/14/2015,44
9/11/2015,44.63
9/10/2015,45.92
9/9/2015,44.15
9/8/2015,45.94
9/7/2015,44.7
9/6/2015,45.72
9/4/2015,46.05
9/3/2015,46.75
9/2/2015,46.25
9/1/2015,45.41
8/31/2015,49.2
8/28/2015,45.22
8/27/2015,42.56
8/26/2015,38.6
8/25/2015,39.31
8/24/2015,38.24
8/21/2015,40.45
8/20/2015,41.14
8/19/2015,40.8
8/18/2015,42.62
8/17/2015,41.87
8/14/2015,42.5
8/13/2015,42.23
8/12/2015,43.3
8/11/2015,43.08
8/10/2015,44.96
8/7/2015,43.87
8/6/2015,44.66
8/5/2015,45.15
8/4/2015,45.74
8/3/2015,45.17
7/31/2015,47.12
7/30/2015,48.52
7/29/2015,48.79
7/28/2015,47.98
7/27/2015,47.39
7/24/2015,48.14
7/23/2015,48.45
7/22/2015,49.19
7/21/2015,50.36
7/20/2015,50.15
7/17/2015,50.89
7/16/2015,50.91
7/15/2015,51.41
7/14/2015,53.04
7/13/2015,52.2
7/10/2015,52.74
7/9/2015,52.78
7/8/2015,51.65
7/7/2015,52.33
7/6/2015,52.53
7/3/2015,55.52
7/2/2015,56.93
7/1/2015,56.96
6/30/2015,59.47
6/29/2015,58.33
6/26/2015,59.63
6/25/2015,59.7
6/24/2015,60.27
6/23/2015,61.01
6/22/2015,59.68
6/19/2015,59.61
6/18/2015,60.45
6/17/2015,59.92
6/16/2015,59.97
6/15/2015,59.52
6/12/2015,59.96
6/11/2015,60.77
6/10/2015,61.43
6/9/2015,60.14
6/8/2015,58.14
6/5/2015,59.13
6/4/2015,58
6/3/2015,59.64
6/2/2015,61.26
6/1/2015,60.2
5/29/2015,60.3
5/28/2015,57.68
5/27/2015,57.51
5/26/2015,58.03
5/25/2015,59.85
5/24/2015,59.92
5/22/2015,59.72
5/21/2015,60.72
5/20/2015,58.98
5/19/2015,57.26
5/18/2015,59.43
5/15/2015,59.69
5/14/2015,59.88
5/13/2015,60.5
5/12/2015,60.75
5/11/2015,59.25
5/8/2015,59.39
5/7/2015,58.94
5/6/2015,60.93
5/5/2015,60.4
5/4/2015,58.93
5/1/2015,59.15
4/30/2015,59.63
4/29/2015,58.58
4/28/2015,57.06
4/27/2015,56.99
4/24/2015,57.15
4/23/2015,57.74
4/22/2015,56.16
4/21/2015,55.26
4/20/2015,56.38
4/17/2015,55.74
4/16/2015,56.71
4/15/2015,56.39
4/14/2015,53.29
4/13/2015,51.91
4/10/2015,51.64
4/9/2015,50.79
4/8/2015,50.42
4/7/2015,53.98
4/6/2015,52.14
4/3/2015,49.14
4/2/2015,49.14
4/1/2015,50.09
3/31/2015,47.6
3/30/2015,48.68
3/27/2015,48.87
3/26/2015,51.43
3/25/2015,49.21
3/24/2015,47.51
3/23/2015,47.45
3/20/2015,45.72
3/19/2015,43.96
3/18/2015,44.66
3/17/2015,43.46
3/16/2015,43.88
3/13/2015,44.84
3/12/2015,47.05
3/11/2015,48.17
3/10/2015,48.29
3/9/2015,50
3/6/2015,49.61
3/5/2015,50.76
3/4/2015,51.53
3/3/2015,50.52
3/2/2015,49.59
2/27/2015,49.76
2/26/2015,48.17
2/25/2015,50.99
2/24/2015,49.28
2/23/2015,49.45
2/20/2015,50.34
2/19/2015,51.16
2/18/2015,52.14
2/17/2015,53.53
2/16/2015,53.61
2/15/2015,54.06
2/13/2015,52.78
2/12/2015,51.21
2/11/2015,48.84
2/10/2015,50.02
2/9/2015,52.86
2/6/2015,51.69
2/5/2015,50.48
2/4/2015,48.45
2/3/2015,53.05
2/2/2015,49.57
1/30/2015,48.24
1/29/2015,44.53
1/28/2015,44.45
1/27/2015,46.23
1/26/2015,45.15
1/23/2015,45.59
1/22/2015,46.31
1/21/2015,47.78
1/20/2015,46.39
1/19/2015,47.78
1/18/2015,48.85
1/16/2015,48.69
1/15/2015,46.25
1/14/2015,48.48
1/13/2015,45.89
1/12/2015,46.07
1/9/2015,48.36
1/8/2015,48.79
1/7/2015,48.65
1/6/2015,47.93
1/5/2015,50.04
1/2/2015,52.69
1/1/2015,54.56
12/31/2014,53.27
12/30/2014,54.12
12/29/2014,53.61
12/26/2014,54.73
12/25/2014,55.92
12/24/2014,55.84
12/23/2014,57.12
12/22/2014,55.26
12/19/2014,56.52
12/18/2014,54.11
12/17/2014,56.47
12/16/2014,55.93
12/15/2014,55.91
12/12/2014,57.81
12/11/2014,59.95
12/10/2014,60.94
12/9/2014,63.82
12/8/2014,63.05
12/5/2014,65.84
12/4/2014,66.81
12/3/2014,67.38
12/2/2014,66.88
12/1/2014,69
11/28/2014,66.15
11/27/2014,68.55
11/26/2014,73.69
11/25/2014,74.09
11/24/2014,75.78
11/21/2014,76.51
11/20/2014,75.58
11/19/2014,74.58
11/18/2014,74.61
11/17/2014,75.64
11/14/2014,75.82
11/13/2014,74.21
11/12/2014,77.18
11/11/2014,77.94
11/10/2014,77.4
11/7/2014,78.65
11/6/2014,77.91
11/5/2014,78.68
11/4/2014,77.19
11/3/2014,78.78
10/31/2014,80.54
10/30/2014,81.12
10/29/2014,82.2
10/28/2014,81.42
10/27/2014,81
10/24/2014,81.01
10/23/2014,82.09
10/22/2014,80.52
10/21/2014,82.81
10/20/2014,82.71
10/17/2014,82.75
10/16/2014,82.7
10/15/2014,81.78
10/14/2014,81.84
10/13/2014,85.74
10/10/2014,85.82
10/9/2014,85.77
10/8/2014,87.31
10/7/2014,88.85
10/6/2014,90.34
10/3/2014,89.74
10/2/2014,91.01
10/1/2014,90.73
9/30/2014,91.16
9/29/2014,94.57
9/26/2014,93.54
9/25/2014,92.53
9/24/2014,92.8
9/23/2014,91.56
9/22/2014,91.52
9/19/2014,92.41
9/18/2014,93.07
9/17/2014,94.42
9/16/2014,94.88
9/15/2014,92.92
9/12/2014,92.27
9/11/2014,92.83
9/10/2014,91.67
9/9/2014,92.75
9/8/2014,92.66
9/5/2014,93.29
9/4/2014,94.45
9/3/2014,95.54
9/2/2014,92.88
9/1/2014,95.83
8/29/2014,95.96
8/28/2014,94.55
8/27/2014,93.88
8/26/2014,93.86
8/25/2014,93.35
8/22/2014,93.65
8/21/2014,93.96
8/20/2014,96.07
8/19/2014,94.48
8/18/2014,96.41
8/15/2014,97.35
8/14/2014,95.58
8/13/2014,97.59
8/12/2014,97.37
8/11/2014,98.08
8/8/2014,97.65
8/7/2014,97.34
8/6/2014,96.92
8/5/2014,97.38
8/4/2014,98.29
8/1/2014,97.88
7/31/2014,98.17
7/30/2014,100.27
7/29/2014,100.97
7/28/2014,101.67
7/25/2014,102.09
7/24/2014,102.07
7/23/2014,103.12
7/22/2014,104.42
7/21/2014,104.59
7/18/2014,103.13
7/17/2014,103.19
7/16/2014,101.2
7/15/2014,99.96
7/14/2014,100.91
7/11/2014,100.83
7/10/2014,102.93
7/9/2014,102.29
7/8/2014,103.4
7/7/2014,103.53
7/4/2014,103.76
7/3/2014,104.06
7/2/2014,104.48
7/1/2014,105.34
6/30/2014,105.37
6/27/2014,105.74
6/26/2014,105.84
6/25/2014,106.5
6/24/2014,106.03
6/23/2014,106.17
6/20/2014,107.26
6/19/2014,106.43
6/18/2014,105.97
6/17/2014,106.36
6/16/2014,106.9
6/13/2014,106.91
6/12/2014,106.53
6/11/2014,104.4
6/10/2014,104.35
6/9/2014,104.41
6/6/2014,102.66
6/5/2014,102.48
6/4/2014,102.64
6/3/2014,102.66
6/2/2014,102.47
5/30/2014,102.71
5/29/2014,103.58
5/28/2014,102.72
5/27/2014,104.11
5/26/2014,104.28
5/23/2014,104.35
5/22/2014,103.74
5/21/2014,104.07
5/20/2014,102.44
5/19/2014,102.61
5/16/2014,102.02
5/15/2014,101.5
5/14/2014,102.37
5/13/2014,101.7
5/12/2014,100.59
5/9/2014,99.99
5/8/2014,100.26
5/7/2014,100.77
5/6/2014,99.5
5/5/2014,99.48
5/2/2014,99.76
5/1/2014,99.42
4/30/2014,99.74
4/29/2014,101.28
4/28/2014,100.84
4/25/2014,100.6
4/24/2014,101.94
4/23/2014,101.44
4/22/2014,102.13
4/21/2014,104.37
4/17/2014,104.3
4/16/2014,103.76
4/15/2014,103.75
4/14/2014,104.05
4/11/2014,103.74
4/10/2014,103.4
4/9/2014,103.6
4/8/2014,102.56
4/7/2014,100.44
4/4/2014,101.14
4/3/2014,100.29
4/2/2014,99.62
4/1/2014,99.74
3/31/2014,101.58
3/28/2014,101.67
3/27/2014,101.28
3/26/2014,100.26
3/25/2014,99.19
3/24/2014,99.6
3/21/2014,99.46
3/20/2014,99.43
3/19/2014,100.37
3/18/2014,99.7
3/17/2014,98.08
3/14/2014,98.89
3/13/2014,98.2
3/12/2014,97.99
3/11/2014,100.03
3/10/2014,101.12
3/7/2014,102.58
3/6/2014,101.56
3/5/2014,101.45
3/4/2014,103.33
3/3/2014,104.92
2/28/2014,102.59
2/27/2014,102.4
2/26/2014,102.59
2/25/2014,101.83
2/24/2014,102.82
2/21/2014,102.2
2/20/2014,102.92
2/19/2014,103.31
2/18/2014,102.43
2/17/2014,100.58
2/14/2014,100.3
2/13/2014,100.35
2/12/2014,100.37
2/11/2014,99.94
2/10/2014,100.06
2/7/2014,99.88
2/6/2014,97.84
2/5/2014,97.38
2/4/2014,97.19
2/3/2014,96.43
1/31/2014,97.49
1/30/2014,98.23
1/29/2014,97.36
1/28/2014,97.41
1/27/2014,95.72
1/24/2014,96.64
1/23/2014,97.32
1/22/2014,96.73
1/21/2014,94.99
1/20/2014,93.93
1/17/2014,94.37
1/16/2014,93.96
1/15/2014,94.17
1/14/2014,92.59
1/13/2014,91.8
1/10/2014,92.72
1/9/2014,91.66
1/8/2014,92.33
1/7/2014,93.67
1/6/2014,93.43
1/3/2014,93.96
1/2/2014,95.44
1/1/2014,98.7
