Model,Window,Horizon,Group,MAPE,Baseline_MAPE,MAPE_Impr_pct,MASE,MASE_Impr_pct,DA,DA_Impr_pp,HitLarge,HitLarge_Impr_pp,Wilcoxon_p,Significant
RandomForest,20,1,risk_global,0.659,0.6611,0.318,1.1595,0.198,51.2,-0.76,51.95,4.22,0.5,False
RandomForest,20,1,commodity_id,0.6604,0.6611,0.106,1.1615,0.026,51.3,-0.66,50.98,3.25,0.25,False
RandomForest,20,1,monetary_id,0.6611,0.6611,0.0,1.1622,-0.034,51.86,-0.1,48.58,0.85,0.6562,False
RandomForest,20,1,real_economy_id,0.6605,0.6611,0.091,1.161,0.069,51.81,-0.15,51.1,3.37,0.5938,False
RandomForest,20,1,All_Groups,0.6603,0.6611,0.121,1.1616,0.017,50.48,-1.48,50.19,2.46,0.4062,False
RandomForest,20,5,risk_global,1.0911,1.0884,-0.248,1.8969,-0.471,50.75,0.0,51.87,1.97,0.6875,False
RandomForest,20,5,commodity_id,1.0968,1.0884,-0.772,1.9041,-0.853,50.49,-0.26,49.13,-0.77,0.9375,False
RandomForest,20,5,monetary_id,1.0867,1.0884,0.156,1.8862,0.095,51.11,0.36,50.67,0.77,0.2188,False
RandomForest,20,5,real_economy_id,1.0855,1.0884,0.266,1.8838,0.222,50.9,0.15,50.77,0.87,0.2188,False
RandomForest,20,5,All_Groups,1.0918,1.0884,-0.312,1.8978,-0.519,50.49,-0.26,51.45,1.55,0.7812,False
RandomForest,20,20,risk_global,2.1268,2.0972,-1.411,3.6795,-1.557,49.71,0.0,48.73,-0.06,0.5938,False
RandomForest,20,20,commodity_id,2.1195,2.0972,-1.063,3.6639,-1.126,49.6,-0.11,48.45,-0.34,0.9062,False
RandomForest,20,20,monetary_id,2.0952,2.0972,0.095,3.6191,0.11,49.87,0.16,49.09,0.3,0.1562,False
RandomForest,20,20,real_economy_id,2.0981,2.0972,-0.043,3.6238,-0.019,50.03,0.32,48.86,0.07,0.6875,False
RandomForest,20,20,All_Groups,2.1159,2.0972,-0.892,3.6557,-0.9,50.03,0.32,49.24,0.45,0.8125,False
RandomForest,120,1,risk_global,0.6598,0.6626,0.423,1.1601,0.352,51.45,-0.92,50.51,3.15,0.3125,False
RandomForest,120,1,commodity_id,0.6638,0.6626,-0.181,1.1678,-0.309,48.3,-4.07,44.51,-2.85,0.6875,False
RandomForest,120,1,monetary_id,0.6604,0.6626,0.332,1.1609,0.283,52.16,-0.21,48.0,0.64,0.1875,False
RandomForest,120,1,real_economy_id,0.6594,0.6626,0.483,1.1594,0.412,52.98,0.61,48.58,1.22,0.2188,False
RandomForest,120,1,All_Groups,0.6605,0.6626,0.317,1.1618,0.206,50.03,-2.34,48.83,1.47,0.4062,False
RandomForest,120,5,risk_global,1.0921,1.0882,-0.358,1.8963,-0.429,50.75,0.16,51.24,1.24,0.5938,False
RandomForest,120,5,commodity_id,1.091,1.0882,-0.257,1.8949,-0.355,50.03,-0.56,49.79,-0.21,0.7812,False
RandomForest,120,5,monetary_id,1.0858,1.0882,0.221,1.8848,0.18,50.95,0.36,49.87,-0.13,0.2188,False
RandomForest,120,5,real_economy_id,1.084,1.0882,0.386,1.882,0.328,50.59,0.0,49.78,-0.22,0.4062,False
RandomForest,120,5,All_Groups,1.0885,1.0882,-0.028,1.8903,-0.111,50.03,-0.56,49.34,-0.66,0.5,False
RandomForest,120,20,risk_global,2.1216,2.1073,-0.679,3.6652,-0.806,49.82,-0.42,48.96,0.26,0.5938,False
RandomForest,120,20,commodity_id,2.1303,2.1073,-1.091,3.6844,-1.334,49.92,-0.32,48.6,-0.1,0.6875,False
RandomForest,120,20,monetary_id,2.1039,2.1073,0.161,3.6306,0.146,50.03,-0.21,48.73,0.03,0.6875,False
RandomForest,120,20,real_economy_id,2.0956,2.1073,0.555,3.6168,0.525,49.76,-0.48,48.24,-0.46,0.3125,False
RandomForest,120,20,All_Groups,2.1089,2.1073,-0.076,3.6422,-0.173,50.13,-0.11,48.3,-0.4,0.5,False
ExtraTrees,20,1,risk_global,0.6581,0.6608,0.409,1.1573,0.344,52.32,0.51,52.07,3.82,0.0938,False
ExtraTrees,20,1,commodity_id,0.66,0.6608,0.121,1.1606,0.06,52.16,0.35,47.03,-1.22,0.2188,False
ExtraTrees,20,1,monetary_id,0.6589,0.6608,0.288,1.1592,0.181,52.37,0.56,52.02,3.77,0.3125,False
ExtraTrees,20,1,real_economy_id,0.6593,0.6608,0.227,1.1594,0.164,52.82,1.01,49.52,1.27,0.3125,False
ExtraTrees,20,1,All_Groups,0.6579,0.6608,0.439,1.1572,0.353,53.13,1.32,51.37,3.12,0.1562,False
ExtraTrees,20,5,risk_global,1.0881,1.0892,0.101,1.8903,-0.016,50.8,-0.31,51.56,1.14,0.5,False
ExtraTrees,20,5,commodity_id,1.0899,1.0892,-0.064,1.8923,-0.122,50.44,-0.67,51.45,1.03,0.6875,False
ExtraTrees,20,5,monetary_id,1.0852,1.0892,0.367,1.8837,0.333,50.9,-0.21,51.54,1.12,0.1562,False
ExtraTrees,20,5,real_economy_id,1.0858,1.0892,0.312,1.8851,0.259,50.85,-0.26,50.62,0.2,0.3125,False
ExtraTrees,20,5,All_Groups,1.0848,1.0892,0.404,1.8839,0.323,50.8,-0.31,50.61,0.19,0.3125,False
ExtraTrees,20,20,risk_global,2.1144,2.1004,-0.667,3.6496,-0.615,49.5,-0.32,48.22,-0.45,0.6875,False
ExtraTrees,20,20,commodity_id,2.1048,2.1004,-0.209,3.6361,-0.243,49.29,-0.53,48.78,0.11,0.8438,False
ExtraTrees,20,20,monetary_id,2.1076,2.1004,-0.343,3.6404,-0.361,49.82,0.0,49.11,0.44,0.8438,False
ExtraTrees,20,20,real_economy_id,2.0992,2.1004,0.057,3.6247,0.072,49.87,0.05,48.91,0.24,0.5,False
ExtraTrees,20,20,All_Groups,2.105,2.1004,-0.219,3.6338,-0.179,49.97,0.15,49.83,1.16,0.6875,False
ExtraTrees,120,1,risk_global,0.6582,0.6599,0.258,1.1577,0.233,52.32,-0.25,51.19,3.29,0.0625,False
ExtraTrees,120,1,commodity_id,0.6585,0.6599,0.212,1.1585,0.164,51.65,-0.92,46.56,-1.34,0.2188,False
ExtraTrees,120,1,monetary_id,0.6591,0.6599,0.121,1.1593,0.095,51.55,-1.02,49.95,2.05,0.4062,False
ExtraTrees,120,1,real_economy_id,0.6584,0.6599,0.227,1.1581,0.198,52.62,0.05,49.87,1.97,0.125,False
ExtraTrees,120,1,All_Groups,0.6586,0.6599,0.197,1.1586,0.155,50.79,-1.78,47.77,-0.13,0.4062,False
ExtraTrees,120,5,risk_global,1.0859,1.0869,0.092,1.8856,0.037,49.92,-0.83,49.91,-0.29,0.6875,False
ExtraTrees,120,5,commodity_id,1.0851,1.0869,0.166,1.8849,0.074,50.39,-0.36,50.37,0.17,0.5,False
ExtraTrees,120,5,monetary_id,1.0839,1.0869,0.276,1.8814,0.26,50.59,-0.16,50.19,-0.01,0.3125,False
ExtraTrees,120,5,real_economy_id,1.083,1.0869,0.359,1.8804,0.313,50.69,-0.06,50.41,0.21,0.1562,False
ExtraTrees,120,5,All_Groups,1.0823,1.0869,0.423,1.8793,0.371,50.13,-0.62,49.73,-0.47,0.0625,False
ExtraTrees,120,20,risk_global,2.1038,2.1053,0.071,3.6297,0.066,50.08,-0.16,49.47,-0.47,0.4062,False
ExtraTrees,120,20,commodity_id,2.0992,2.1053,0.29,3.6245,0.209,50.03,-0.21,49.76,-0.18,0.2188,False
ExtraTrees,120,20,monetary_id,2.1052,2.1053,0.005,3.6325,-0.011,49.92,-0.32,49.02,-0.92,0.7812,False
ExtraTrees,120,20,real_economy_id,2.0994,2.1053,0.28,3.6223,0.27,49.97,-0.27,49.57,-0.37,0.1562,False
ExtraTrees,120,20,All_Groups,2.1049,2.1053,0.019,3.6336,-0.041,49.97,-0.27,49.28,-0.66,0.5,False
XGBoost,20,1,risk_global,0.7139,0.7096,-0.606,1.2608,-1.009,51.4,1.37,49.57,3.47,0.6875,False
XGBoost,20,1,commodity_id,0.718,0.7096,-1.184,1.2683,-1.61,50.38,0.35,49.98,3.88,0.6875,False
XGBoost,20,1,monetary_id,0.7073,0.7096,0.324,1.245,0.256,51.6,1.57,51.71,5.61,0.4062,False
XGBoost,20,1,real_economy_id,0.6982,0.7096,1.607,1.2303,1.434,51.7,1.67,46.8,0.7,0.0938,False
XGBoost,20,1,All_Groups,0.7105,0.7096,-0.127,1.255,-0.545,51.7,1.67,54.32,8.22,0.5938,False
XGBoost,20,5,risk_global,1.2019,1.1688,-2.832,2.1063,-3.636,50.08,-1.8,49.87,-1.9,0.8438,False
XGBoost,20,5,commodity_id,1.1653,1.1688,0.299,2.0413,-0.438,50.64,-1.24,50.65,-1.12,0.6875,False
XGBoost,20,5,monetary_id,1.1693,1.1688,-0.043,2.0448,-0.61,50.95,-0.93,52.82,1.05,0.5,False
XGBoost,20,5,real_economy_id,1.1484,1.1688,1.745,2.0012,1.535,51.21,-0.67,52.7,0.93,0.2188,False
XGBoost,20,5,All_Groups,1.2044,1.1688,-3.046,2.0995,-3.302,51.67,-0.21,52.85,1.08,0.7812,False
XGBoost,20,20,risk_global,2.6124,2.3139,-12.9,4.5517,-13.066,49.23,-0.8,50.07,0.93,0.9375,False
XGBoost,20,20,commodity_id,2.4556,2.3139,-6.124,4.2942,-6.67,48.71,-1.32,47.21,-1.93,0.6875,False
XGBoost,20,20,monetary_id,2.3487,2.3139,-1.504,4.0834,-1.433,48.65,-1.38,47.26,-1.88,0.6875,False
XGBoost,20,20,real_economy_id,2.443,2.3139,-5.579,4.2428,-5.393,48.92,-1.11,48.98,-0.16,0.9062,False
XGBoost,20,20,All_Groups,2.4362,2.3139,-5.285,4.2533,-5.654,50.24,0.21,48.08,-1.06,0.8438,False
XGBoost,120,1,risk_global,0.7058,0.709,0.451,1.2452,0.12,51.7,1.62,53.43,4.42,0.5,False
XGBoost,120,1,commodity_id,0.7198,0.709,-1.523,1.2732,-2.126,49.77,-0.31,49.98,0.97,0.7812,False
XGBoost,120,1,monetary_id,0.6996,0.709,1.326,1.2312,1.243,52.06,1.98,52.47,3.46,0.0625,False
XGBoost,120,1,real_economy_id,0.7054,0.709,0.508,1.2408,0.473,50.53,0.45,48.46,-0.55,0.3125,False
XGBoost,120,1,All_Groups,0.695,0.709,1.975,1.2264,1.628,51.25,1.17,51.89,2.88,0.3125,False
XGBoost,120,5,risk_global,1.2014,1.1749,-2.256,2.1017,-3.141,48.84,-2.16,50.87,-0.1,0.7812,False
XGBoost,120,5,commodity_id,1.202,1.1749,-2.307,2.1008,-3.097,48.84,-2.16,50.93,-0.04,0.6875,False
XGBoost,120,5,monetary_id,1.1566,1.1749,1.558,2.0159,1.07,50.13,-0.87,49.71,-1.26,0.4062,False
XGBoost,120,5,real_economy_id,1.1757,1.1749,-0.068,2.0453,-0.373,49.2,-1.8,46.5,-4.47,0.6875,False
XGBoost,120,5,All_Groups,1.1911,1.1749,-1.379,2.0856,-2.351,49.0,-2.0,50.73,-0.24,0.6875,False
XGBoost,120,20,risk_global,2.4194,2.373,-1.955,4.2063,-2.341,48.44,0.37,47.82,1.43,0.6875,False
XGBoost,120,20,commodity_id,2.5313,2.373,-6.671,4.4294,-7.769,48.44,0.37,47.32,0.93,0.6875,False
XGBoost,120,20,monetary_id,2.2554,2.373,4.956,3.908,4.917,49.92,1.85,49.51,3.12,0.0312,True
XGBoost,120,20,real_economy_id,2.3072,2.373,2.773,4.0025,2.618,49.71,1.64,48.14,1.75,0.1562,False
XGBoost,120,20,All_Groups,2.4137,2.373,-1.715,4.206,-2.333,47.92,-0.15,49.45,3.06,0.6875,False
LightGBM,20,1,risk_global,0.7094,0.7057,-0.524,1.2531,-0.967,52.37,0.26,51.93,0.78,0.6875,False
LightGBM,20,1,commodity_id,0.7208,0.7057,-2.14,1.2741,-2.659,50.38,-1.73,49.16,-1.99,0.7812,False
LightGBM,20,1,monetary_id,0.709,0.7057,-0.468,1.2494,-0.669,51.7,-0.41,54.45,3.3,0.6875,False
LightGBM,20,1,real_economy_id,0.702,0.7057,0.524,1.2351,0.483,52.16,0.05,50.92,-0.23,0.3125,False
LightGBM,20,1,All_Groups,0.7013,0.7057,0.623,1.2388,0.185,53.33,1.22,54.49,3.34,0.4062,False
LightGBM,20,5,risk_global,1.1956,1.1676,-2.398,2.0857,-2.27,50.8,-0.41,54.29,4.17,0.7812,False
LightGBM,20,5,commodity_id,1.1766,1.1676,-0.771,2.0605,-1.035,51.16,-0.05,52.49,2.37,0.5938,False
LightGBM,20,5,monetary_id,1.1912,1.1676,-2.021,2.0794,-1.961,50.59,-0.62,52.73,2.61,0.9375,False
LightGBM,20,5,real_economy_id,1.1657,1.1676,0.163,2.0314,0.392,50.03,-1.18,49.33,-0.79,0.4062,False
LightGBM,20,5,All_Groups,1.1971,1.1676,-2.527,2.0959,-2.77,50.49,-0.72,51.78,1.66,0.6875,False
LightGBM,20,20,risk_global,2.4587,2.3094,-6.465,4.2967,-6.886,49.66,-0.16,48.44,0.65,0.7812,False
LightGBM,20,20,commodity_id,2.4536,2.3094,-6.244,4.2975,-6.906,47.92,-1.9,44.63,-3.16,0.8438,False
LightGBM,20,20,monetary_id,2.3258,2.3094,-0.71,4.0527,-0.816,49.45,-0.37,47.33,-0.46,0.5938,False
LightGBM,20,20,real_economy_id,2.4104,2.3094,-4.373,4.2086,-4.694,48.02,-1.8,47.16,-0.63,1.0,False
LightGBM,20,20,All_Groups,2.5271,2.3094,-9.427,4.4215,-9.99,48.81,-1.01,49.18,1.39,0.9062,False
LightGBM,120,1,risk_global,0.7078,0.7043,-0.497,1.2491,-0.766,50.28,-0.31,52.8,1.96,0.6875,False
LightGBM,120,1,commodity_id,0.7212,0.7043,-2.4,1.2746,-2.823,48.96,-1.63,48.7,-2.14,0.8438,False
LightGBM,120,1,monetary_id,0.7013,0.7043,0.426,1.234,0.452,50.43,-0.16,48.28,-2.56,0.0938,False
LightGBM,120,1,real_economy_id,0.7098,0.7043,-0.781,1.2506,-0.887,50.84,0.25,50.36,-0.48,0.8438,False
LightGBM,120,1,All_Groups,0.7006,0.7043,0.525,1.2379,0.137,51.4,0.81,56.73,5.89,0.4062,False
LightGBM,120,5,risk_global,1.2251,1.1848,-3.401,2.1409,-3.766,49.61,-0.26,50.41,1.12,0.7812,False
LightGBM,120,5,commodity_id,1.1893,1.1848,-0.38,2.0837,-0.994,49.87,0.0,53.08,3.79,0.4062,False
LightGBM,120,5,monetary_id,1.1711,1.1848,1.156,2.0402,1.115,49.97,0.1,49.85,0.56,0.1562,False
LightGBM,120,5,real_economy_id,1.1898,1.1848,-0.422,2.076,-0.62,49.61,-0.26,49.1,-0.19,0.6875,False
LightGBM,120,5,All_Groups,1.2117,1.1848,-2.27,2.1229,-2.894,48.84,-1.03,51.67,2.38,0.6875,False
LightGBM,120,20,risk_global,2.4306,2.3944,-1.512,4.2145,-1.846,49.13,0.58,48.11,1.43,0.6875,False
LightGBM,120,20,commodity_id,2.6133,2.3944,-9.142,4.5769,-10.604,47.65,-0.9,46.44,-0.24,0.9062,False
LightGBM,120,20,monetary_id,2.2423,2.3944,6.352,3.8756,6.343,49.82,1.27,49.0,2.32,0.2188,False
LightGBM,120,20,real_economy_id,2.3906,2.3944,0.159,4.1464,-0.201,49.23,0.68,46.49,-0.19,0.3125,False
LightGBM,120,20,All_Groups,2.6394,2.3944,-10.232,4.6142,-11.505,47.02,-1.53,48.34,1.66,0.9375,False
