Model,Covariates,Window,Horizon,mape,mae,rmse,r2,da,mase,hit_large,baseline_mape,mape_impr_pct,mape_impr_abs,grp_order
ExtraTrees,Baseline,20,1,0.5053,35.9237,47.9365,0.9719,53.61,0.971,45.26,0.5053,0.0,0.0,0
ExtraTrees,Sig_Macro,20,1,0.505,35.8991,47.865,0.972,53.42,0.9704,51.09,0.5053,0.059,0.0003,1
ExtraTrees,Sig_Commodity,20,1,0.504,35.8277,47.7757,0.9721,54.75,0.9684,54.01,0.5053,0.257,0.0013,2
ExtraTrees,Sig_All,20,1,0.5053,35.9246,47.8868,0.9719,54.37,0.971,56.2,0.5053,0.0,0.0,4
ExtraTrees,All_Macro,20,1,0.5051,35.9107,47.9207,0.9719,52.28,0.9707,49.64,0.5053,0.04,0.0002,5
ExtraTrees,All_Commodity_Regional,20,1,0.5047,35.8806,47.7975,0.972,53.8,0.9699,51.09,0.5053,0.119,0.0006,6
ExtraTrees,All_Covariates,20,1,0.5057,35.9481,47.9064,0.9719,53.61,0.9717,48.91,0.5053,-0.079,-0.0004,7
ExtraTrees,Baseline,120,1,0.5058,35.9609,47.9527,0.9719,52.28,0.972,45.99,0.5058,0.0,0.0,0
ExtraTrees,Sig_Macro,120,1,0.506,35.9734,47.9335,0.9719,52.66,0.9724,50.36,0.5058,-0.04,-0.0002,1
ExtraTrees,Sig_Commodity,120,1,0.5053,35.9182,47.9319,0.9719,53.8,0.9709,46.72,0.5058,0.099,0.0005,2
ExtraTrees,Sig_All,120,1,0.5052,35.9095,47.8964,0.9719,53.23,0.9706,49.64,0.5058,0.119,0.0006,4
ExtraTrees,All_Macro,120,1,0.5061,35.9817,47.9667,0.9718,51.14,0.9726,46.72,0.5058,-0.059,-0.0003,5
ExtraTrees,All_Commodity_Regional,120,1,0.5048,35.8882,47.8704,0.972,54.18,0.9701,52.55,0.5058,0.198,0.001,6
ExtraTrees,All_Covariates,120,1,0.5049,35.8946,47.9089,0.9719,52.47,0.9702,52.55,0.5058,0.178,0.0009,7
LightGBM,Baseline,20,1,0.5046,35.8743,47.886,0.9719,54.18,0.9697,51.82,0.5046,0.0,0.0,0
LightGBM,Sig_Macro,20,1,0.5026,35.7211,47.783,0.9721,53.8,0.9655,53.28,0.5046,0.396,0.002,1
LightGBM,Sig_Commodity,20,1,0.5051,35.8997,48.0827,0.9717,54.37,0.9704,62.04,0.5046,-0.099,-0.0005,2
LightGBM,Sig_All,20,1,0.5055,35.918,47.9124,0.9719,53.99,0.9709,62.04,0.5046,-0.178,-0.0009,4
LightGBM,All_Macro,20,1,0.5066,36.0019,47.9951,0.9718,52.09,0.9731,53.28,0.5046,-0.396,-0.002,5
LightGBM,All_Commodity_Regional,20,1,0.5059,35.9591,47.942,0.9719,53.23,0.972,61.31,0.5046,-0.258,-0.0013,6
LightGBM,All_Covariates,20,1,0.5055,35.9242,47.8886,0.9719,52.85,0.971,59.85,0.5046,-0.178,-0.0009,7
LightGBM,Baseline,120,1,0.5099,36.2415,47.9846,0.9718,50.57,0.9796,56.93,0.5099,0.0,0.0,0
LightGBM,Sig_Macro,120,1,0.5099,36.2374,48.293,0.9715,47.91,0.9795,46.72,0.5099,0.0,0.0,1
LightGBM,Sig_Commodity,120,1,0.5092,36.1897,48.6151,0.9711,53.61,0.9782,60.58,0.5099,0.137,0.0007,2
LightGBM,Sig_All,120,1,0.5074,36.0533,48.5878,0.9711,53.23,0.9745,56.93,0.5099,0.49,0.0025,4
LightGBM,All_Macro,120,1,0.511,36.3226,48.1942,0.9716,50.57,0.9818,49.64,0.5099,-0.216,-0.0011,5
LightGBM,All_Commodity_Regional,120,1,0.5043,35.8365,48.253,0.9715,52.47,0.9687,55.47,0.5099,1.098,0.0056,6
LightGBM,All_Covariates,120,1,0.5033,35.7727,48.0291,0.9718,53.23,0.9669,59.85,0.5099,1.294,0.0066,7
RandomForest,Baseline,20,1,0.5072,36.0552,48.1598,0.9716,51.71,0.9746,43.07,0.5072,0.0,0.0,0
RandomForest,Sig_Macro,20,1,0.506,35.9646,48.0701,0.9717,52.85,0.9721,48.18,0.5072,0.237,0.0012,1
RandomForest,Sig_Commodity,20,1,0.5045,35.8628,47.8762,0.9719,53.04,0.9694,53.28,0.5072,0.532,0.0027,2
RandomForest,Sig_All,20,1,0.504,35.8227,47.8698,0.972,53.61,0.9683,51.82,0.5072,0.631,0.0032,4
RandomForest,All_Macro,20,1,0.5095,36.2131,48.3523,0.9714,51.14,0.9788,45.99,0.5072,-0.453,-0.0023,5
RandomForest,All_Commodity_Regional,20,1,0.5057,35.9469,47.961,0.9718,52.47,0.9716,53.28,0.5072,0.296,0.0015,6
RandomForest,All_Covariates,20,1,0.5067,36.0124,48.077,0.9717,51.14,0.9734,53.28,0.5072,0.099,0.0005,7
RandomForest,Baseline,120,1,0.5069,36.0323,48.1029,0.9717,52.28,0.974,43.8,0.5069,0.0,0.0,0
RandomForest,Sig_Macro,120,1,0.507,36.0418,48.1567,0.9716,53.61,0.9742,46.72,0.5069,-0.02,-0.0001,1
RandomForest,Sig_Commodity,120,1,0.5044,35.8529,47.8738,0.9719,53.42,0.9691,51.82,0.5069,0.493,0.0025,2
RandomForest,Sig_All,120,1,0.5047,35.8774,47.9289,0.9719,54.94,0.9698,51.82,0.5069,0.434,0.0022,4
RandomForest,All_Macro,120,1,0.5104,36.2815,48.3555,0.9714,49.05,0.9807,43.8,0.5069,-0.69,-0.0035,5
RandomForest,All_Commodity_Regional,120,1,0.506,35.9661,47.9786,0.9718,51.9,0.9722,53.28,0.5069,0.178,0.0009,6
RandomForest,All_Covariates,120,1,0.5072,36.05,48.1188,0.9717,52.28,0.9744,51.82,0.5069,-0.059,-0.0003,7
XGBoost,Baseline,20,1,0.504,35.8316,47.8082,0.972,53.42,0.9685,51.82,0.504,0.0,0.0,0
XGBoost,Sig_Macro,20,1,0.5019,35.6695,47.6549,0.9722,53.23,0.9641,56.93,0.504,0.417,0.0021,1
XGBoost,Sig_Commodity,20,1,0.5089,36.1555,48.1818,0.9716,53.42,0.9773,59.12,0.504,-0.972,-0.0049,2
XGBoost,Sig_All,20,1,0.5055,35.9105,47.8863,0.9719,55.51,0.9707,58.39,0.504,-0.298,-0.0015,4
XGBoost,All_Macro,20,1,0.5073,36.048,48.0044,0.9718,49.05,0.9744,48.91,0.504,-0.655,-0.0033,5
XGBoost,All_Commodity_Regional,20,1,0.5083,36.1177,48.2155,0.9715,55.13,0.9763,58.39,0.504,-0.853,-0.0043,6
XGBoost,All_Covariates,20,1,0.5075,36.0582,47.9067,0.9719,54.18,0.9747,59.85,0.504,-0.694,-0.0035,7
XGBoost,Baseline,120,1,0.5139,36.5146,48.1526,0.9716,49.05,0.987,51.82,0.5139,0.0,0.0,0
XGBoost,Sig_Macro,120,1,0.5138,36.5116,48.4949,0.9712,51.33,0.9869,53.28,0.5139,0.019,0.0001,1
XGBoost,Sig_Commodity,120,1,0.5095,36.1978,48.6124,0.9711,52.09,0.9784,57.66,0.5139,0.856,0.0044,2
XGBoost,Sig_All,120,1,0.5085,36.1233,48.6151,0.9711,50.95,0.9764,54.74,0.5139,1.051,0.0054,4
XGBoost,All_Macro,120,1,0.5131,36.473,48.4158,0.9713,49.81,0.9859,52.55,0.5139,0.156,0.0008,5
XGBoost,All_Commodity_Regional,120,1,0.5029,35.7469,48.3285,0.9714,54.37,0.9662,56.93,0.5139,2.14,0.011,6
XGBoost,All_Covariates,120,1,0.5058,35.9478,48.2481,0.9715,51.52,0.9717,56.2,0.5139,1.576,0.0081,7
ExtraTrees,Baseline,20,5,0.8533,60.6595,79.7646,0.9224,47.71,1.6396,51.09,0.8533,0.0,0.0,0
ExtraTrees,Sig_Macro,20,5,0.8523,60.5757,79.6029,0.9227,47.71,1.6374,51.82,0.8533,0.117,0.001,1
ExtraTrees,Sig_Commodity,20,5,0.8504,60.4457,79.5051,0.9229,49.43,1.6338,54.01,0.8533,0.34,0.0029,2
ExtraTrees,Sig_All,20,5,0.8511,60.5023,79.5449,0.9229,48.09,1.6354,53.28,0.8533,0.258,0.0022,4
ExtraTrees,All_Macro,20,5,0.8582,61.0007,80.1181,0.9217,46.95,1.6488,51.82,0.8533,-0.574,-0.0049,5
ExtraTrees,All_Commodity_Regional,20,5,0.8527,60.6126,79.6803,0.9226,48.28,1.6384,53.28,0.8533,0.07,0.0006,6
ExtraTrees,All_Covariates,20,5,0.8542,60.7175,79.8315,0.9223,48.09,1.6412,54.01,0.8533,-0.105,-0.0009,7
ExtraTrees,Baseline,120,5,0.8528,60.6222,79.7349,0.9225,48.28,1.6386,52.55,0.8528,0.0,0.0,0
ExtraTrees,Sig_Macro,120,5,0.8529,60.6216,79.7871,0.9224,47.9,1.6386,50.36,0.8528,-0.012,-0.0001,1
ExtraTrees,Sig_Commodity,120,5,0.8534,60.6592,79.7695,0.9224,48.47,1.6396,53.28,0.8528,-0.07,-0.0006,2
ExtraTrees,Sig_All,120,5,0.8536,60.6768,79.7139,0.9225,48.09,1.6401,52.55,0.8528,-0.094,-0.0008,4
ExtraTrees,All_Macro,120,5,0.8562,60.8594,79.9543,0.9221,48.09,1.645,54.01,0.8528,-0.399,-0.0034,5
ExtraTrees,All_Commodity_Regional,120,5,0.8511,60.4956,79.4601,0.923,48.66,1.6352,53.28,0.8528,0.199,0.0017,6
ExtraTrees,All_Covariates,120,5,0.855,60.7734,79.9122,0.9221,48.09,1.6427,51.82,0.8528,-0.258,-0.0022,7
LightGBM,Baseline,20,5,0.8531,60.6346,79.6521,0.9226,48.28,1.6389,51.09,0.8531,0.0,0.0,0
LightGBM,Sig_Macro,20,5,0.8458,60.1175,79.3686,0.9232,48.28,1.625,54.01,0.8531,0.856,0.0073,1
LightGBM,Sig_Commodity,20,5,0.8365,59.4387,78.7038,0.9245,47.71,1.6066,55.47,0.8531,1.946,0.0166,2
LightGBM,Sig_All,20,5,0.8313,59.0691,78.3887,0.9251,48.09,1.5966,55.47,0.8531,2.555,0.0218,4
LightGBM,All_Macro,20,5,0.8494,60.3779,79.6351,0.9227,47.52,1.632,51.09,0.8531,0.434,0.0037,5
LightGBM,All_Commodity_Regional,20,5,0.8274,58.8277,78.1938,0.9255,46.76,1.5901,55.47,0.8531,3.013,0.0257,6
LightGBM,All_Covariates,20,5,0.8256,58.6917,78.0862,0.9257,46.95,1.5864,55.47,0.8531,3.224,0.0275,7
LightGBM,Baseline,120,5,0.8514,60.5001,79.6434,0.9227,47.52,1.6353,54.74,0.8514,0.0,0.0,0
LightGBM,Sig_Macro,120,5,0.8544,60.7499,79.8939,0.9222,48.09,1.6421,54.74,0.8514,-0.352,-0.003,1
LightGBM,Sig_Commodity,120,5,0.8344,59.2683,79.0976,0.9237,49.05,1.602,56.93,0.8514,1.997,0.017,2
LightGBM,Sig_All,120,5,0.8384,59.558,78.4805,0.9249,48.47,1.6098,56.93,0.8514,1.527,0.013,4
LightGBM,All_Macro,120,5,0.865,61.5039,80.7713,0.9205,46.76,1.6624,51.82,0.8514,-1.597,-0.0136,5
LightGBM,All_Commodity_Regional,120,5,0.8269,58.8328,78.399,0.9251,48.28,1.5902,56.93,0.8514,2.878,0.0245,6
LightGBM,All_Covariates,120,5,0.8302,59.0591,78.5009,0.9249,49.24,1.5964,63.5,0.8514,2.49,0.0212,7
RandomForest,Baseline,20,5,0.8522,60.5674,79.7912,0.9224,47.52,1.6371,51.09,0.8522,0.0,0.0,0
RandomForest,Sig_Macro,20,5,0.8561,60.8468,80.1278,0.9217,48.66,1.6447,51.82,0.8522,-0.458,-0.0039,1
RandomForest,Sig_Commodity,20,5,0.8518,60.5434,79.6096,0.9227,48.09,1.6365,53.28,0.8522,0.047,0.0004,2
RandomForest,Sig_All,20,5,0.8542,60.7186,80.0219,0.9219,49.24,1.6412,52.55,0.8522,-0.235,-0.002,4
RandomForest,All_Macro,20,5,0.8728,61.9908,81.3887,0.9192,48.47,1.6756,50.36,0.8522,-2.417,-0.0206,5
RandomForest,All_Commodity_Regional,20,5,0.8521,60.5684,79.7951,0.9224,48.47,1.6372,52.55,0.8522,0.012,0.0001,6
RandomForest,All_Covariates,20,5,0.8656,61.4907,80.7548,0.9205,47.71,1.6621,49.64,0.8522,-1.572,-0.0134,7
RandomForest,Baseline,120,5,0.8526,60.5931,79.8915,0.9222,47.9,1.6378,51.82,0.8526,0.0,0.0,0
RandomForest,Sig_Macro,120,5,0.8558,60.8214,80.1371,0.9217,48.28,1.644,51.82,0.8526,-0.375,-0.0032,1
RandomForest,Sig_Commodity,120,5,0.852,60.5569,79.7002,0.9226,47.9,1.6368,53.28,0.8526,0.07,0.0006,2
RandomForest,Sig_All,120,5,0.8544,60.728,80.0216,0.9219,48.47,1.6415,52.55,0.8526,-0.211,-0.0018,4
RandomForest,All_Macro,120,5,0.8701,61.7999,81.1103,0.9198,48.09,1.6704,51.09,0.8526,-2.053,-0.0175,5
RandomForest,All_Commodity_Regional,120,5,0.8525,60.5909,79.8632,0.9222,48.09,1.6378,53.28,0.8526,0.012,0.0001,6
RandomForest,All_Covariates,120,5,0.8643,61.4084,80.5775,0.9208,48.66,1.6599,51.82,0.8526,-1.372,-0.0117,7
XGBoost,Baseline,20,5,0.8538,60.6734,79.5412,0.9229,47.71,1.64,52.55,0.8538,0.0,0.0,0
XGBoost,Sig_Macro,20,5,0.8383,59.5454,78.469,0.9249,48.47,1.6095,55.47,0.8538,1.815,0.0155,1
XGBoost,Sig_Commodity,20,5,0.8361,59.398,78.7349,0.9244,48.85,1.6055,52.55,0.8538,2.073,0.0177,2
XGBoost,Sig_All,20,5,0.8263,58.6666,77.6734,0.9264,48.28,1.5858,54.74,0.8538,3.221,0.0275,4
XGBoost,All_Macro,20,5,0.8436,59.9478,78.6904,0.9245,48.47,1.6204,54.01,0.8538,1.195,0.0102,5
XGBoost,All_Commodity_Regional,20,5,0.8266,58.7647,78.3584,0.9251,47.9,1.5884,53.28,0.8538,3.186,0.0272,6
XGBoost,All_Covariates,20,5,0.8202,58.2865,77.4056,0.9269,48.28,1.5755,55.47,0.8538,3.935,0.0336,7
XGBoost,Baseline,120,5,0.8594,61.0457,80.209,0.9216,47.71,1.6501,54.74,0.8594,0.0,0.0,0
XGBoost,Sig_Macro,120,5,0.8575,60.9119,79.7366,0.9225,46.76,1.6464,49.64,0.8594,0.221,0.0019,1
XGBoost,Sig_Commodity,120,5,0.8336,59.1892,79.3729,0.9232,49.24,1.5999,54.01,0.8594,3.002,0.0258,2
XGBoost,Sig_All,120,5,0.8388,59.5564,78.9387,0.924,47.9,1.6098,54.01,0.8594,2.397,0.0206,4
XGBoost,All_Macro,120,5,0.8599,61.1516,80.2401,0.9215,47.14,1.6529,54.74,0.8594,-0.058,-0.0005,5
XGBoost,All_Commodity_Regional,120,5,0.8235,58.5494,77.9576,0.9259,48.66,1.5826,56.2,0.8594,4.177,0.0359,6
XGBoost,All_Covariates,120,5,0.8296,58.9521,78.143,0.9255,48.66,1.5935,55.47,0.8594,3.468,0.0298,7
ExtraTrees,Baseline,20,20,1.385,98.8868,141.3147,0.7587,48.75,2.6729,53.68,1.385,0.0,0.0,0
ExtraTrees,Sig_Macro,20,20,1.3899,99.2383,141.8297,0.7569,48.94,2.6824,53.68,1.385,-0.354,-0.0049,1
ExtraTrees,Sig_Commodity,20,20,1.3951,99.6195,142.91,0.7532,48.55,2.6927,54.41,1.385,-0.729,-0.0101,2
ExtraTrees,Sig_All,20,20,1.3914,99.3398,141.9343,0.7565,48.36,2.6851,53.68,1.385,-0.462,-0.0064,4
ExtraTrees,All_Macro,20,20,1.4,99.9533,143.0853,0.7526,48.75,2.7017,52.21,1.385,-1.083,-0.015,5
ExtraTrees,All_Commodity_Regional,20,20,1.3937,99.5224,142.3285,0.7552,48.55,2.6901,52.94,1.385,-0.628,-0.0087,6
ExtraTrees,All_Covariates,20,20,1.4007,99.9914,142.9071,0.7532,48.55,2.7028,52.21,1.385,-1.134,-0.0157,7
ExtraTrees,Baseline,120,20,1.3843,98.8245,141.2957,0.7587,49.33,2.6712,54.41,1.3843,0.0,0.0,0
ExtraTrees,Sig_Macro,120,20,1.385,98.8673,141.5059,0.758,49.71,2.6724,53.68,1.3843,-0.051,-0.0007,1
ExtraTrees,Sig_Commodity,120,20,1.3849,98.8411,141.2344,0.7589,48.94,2.6717,53.68,1.3843,-0.043,-0.0006,2
ExtraTrees,Sig_All,120,20,1.3884,99.1116,141.7761,0.7571,49.33,2.679,53.68,1.3843,-0.296,-0.0041,4
ExtraTrees,All_Macro,120,20,1.3859,98.9233,141.9363,0.7565,49.13,2.6739,53.68,1.3843,-0.116,-0.0016,5
ExtraTrees,All_Commodity_Regional,120,20,1.3853,98.886,140.9864,0.7598,49.13,2.6729,53.68,1.3843,-0.072,-0.001,6
ExtraTrees,All_Covariates,120,20,1.3849,98.8459,141.5591,0.7578,49.13,2.6718,52.94,1.3843,-0.043,-0.0006,7
LightGBM,Baseline,20,20,1.3996,99.9117,142.3469,0.7551,49.33,2.7006,52.21,1.3996,0.0,0.0,0
LightGBM,Sig_Macro,20,20,1.4103,100.6697,143.7357,0.7503,49.13,2.7211,53.68,1.3996,-0.765,-0.0107,1
LightGBM,Sig_Commodity,20,20,1.3482,96.3869,141.3203,0.7586,49.71,2.6053,55.15,1.3996,3.672,0.0514,2
LightGBM,Sig_All,20,20,1.3574,96.9812,141.9137,0.7566,49.13,2.6214,52.94,1.3996,3.015,0.0422,4
LightGBM,All_Macro,20,20,1.4317,102.2164,148.0308,0.7352,48.36,2.7629,52.21,1.3996,-2.294,-0.0321,5
LightGBM,All_Commodity_Regional,20,20,1.3649,97.6015,141.587,0.7577,49.52,2.6382,56.62,1.3996,2.479,0.0347,6
LightGBM,All_Covariates,20,20,1.4082,100.6595,146.4928,0.7407,48.17,2.7208,54.41,1.3996,-0.614,-0.0086,7
LightGBM,Baseline,120,20,1.3849,98.751,138.0916,0.7696,47.21,2.6692,52.94,1.3849,0.0,0.0,0
LightGBM,Sig_Macro,120,20,1.4051,100.1719,138.2501,0.769,47.59,2.7076,50.0,1.3849,-1.459,-0.0202,1
LightGBM,Sig_Commodity,120,20,1.3708,97.8496,138.1134,0.7695,49.52,2.6449,52.94,1.3849,1.018,0.0141,2
LightGBM,Sig_All,120,20,1.3467,96.1769,134.0382,0.7829,49.13,2.5997,54.41,1.3849,2.758,0.0382,4
LightGBM,All_Macro,120,20,1.4236,101.4909,144.4509,0.7478,48.17,2.7433,53.68,1.3849,-2.794,-0.0387,5
LightGBM,All_Commodity_Regional,120,20,1.3323,95.1389,133.1232,0.7858,48.17,2.5716,55.15,1.3849,3.798,0.0526,6
LightGBM,All_Covariates,120,20,1.3567,96.7671,135.5216,0.778,47.98,2.6156,53.68,1.3849,2.036,0.0282,7
RandomForest,Baseline,20,20,1.392,99.4072,143.0187,0.7528,49.9,2.687,54.41,1.392,0.0,0.0,0
RandomForest,Sig_Macro,20,20,1.3891,99.1805,142.3324,0.7552,50.1,2.6808,54.41,1.392,0.208,0.0029,1
RandomForest,Sig_Commodity,20,20,1.3992,99.8976,143.4713,0.7512,49.33,2.7002,54.41,1.392,-0.517,-0.0072,2
RandomForest,Sig_All,20,20,1.4057,100.3843,144.5015,0.7477,49.9,2.7134,54.41,1.392,-0.984,-0.0137,4
RandomForest,All_Macro,20,20,1.4962,106.6616,154.8705,0.7101,49.33,2.8831,52.21,1.392,-7.486,-0.1042,5
RandomForest,All_Commodity_Regional,20,20,1.4051,100.3397,144.3843,0.7481,49.13,2.7122,54.41,1.392,-0.941,-0.0131,6
RandomForest,All_Covariates,20,20,1.475,105.2288,152.7445,0.7181,49.71,2.8443,52.21,1.392,-5.963,-0.083,7
RandomForest,Baseline,120,20,1.3892,99.1823,142.7713,0.7537,49.33,2.6809,52.94,1.3892,0.0,0.0,0
RandomForest,Sig_Macro,120,20,1.3818,98.6576,141.1244,0.7593,50.1,2.6667,52.94,1.3892,0.533,0.0074,1
RandomForest,Sig_Commodity,120,20,1.3962,99.6543,142.9825,0.7529,49.13,2.6936,52.94,1.3892,-0.504,-0.007,2
RandomForest,Sig_All,120,20,1.3877,99.0663,142.2729,0.7554,50.1,2.6778,52.94,1.3892,0.108,0.0015,4
RandomForest,All_Macro,120,20,1.4663,104.5433,150.8172,0.7251,49.52,2.8258,50.74,1.3892,-5.55,-0.0771,5
RandomForest,All_Commodity_Regional,120,20,1.3989,99.8862,143.4896,0.7512,49.13,2.6999,52.94,1.3892,-0.698,-0.0097,6
RandomForest,All_Covariates,120,20,1.4511,103.5222,149.7139,0.7291,48.94,2.7982,50.74,1.3892,-4.456,-0.0619,7
XGBoost,Baseline,20,20,1.3948,99.5365,141.6669,0.7575,48.36,2.6905,52.21,1.3948,0.0,0.0,0
XGBoost,Sig_Macro,20,20,1.3865,98.9599,141.6288,0.7576,48.55,2.6749,52.94,1.3948,0.595,0.0083,1
XGBoost,Sig_Commodity,20,20,1.3446,96.0543,141.6651,0.7575,49.52,2.5963,53.68,1.3948,3.599,0.0502,2
XGBoost,Sig_All,20,20,1.3448,96.0124,139.8431,0.7637,49.71,2.5952,53.68,1.3948,3.585,0.05,4
XGBoost,All_Macro,20,20,1.4344,102.4094,147.1311,0.7384,46.44,2.7681,48.53,1.3948,-2.839,-0.0396,5
XGBoost,All_Commodity_Regional,20,20,1.3925,99.5476,141.9807,0.7564,48.17,2.6908,55.88,1.3948,0.165,0.0023,6
XGBoost,All_Covariates,20,20,1.4025,100.2728,143.1849,0.7522,48.36,2.7104,58.82,1.3948,-0.552,-0.0077,7
XGBoost,Baseline,120,20,1.3898,99.0519,137.8194,0.7705,47.4,2.6774,52.21,1.3898,0.0,0.0,0
XGBoost,Sig_Macro,120,20,1.42,101.1097,139.0363,0.7664,47.59,2.733,50.0,1.3898,-2.173,-0.0302,1
XGBoost,Sig_Commodity,120,20,1.3634,97.1839,136.206,0.7758,48.36,2.6269,52.21,1.3898,1.9,0.0264,2
XGBoost,Sig_All,120,20,1.3172,93.984,131.5778,0.7908,49.33,2.5404,53.68,1.3898,5.224,0.0726,4
XGBoost,All_Macro,120,20,1.4312,101.9519,145.0238,0.7458,46.44,2.7558,50.0,1.3898,-2.979,-0.0414,5
XGBoost,All_Commodity_Regional,120,20,1.3647,97.2443,134.2521,0.7822,47.98,2.6285,52.21,1.3898,1.806,0.0251,6
XGBoost,All_Covariates,120,20,1.3753,98.0158,136.76,0.774,48.75,2.6494,51.47,1.3898,1.043,0.0145,7
