Model,Covariates,Window,Horizon,MAPE_mean,MAPE_std,MAE_mean,RMSE_mean,RMSE_std,R2_mean,DA_mean,DA_std
RandomForest,None,30,1,0.6666,0.1721,40.6649,55.6749,9.9757,0.9688,50.74,2.17
RandomForest,None,30,30,2.6953,0.9643,161.8524,229.1115,64.6545,0.4546,49.56,2.79
RandomForest,None,120,1,0.6626,0.1674,40.4765,55.3421,9.6317,0.969,52.32,2.22
RandomForest,None,120,30,2.7055,0.9644,162.3027,230.4238,65.5469,0.4511,49.97,2.14
RandomForest,BI_Rate,30,1,0.6645,0.1696,40.5694,55.499,9.8055,0.9689,51.35,2.09
RandomForest,BI_Rate,30,30,2.6875,0.9543,161.4609,228.9628,64.5125,0.4552,49.67,2.89
RandomForest,BI_Rate,120,1,0.6629,0.1684,40.4927,55.3453,9.6828,0.969,50.18,2.96
RandomForest,BI_Rate,120,30,2.704,0.9645,162.2036,230.6012,65.5132,0.4498,49.87,1.92
RandomForest,CPI,30,1,0.6636,0.1691,40.5145,55.4839,9.7964,0.9689,52.32,1.45
RandomForest,CPI,30,30,2.69,0.9548,161.5727,229.2329,64.6014,0.4539,49.67,2.74
RandomForest,CPI,120,1,0.6615,0.1657,40.4401,55.3058,9.5133,0.9688,51.96,1.74
RandomForest,CPI,120,30,2.6928,0.9483,161.6677,229.5178,64.3546,0.4488,49.77,1.84
RandomForest,M2,30,1,0.6634,0.1687,40.5043,55.4372,9.6914,0.9688,52.32,1.37
RandomForest,M2,30,30,2.689,0.955,161.5789,228.9195,64.3755,0.4549,49.72,2.58
RandomForest,M2,120,1,0.6612,0.1658,40.4178,55.2664,9.495,0.9689,51.86,1.87
RandomForest,M2,120,30,2.7041,0.9665,162.226,230.2837,65.7229,0.4501,49.77,1.76
RandomForest,NPL_Ratio,30,1,0.6638,0.1698,40.527,55.5108,9.8783,0.9689,52.06,0.95
RandomForest,NPL_Ratio,30,30,2.6934,0.9632,161.7196,229.393,64.9773,0.4547,49.51,2.87
RandomForest,NPL_Ratio,120,1,0.6612,0.1658,40.4157,55.2592,9.5122,0.9689,52.26,1.38
RandomForest,NPL_Ratio,120,30,2.6937,0.9606,161.5956,230.1355,65.6051,0.4567,49.92,2.17
RandomForest,USDIDR,30,1,0.663,0.1682,40.482,55.4773,9.7593,0.9689,51.3,1.33
RandomForest,USDIDR,30,30,2.6851,0.9486,161.343,228.8855,64.2626,0.4555,49.41,2.61
RandomForest,USDIDR,120,1,0.6626,0.1679,40.4792,55.3329,9.6314,0.969,51.09,1.86
RandomForest,USDIDR,120,30,2.7057,0.9622,162.3221,230.6376,65.5553,0.4498,50.13,1.98
RandomForest,GDP,30,1,0.6641,0.1696,40.5376,55.5053,9.8401,0.9689,52.01,1.03
RandomForest,GDP,30,30,2.6938,0.9657,161.7074,229.3653,65.0839,0.4542,49.41,2.64
RandomForest,GDP,120,1,0.6619,0.1673,40.44,55.284,9.596,0.969,51.65,2.0
RandomForest,GDP,120,30,2.7095,0.9682,162.499,230.8658,65.7214,0.4478,49.87,2.0
RandomForest,US_Treasury_10Y,30,1,0.6658,0.1646,40.7042,55.5223,9.2377,0.968,49.72,0.89
RandomForest,US_Treasury_10Y,30,30,2.6853,0.9085,161.8612,230.8003,63.4791,0.4098,49.36,2.88
RandomForest,US_Treasury_10Y,120,1,0.6618,0.1624,40.4911,55.2176,9.1529,0.9684,50.48,0.93
RandomForest,US_Treasury_10Y,120,30,2.6793,0.9503,160.8269,229.4576,65.8721,0.454,49.2,2.28
RandomForest,Coal,30,1,0.6656,0.1695,40.642,55.5584,9.8116,0.9689,51.04,1.09
RandomForest,Coal,30,30,2.6906,0.9535,161.6682,229.3822,64.3853,0.4552,49.36,2.74
RandomForest,Coal,120,1,0.6634,0.1657,40.5606,55.3181,9.5027,0.9689,50.23,0.95
RandomForest,Coal,120,30,2.7159,0.9521,163.1654,231.5501,64.685,0.4442,49.92,2.33
RandomForest,Copper,30,1,0.6645,0.1694,40.5831,55.3705,9.6598,0.969,50.69,2.66
RandomForest,Copper,30,30,2.7033,0.9347,162.5701,230.6827,63.3606,0.4493,48.95,2.51
RandomForest,Copper,120,1,0.6626,0.1669,40.5082,55.263,9.5345,0.9691,50.94,2.14
RandomForest,Copper,120,30,2.7013,0.9418,162.1822,230.7422,64.4921,0.4503,49.87,1.96
RandomForest,Nickel,30,1,0.6639,0.168,40.557,55.3709,9.7458,0.9691,50.64,2.02
RandomForest,Nickel,30,30,2.6958,0.9517,161.9321,229.7641,64.4135,0.4525,49.72,2.87
RandomForest,Nickel,120,1,0.6639,0.166,40.5891,55.4214,9.4738,0.9688,49.16,1.52
RandomForest,Nickel,120,30,2.7203,0.9373,163.4041,233.913,61.8237,0.4256,50.44,1.27
RandomForest,Silver,30,1,0.6628,0.1687,40.478,55.315,9.7307,0.9691,53.08,2.58
RandomForest,Silver,30,30,2.6905,0.9608,161.6679,229.3984,65.3087,0.4548,49.67,2.93
RandomForest,Silver,120,1,0.6623,0.1686,40.4764,55.2695,9.6356,0.9691,51.65,3.58
RandomForest,Silver,120,30,2.6896,0.9623,161.4057,229.5205,65.5779,0.46,50.03,1.93
RandomForest,Tin,30,1,0.6633,0.1651,40.5486,55.5241,9.5813,0.9688,51.81,1.0
RandomForest,Tin,30,30,2.7048,0.9315,162.7404,231.2409,61.8834,0.4382,49.31,2.61
RandomForest,Tin,120,1,0.6623,0.1654,40.5006,55.4444,9.3656,0.9685,50.48,1.75
RandomForest,Tin,120,30,2.6955,0.9313,161.9043,230.9212,63.0622,0.4677,49.25,1.84
RandomForest,Gold,30,1,0.6599,0.1654,40.3211,55.1792,9.6226,0.9692,53.44,2.58
RandomForest,Gold,30,30,2.688,0.9556,161.519,229.0238,64.38,0.4519,49.61,2.57
RandomForest,Gold,120,1,0.6617,0.1673,40.4343,55.2461,9.6033,0.9691,51.09,3.35
RandomForest,Gold,120,30,2.6931,0.9544,161.6,230.0204,65.2135,0.4514,50.23,1.77
RandomForest,WTI,30,1,0.6636,0.1698,40.5138,55.4263,9.7776,0.9691,51.5,1.8
RandomForest,WTI,30,30,2.6844,0.9587,161.2423,228.8742,64.8286,0.4559,49.31,2.77
RandomForest,WTI,120,1,0.6619,0.168,40.4443,55.2849,9.6317,0.9691,51.04,3.05
RandomForest,WTI,120,30,2.6913,0.9558,161.4882,229.8075,65.085,0.452,50.08,1.88
RandomForest,STI,30,1,0.6633,0.1673,40.5036,55.5619,9.7981,0.9689,52.88,2.69
RandomForest,STI,30,30,2.6957,0.954,161.9339,229.767,64.2318,0.451,49.51,2.68
RandomForest,STI,120,1,0.6627,0.1673,40.4864,55.4623,9.7103,0.9689,52.26,1.59
RandomForest,STI,120,30,2.7084,0.9657,162.4374,230.345,65.1442,0.4506,50.08,1.99
ExtraTrees,None,30,1,0.6609,0.1655,40.3882,55.2355,9.5099,0.969,51.76,1.78
ExtraTrees,None,30,30,2.6957,0.9614,161.8148,229.3268,64.899,0.4555,49.31,2.64
ExtraTrees,None,120,1,0.6599,0.1645,40.3513,55.1471,9.414,0.9691,52.57,1.18
ExtraTrees,None,120,30,2.7036,0.9669,162.1638,230.4086,65.7633,0.4517,49.56,2.22
ExtraTrees,BI_Rate,30,1,0.6601,0.1637,40.3656,55.1457,9.3822,0.9691,52.37,2.36
ExtraTrees,BI_Rate,30,30,2.6965,0.9652,161.8508,229.4096,64.9986,0.4559,49.2,2.8
ExtraTrees,BI_Rate,120,1,0.6593,0.1636,40.327,55.1125,9.3967,0.9691,51.15,2.37
ExtraTrees,BI_Rate,120,30,2.6929,0.9537,161.59,229.9121,65.313,0.4539,49.87,2.09
ExtraTrees,CPI,30,1,0.6593,0.1636,40.3191,55.1089,9.3558,0.9691,51.86,0.94
ExtraTrees,CPI,30,30,2.6961,0.9606,161.8582,229.5629,64.9629,0.4548,49.25,2.82
ExtraTrees,CPI,120,1,0.659,0.1629,40.3148,55.1087,9.3155,0.969,51.76,2.17
ExtraTrees,CPI,120,30,2.6819,0.9443,161.0752,228.9278,64.3265,0.4533,49.77,2.07
ExtraTrees,M2,30,1,0.6597,0.1625,40.3539,55.1454,9.2033,0.9688,52.21,1.24
ExtraTrees,M2,30,30,2.6955,0.9584,161.8698,229.5123,64.6494,0.452,49.15,2.77
ExtraTrees,M2,120,1,0.6597,0.1627,40.3579,55.0991,9.2568,0.969,51.86,1.7
ExtraTrees,M2,120,30,2.6997,0.9541,162.0431,230.405,65.0033,0.4493,49.72,2.09
ExtraTrees,NPL_Ratio,30,1,0.6599,0.1639,40.3496,55.122,9.3614,0.969,51.55,2.89
ExtraTrees,NPL_Ratio,30,30,2.6952,0.9628,161.8269,229.5154,65.105,0.4558,49.15,2.73
ExtraTrees,NPL_Ratio,120,1,0.6593,0.1637,40.3224,55.1315,9.3758,0.969,52.21,1.01
ExtraTrees,NPL_Ratio,120,30,2.6923,0.9555,161.5545,229.9026,65.5318,0.4539,49.87,1.87
ExtraTrees,USDIDR,30,1,0.6594,0.1637,40.3255,55.1301,9.3833,0.9691,52.21,1.24
ExtraTrees,USDIDR,30,30,2.6947,0.9606,161.7917,229.4916,65.0426,0.455,49.31,2.72
ExtraTrees,USDIDR,120,1,0.6601,0.1645,40.3645,55.1375,9.3991,0.9691,51.45,2.03
ExtraTrees,USDIDR,120,30,2.7041,0.97,162.171,230.499,65.9246,0.4519,49.82,1.98
ExtraTrees,GDP,30,1,0.6601,0.1646,40.3579,55.1727,9.4424,0.9691,52.52,1.35
ExtraTrees,GDP,30,30,2.6932,0.9603,161.7008,229.453,65.0412,0.4551,49.31,2.8
ExtraTrees,GDP,120,1,0.6587,0.1633,40.2862,55.0826,9.3521,0.9691,52.52,1.83
ExtraTrees,GDP,120,30,2.6947,0.956,161.7093,230.2911,65.582,0.4518,49.72,2.09
ExtraTrees,US_Treasury_10Y,30,1,0.659,0.1632,40.3061,55.0489,9.2924,0.969,52.26,2.36
ExtraTrees,US_Treasury_10Y,30,30,2.6922,0.9499,161.7523,229.7551,64.8948,0.4477,49.2,2.55
ExtraTrees,US_Treasury_10Y,120,1,0.6597,0.1635,40.3459,55.0684,9.3276,0.9691,51.65,1.66
ExtraTrees,US_Treasury_10Y,120,30,2.6888,0.949,161.4239,229.7565,65.5193,0.4506,49.67,2.23
ExtraTrees,Coal,30,1,0.6596,0.1637,40.34,55.1097,9.377,0.9691,53.33,1.32
ExtraTrees,Coal,30,30,2.6989,0.9608,162.0183,229.5879,64.8511,0.4554,49.31,2.84
ExtraTrees,Coal,120,1,0.6603,0.164,40.3866,55.1901,9.4041,0.969,50.43,1.97
ExtraTrees,Coal,120,30,2.7007,0.9586,162.0801,230.6412,65.252,0.4514,49.87,2.32
ExtraTrees,Copper,30,1,0.6586,0.1628,40.2804,55.0618,9.3728,0.9692,51.7,2.55
ExtraTrees,Copper,30,30,2.6869,0.9484,161.3998,229.2001,64.5658,0.4557,49.2,2.7
ExtraTrees,Copper,120,1,0.659,0.1633,40.3079,55.0752,9.3508,0.9691,52.57,1.6
ExtraTrees,Copper,120,30,2.6967,0.9554,161.853,230.328,65.2197,0.4517,49.87,2.04
ExtraTrees,Nickel,30,1,0.6599,0.1633,40.361,55.1533,9.3877,0.9691,51.45,2.19
ExtraTrees,Nickel,30,30,2.6946,0.9546,161.8151,229.4359,64.5332,0.4554,49.46,2.81
ExtraTrees,Nickel,120,1,0.6599,0.1644,40.3606,55.1166,9.3826,0.9691,51.3,2.86
ExtraTrees,Nickel,120,30,2.6873,0.9548,161.2063,229.6952,65.5168,0.4532,49.51,1.96
ExtraTrees,Silver,30,1,0.6581,0.1624,40.2529,55.0152,9.3042,0.9692,54.1,3.16
ExtraTrees,Silver,30,30,2.6924,0.9612,161.6409,229.4481,65.1292,0.456,49.46,2.82
ExtraTrees,Silver,120,1,0.6586,0.1634,40.2849,55.0116,9.2925,0.9691,53.23,1.9
ExtraTrees,Silver,120,30,2.6971,0.9638,161.8146,230.1505,65.7937,0.4547,49.87,2.06
ExtraTrees,Tin,30,1,0.659,0.1628,40.3117,55.1107,9.4218,0.9692,51.7,1.73
ExtraTrees,Tin,30,30,2.6972,0.9498,162.0378,230.0487,63.7822,0.4539,49.2,2.47
ExtraTrees,Tin,120,1,0.6592,0.1623,40.326,55.1751,9.2788,0.9689,50.89,0.94
ExtraTrees,Tin,120,30,2.6969,0.952,161.9159,230.2077,64.832,0.4572,49.2,2.29
ExtraTrees,Gold,30,1,0.6583,0.1622,40.2697,55.0353,9.3001,0.9691,52.88,2.77
ExtraTrees,Gold,30,30,2.6962,0.9599,161.9041,229.6157,64.9176,0.455,49.46,2.7
ExtraTrees,Gold,120,1,0.659,0.1637,40.3055,55.08,9.3509,0.9691,52.57,2.44
ExtraTrees,Gold,120,30,2.695,0.9612,161.7393,229.9738,65.6363,0.4524,49.97,2.03
ExtraTrees,WTI,30,1,0.6583,0.1623,40.2698,55.0262,9.2846,0.9691,51.6,2.05
ExtraTrees,WTI,30,30,2.6922,0.9613,161.6266,229.3273,64.9344,0.456,49.51,2.77
ExtraTrees,WTI,120,1,0.6586,0.1629,40.2885,55.0556,9.2997,0.9691,52.16,2.0
ExtraTrees,WTI,120,30,2.6953,0.9606,161.6751,229.9675,65.4781,0.4527,49.82,2.04
ExtraTrees,STI,30,1,0.6603,0.164,40.3633,55.2592,9.4941,0.969,52.82,2.28
ExtraTrees,STI,30,30,2.7223,0.9935,163.0034,230.6041,66.166,0.4538,49.15,2.74
ExtraTrees,STI,120,1,0.6594,0.1643,40.326,55.1656,9.4436,0.9691,53.89,1.38
ExtraTrees,STI,120,30,2.718,0.9792,162.8078,231.1363,66.2208,0.4501,49.77,2.06
XGBoost,None,30,1,0.6978,0.1766,42.6344,58.2078,9.3387,0.9641,51.76,1.0
XGBoost,None,30,30,3.0103,1.0734,181.0268,250.1482,64.7691,0.3529,48.69,1.39
XGBoost,None,120,1,0.6999,0.1649,42.8856,57.8749,9.0561,0.9643,50.18,1.75
XGBoost,None,120,30,3.0353,0.9354,183.6996,253.0756,55.6989,0.2982,49.1,2.45
XGBoost,BI_Rate,30,1,0.7158,0.1729,43.774,58.7582,9.3021,0.9643,49.06,2.34
XGBoost,BI_Rate,30,30,2.9404,1.0063,177.4792,245.1615,64.8731,0.4009,49.0,1.85
XGBoost,BI_Rate,120,1,0.6995,0.1703,42.8134,58.1124,9.4159,0.9645,51.35,2.22
XGBoost,BI_Rate,120,30,3.1236,1.0437,187.5447,252.609,69.5673,0.4081,47.87,1.27
XGBoost,CPI,30,1,0.7114,0.1731,43.5349,58.7213,8.7548,0.9633,51.35,1.66
XGBoost,CPI,30,30,2.8784,0.9492,173.3607,246.0434,62.3421,0.3973,49.36,1.21
XGBoost,CPI,120,1,0.6995,0.1672,42.8824,57.9959,8.713,0.9637,50.48,2.17
XGBoost,CPI,120,30,2.8867,0.9394,172.936,242.0289,65.859,0.3862,49.15,2.31
XGBoost,M2,30,1,0.7125,0.1802,43.5612,58.8181,9.4858,0.9645,51.04,1.98
XGBoost,M2,30,30,3.0844,1.0428,186.6767,258.6273,64.2142,0.255,49.05,1.81
XGBoost,M2,120,1,0.7031,0.1655,43.1021,58.3289,8.8795,0.9636,50.94,2.83
XGBoost,M2,120,30,2.9722,0.9613,179.3108,248.8445,56.3944,0.3654,49.61,3.13
XGBoost,NPL_Ratio,30,1,0.7109,0.171,43.4423,58.6666,8.9141,0.9635,50.33,1.79
XGBoost,NPL_Ratio,30,30,3.0443,1.1175,183.1765,256.6383,66.6438,0.2943,49.2,1.39
XGBoost,NPL_Ratio,120,1,0.7053,0.1684,43.1642,58.1799,9.0189,0.9638,51.15,3.94
XGBoost,NPL_Ratio,120,30,3.0511,0.9097,183.2421,252.5703,57.9034,0.3119,49.67,1.97
XGBoost,USDIDR,30,1,0.7031,0.1671,43.0089,58.3347,8.574,0.9646,51.15,2.34
XGBoost,USDIDR,30,30,2.8142,0.9536,169.7894,240.8618,69.1489,0.4055,48.69,1.81
XGBoost,USDIDR,120,1,0.6954,0.157,42.6774,57.7149,8.4041,0.9639,52.93,4.11
XGBoost,USDIDR,120,30,3.0645,1.1144,184.1983,250.3131,71.7426,0.3578,49.31,1.14
XGBoost,GDP,30,1,0.7109,0.1807,43.4311,58.8126,9.3978,0.9636,50.59,2.79
XGBoost,GDP,30,30,3.0322,0.9235,183.3067,261.3035,59.2832,0.2279,49.67,1.12
XGBoost,GDP,120,1,0.6977,0.1605,42.7885,57.5709,8.6965,0.9643,51.15,3.15
XGBoost,GDP,120,30,3.0155,0.9232,182.3107,252.3805,58.6144,0.2291,49.15,1.78
XGBoost,US_Treasury_10Y,30,1,0.7193,0.1518,44.2243,59.3437,7.7576,0.9611,51.7,1.84
XGBoost,US_Treasury_10Y,30,30,3.351,0.9925,201.7706,293.7411,56.0074,0.0025,49.51,1.13
XGBoost,US_Treasury_10Y,120,1,0.7361,0.1418,45.4048,60.751,6.5624,0.9565,48.5,2.54
XGBoost,US_Treasury_10Y,120,30,3.3723,0.7247,206.6924,303.2426,39.036,-0.2377,49.1,2.76
XGBoost,Coal,30,1,0.7251,0.1703,44.4297,59.4395,8.6605,0.9631,50.13,2.32
XGBoost,Coal,30,30,3.0757,0.9875,185.7472,252.9526,58.3766,0.3207,47.97,1.75
XGBoost,Coal,120,1,0.72,0.1664,44.1595,59.168,8.2649,0.9616,48.14,1.65
XGBoost,Coal,120,30,3.3127,0.8774,201.9487,281.3805,47.5676,0.063,47.97,1.66
XGBoost,Copper,30,1,0.7098,0.1801,43.3951,58.4415,9.647,0.9656,52.06,2.14
XGBoost,Copper,30,30,3.0123,0.9939,181.303,256.5029,63.0643,0.3297,50.13,2.22
XGBoost,Copper,120,1,0.7108,0.1775,43.5126,58.0324,9.4015,0.9655,49.11,1.52
XGBoost,Copper,120,30,3.0313,1.0508,182.5368,251.845,64.6425,0.4144,48.95,2.15
XGBoost,Nickel,30,1,0.7125,0.1693,43.5587,58.616,8.7246,0.9634,50.48,1.88
XGBoost,Nickel,30,30,3.0204,0.8255,184.4178,255.3372,48.9983,0.1518,50.18,2.6
XGBoost,Nickel,120,1,0.7039,0.1627,43.1697,57.8617,8.4926,0.9641,49.62,2.14
XGBoost,Nickel,120,30,3.2723,0.7754,199.512,280.7213,48.584,-0.1113,49.31,1.39
XGBoost,Silver,30,1,0.7102,0.1651,43.5777,58.1967,8.6674,0.9649,50.84,2.75
XGBoost,Silver,30,30,3.0939,1.152,186.8188,250.2902,68.1053,0.27,49.15,2.68
XGBoost,Silver,120,1,0.7071,0.1629,43.3701,58.5379,8.8906,0.9632,49.77,3.78
XGBoost,Silver,120,30,2.9648,0.9042,178.7592,248.7986,62.7178,0.3115,49.46,1.42
XGBoost,Tin,30,1,0.7144,0.1648,43.8278,59.2251,8.5574,0.963,50.53,0.77
XGBoost,Tin,30,30,3.1803,0.7368,194.2261,274.5574,40.3181,0.0083,48.69,2.5
XGBoost,Tin,120,1,0.7153,0.154,43.9917,59.4541,7.4505,0.9612,50.64,1.54
XGBoost,Tin,120,30,3.1013,0.8635,187.3964,261.2929,55.5566,0.1714,48.07,3.0
XGBoost,Gold,30,1,0.7043,0.1697,43.082,57.9044,9.3224,0.9649,50.74,2.02
XGBoost,Gold,30,30,3.1624,1.112,190.4971,264.4363,64.4821,0.2173,48.33,2.1
XGBoost,Gold,120,1,0.7036,0.1631,43.1321,58.2398,8.1074,0.9631,51.2,1.95
XGBoost,Gold,120,30,2.8336,0.9861,169.426,242.7439,67.7082,0.3702,48.64,2.12
XGBoost,WTI,30,1,0.7056,0.1768,43.0781,58.7301,9.721,0.9652,51.35,3.77
XGBoost,WTI,30,30,2.9842,0.9953,180.5005,248.5944,59.7153,0.2702,48.74,0.58
XGBoost,WTI,120,1,0.7062,0.1654,43.3003,58.0823,8.7937,0.965,49.92,0.94
XGBoost,WTI,120,30,3.0517,1.1307,183.0811,254.4422,75.6502,0.2713,48.89,2.4
XGBoost,STI,30,1,0.704,0.1717,43.0488,58.1261,9.0003,0.9649,50.59,1.63
XGBoost,STI,30,30,3.0986,1.0915,185.734,266.4706,72.1448,0.321,49.87,1.11
XGBoost,STI,120,1,0.7039,0.1707,43.1228,58.0247,8.8564,0.9652,50.48,2.51
XGBoost,STI,120,30,3.0697,1.1224,183.0849,250.9285,68.336,0.457,49.51,1.42
LightGBM,None,30,1,0.7177,0.1772,43.908,58.9579,9.0048,0.9642,49.36,1.65
LightGBM,None,30,30,2.9741,1.0193,179.0793,255.1753,60.8209,0.2717,49.41,1.29
LightGBM,None,120,1,0.7043,0.1721,43.1054,57.8893,9.1775,0.9651,50.59,2.08
LightGBM,None,120,30,3.034,0.8658,183.7768,257.7041,55.293,0.3056,49.05,1.23
LightGBM,BI_Rate,30,1,0.7148,0.1787,43.7163,58.9898,8.8366,0.9637,50.59,2.32
LightGBM,BI_Rate,30,30,2.993,1.0026,180.3916,252.5066,61.8644,0.3529,49.31,1.48
LightGBM,BI_Rate,120,1,0.7066,0.17,43.2537,58.068,8.8969,0.9642,50.94,2.03
LightGBM,BI_Rate,120,30,2.972,0.9114,179.6395,252.4263,59.3018,0.3342,49.31,2.63
LightGBM,CPI,30,1,0.7261,0.1735,44.4559,59.4511,8.5867,0.9629,48.75,1.51
LightGBM,CPI,30,30,2.9779,0.9756,179.5809,250.4556,55.1737,0.339,49.77,1.65
LightGBM,CPI,120,1,0.7074,0.1751,43.3069,58.1391,9.3032,0.9645,51.5,2.3
LightGBM,CPI,120,30,3.0255,0.7908,182.9878,251.2674,54.7975,0.3408,48.23,1.86
LightGBM,M2,30,1,0.7171,0.1769,43.8594,59.1754,9.1572,0.9635,50.99,2.61
LightGBM,M2,30,30,2.9368,1.0282,176.9434,247.563,63.8742,0.3626,49.77,0.88
LightGBM,M2,120,1,0.7011,0.1685,42.9352,57.8953,9.2137,0.9651,51.86,1.83
LightGBM,M2,120,30,3.0337,0.8836,183.1814,251.0087,54.8625,0.3354,48.48,1.17
LightGBM,NPL_Ratio,30,1,0.7155,0.1725,43.7528,58.955,8.6377,0.9631,50.03,2.1
LightGBM,NPL_Ratio,30,30,3.0665,0.9805,185.7457,258.3523,55.8627,0.2225,49.31,1.88
LightGBM,NPL_Ratio,120,1,0.7084,0.1658,43.4195,58.5402,9.1429,0.9636,49.87,1.78
LightGBM,NPL_Ratio,120,30,3.0483,0.8479,184.4789,250.1128,52.5518,0.3107,48.07,2.0
LightGBM,USDIDR,30,1,0.6987,0.1662,42.7976,57.9596,8.3007,0.9643,52.98,0.49
LightGBM,USDIDR,30,30,2.902,1.0205,175.1703,245.3102,71.5876,0.377,48.95,3.08
LightGBM,USDIDR,120,1,0.7013,0.1619,43.0182,58.1337,8.1892,0.9635,51.04,3.18
LightGBM,USDIDR,120,30,3.02,0.9615,181.7654,254.0669,65.8029,0.3128,48.79,2.17
LightGBM,GDP,30,1,0.7235,0.1801,44.229,59.6377,8.846,0.962,49.67,1.45
LightGBM,GDP,30,30,2.9753,0.881,180.26,249.6299,54.9187,0.3266,49.41,1.52
LightGBM,GDP,120,1,0.7061,0.1738,43.2258,57.9914,9.0395,0.9644,50.59,2.26
LightGBM,GDP,120,30,3.0531,0.8203,185.1092,256.3752,53.8386,0.2272,48.84,1.33
LightGBM,US_Treasury_10Y,30,1,0.7264,0.1657,44.567,59.9629,8.6102,0.9614,50.84,2.5
LightGBM,US_Treasury_10Y,30,30,3.2109,0.6829,196.3736,282.4663,36.6668,0.0234,49.2,1.42
LightGBM,US_Treasury_10Y,120,1,0.7241,0.1316,44.6666,59.5422,6.5131,0.959,50.13,2.32
LightGBM,US_Treasury_10Y,120,30,3.2812,0.6803,200.9478,287.586,35.5482,-0.1266,48.53,1.03
LightGBM,Coal,30,1,0.7275,0.1631,44.6317,59.7179,8.2808,0.9617,50.28,2.86
LightGBM,Coal,30,30,3.2854,0.8742,201.4859,273.426,46.7232,0.1549,47.87,1.75
LightGBM,Coal,120,1,0.7187,0.1613,44.1283,58.7888,7.9526,0.9623,49.72,0.77
LightGBM,Coal,120,30,3.2532,0.742,198.2971,276.6559,42.1037,0.1203,47.92,2.26
LightGBM,Copper,30,1,0.7032,0.1706,43.0012,58.1679,8.7119,0.9646,51.15,2.28
LightGBM,Copper,30,30,2.9832,0.876,179.9073,255.0744,59.8265,0.2771,49.82,1.41
LightGBM,Copper,120,1,0.7118,0.1676,43.648,58.6008,8.8998,0.964,50.28,1.27
LightGBM,Copper,120,30,2.9957,0.7712,181.6788,254.7452,51.3253,0.2979,48.84,1.92
LightGBM,Nickel,30,1,0.7129,0.1638,43.6867,58.6779,8.4048,0.9631,48.65,2.56
LightGBM,Nickel,30,30,2.9852,0.8877,181.3493,250.7465,59.7697,0.2091,49.87,2.0
LightGBM,Nickel,120,1,0.7008,0.1597,43.021,57.6759,8.3157,0.9629,49.97,1.6
LightGBM,Nickel,120,30,3.2339,0.7338,197.9989,275.7052,44.7804,-0.0731,48.95,2.66
LightGBM,Silver,30,1,0.7099,0.168,43.549,57.9919,8.866,0.9651,50.53,1.77
LightGBM,Silver,30,30,3.0713,0.8773,186.4228,256.8926,51.9805,0.234,48.53,2.7
LightGBM,Silver,120,1,0.6987,0.1567,42.9596,57.5657,8.5872,0.9653,52.06,4.65
LightGBM,Silver,120,30,2.9572,0.7622,179.6352,251.3823,52.781,0.2135,49.2,1.72
LightGBM,Tin,30,1,0.7329,0.1535,45.0228,60.4914,7.1089,0.9596,50.18,2.83
LightGBM,Tin,30,30,3.1612,0.9397,191.7171,269.3004,60.1054,0.0481,47.92,2.26
LightGBM,Tin,120,1,0.7143,0.1579,43.86,59.165,7.8184,0.9613,50.84,0.96
LightGBM,Tin,120,30,3.1012,0.8038,187.9914,263.7647,60.1409,0.01,48.53,2.29
LightGBM,Gold,30,1,0.7104,0.1751,43.4831,58.476,8.8226,0.9637,51.96,0.86
LightGBM,Gold,30,30,3.1185,0.9078,189.4461,269.0315,53.5828,0.0953,49.0,2.41
LightGBM,Gold,120,1,0.7096,0.1632,43.5379,58.3081,8.5604,0.9632,50.13,2.1
LightGBM,Gold,120,30,2.8615,0.7314,174.2555,246.7269,47.9943,0.3267,49.1,0.95
LightGBM,WTI,30,1,0.7161,0.172,43.841,59.5006,8.5741,0.9624,52.06,1.68
LightGBM,WTI,30,30,3.0704,1.0328,185.2603,259.2038,63.806,0.303,48.38,0.55
LightGBM,WTI,120,1,0.7094,0.1625,43.5367,58.1311,8.1835,0.9637,49.21,2.69
LightGBM,WTI,120,30,2.9263,0.8828,175.6298,245.114,54.9913,0.3298,49.15,1.39
LightGBM,STI,30,1,0.7104,0.1682,43.5026,58.569,8.7874,0.964,52.37,0.98
LightGBM,STI,30,30,3.0175,1.0516,181.5393,253.3662,65.7365,0.4033,49.82,1.82
LightGBM,STI,120,1,0.696,0.1667,42.6367,57.925,8.8932,0.9653,52.93,2.13
LightGBM,STI,120,30,3.0117,0.7524,182.4791,252.5278,48.328,0.3382,48.69,1.52
