Model,Window,Horizon,Covariate,MAPE,Baseline_MAPE,MAPE_Impr_pct,DA,Baseline_DA,DA_Impr_pp,Consistency,Passed_MAPE,Passed_DA,Passed_Any,Passed_Both
RandomForest,20,1,BI_Rate,0.662,0.6611,-0.136,51.09,51.96,-0.87,-0.005,False,False,False,False
RandomForest,20,1,CPI,0.6607,0.6611,0.061,53.28,51.96,1.32,0.002,False,True,True,False
RandomForest,20,1,M2,0.6608,0.6611,0.045,53.03,51.96,1.07,0.002,False,True,True,False
RandomForest,20,1,NPL_Ratio,0.6608,0.6611,0.045,52.32,51.96,0.36,0.002,False,False,False,False
RandomForest,20,1,USDIDR,0.6604,0.6611,0.106,53.54,51.96,1.58,0.004,False,True,True,False
RandomForest,20,1,GDP,0.6612,0.6611,-0.015,52.37,51.96,0.41,-0.001,False,False,False,False
RandomForest,20,1,US_Treasury_10Y,0.6636,0.6611,-0.378,51.6,51.96,-0.36,-0.016,False,False,False,False
RandomForest,20,1,Coal,0.6621,0.6611,-0.151,51.35,51.96,-0.61,-0.006,False,False,False,False
RandomForest,20,1,Copper,0.6606,0.6611,0.076,52.21,51.96,0.25,0.003,False,False,False,False
RandomForest,20,1,Nickel,0.6618,0.6611,-0.106,51.96,51.96,0.0,-0.004,False,False,False,False
RandomForest,20,1,Silver,0.6588,0.6611,0.348,53.74,51.96,1.78,0.014,True,True,True,True
RandomForest,20,1,Tin,0.661,0.6611,0.015,52.21,51.96,0.25,0.001,False,False,False,False
RandomForest,20,1,Gold,0.6602,0.6611,0.136,51.65,51.96,-0.31,0.005,False,False,False,False
RandomForest,20,1,WTI,0.6605,0.6611,0.091,52.06,51.96,0.1,0.004,False,False,False,False
RandomForest,20,1,STI,0.6604,0.6611,0.106,53.23,51.96,1.27,0.004,False,True,True,False
RandomForest,20,5,BI_Rate,1.0884,1.0884,0.0,50.8,50.75,0.05,0.0,False,False,False,False
RandomForest,20,5,CPI,1.0867,1.0884,0.156,50.69,50.75,-0.06,0.005,False,False,False,False
RandomForest,20,5,M2,1.0874,1.0884,0.092,50.33,50.75,-0.42,0.003,False,False,False,False
RandomForest,20,5,NPL_Ratio,1.0885,1.0884,-0.009,50.59,50.75,-0.16,-0.0,False,False,False,False
RandomForest,20,5,USDIDR,1.0907,1.0884,-0.211,50.44,50.75,-0.31,-0.007,False,False,False,False
RandomForest,20,5,GDP,1.0874,1.0884,0.092,50.95,50.75,0.2,0.003,False,False,False,False
RandomForest,20,5,US_Treasury_10Y,1.0969,1.0884,-0.781,50.18,50.75,-0.57,-0.026,False,False,False,False
RandomForest,20,5,Coal,1.0913,1.0884,-0.266,50.23,50.75,-0.52,-0.008,False,False,False,False
RandomForest,20,5,Copper,1.0871,1.0884,0.119,50.85,50.75,0.1,0.004,False,False,False,False
RandomForest,20,5,Nickel,1.094,1.0884,-0.515,50.33,50.75,-0.42,-0.016,False,False,False,False
RandomForest,20,5,Silver,1.0849,1.0884,0.322,51.11,50.75,0.36,0.01,True,False,True,False
RandomForest,20,5,Tin,1.0962,1.0884,-0.717,50.69,50.75,-0.06,-0.023,False,False,False,False
RandomForest,20,5,Gold,1.088,1.0884,0.037,50.69,50.75,-0.06,0.001,False,False,False,False
RandomForest,20,5,WTI,1.0913,1.0884,-0.266,50.75,50.75,0.0,-0.008,False,False,False,False
RandomForest,20,5,STI,1.0832,1.0884,0.478,50.85,50.75,0.1,0.015,True,False,True,False
RandomForest,20,20,BI_Rate,2.0962,2.0972,0.048,50.03,49.71,0.32,0.002,False,False,False,False
RandomForest,20,20,CPI,2.0999,2.0972,-0.129,49.97,49.71,0.26,-0.005,False,False,False,False
RandomForest,20,20,M2,2.0953,2.0972,0.091,49.92,49.71,0.21,0.003,False,False,False,False
RandomForest,20,20,NPL_Ratio,2.1013,2.0972,-0.195,49.87,49.71,0.16,-0.007,False,False,False,False
RandomForest,20,20,USDIDR,2.0965,2.0972,0.033,49.97,49.71,0.26,0.001,False,False,False,False
RandomForest,20,20,GDP,2.1015,2.0972,-0.205,50.08,49.71,0.37,-0.007,False,False,False,False
RandomForest,20,20,US_Treasury_10Y,2.1583,2.0972,-2.913,49.5,49.71,-0.21,-0.113,False,False,False,False
RandomForest,20,20,Coal,2.1016,2.0972,-0.21,49.66,49.71,-0.05,-0.007,False,False,False,False
RandomForest,20,20,Copper,2.1026,2.0972,-0.257,49.66,49.71,-0.05,-0.009,False,False,False,False
RandomForest,20,20,Nickel,2.0983,2.0972,-0.052,50.13,49.71,0.42,-0.002,False,False,False,False
RandomForest,20,20,Silver,2.0876,2.0972,0.458,49.92,49.71,0.21,0.016,True,False,True,False
RandomForest,20,20,Tin,2.1086,2.0972,-0.544,49.55,49.71,-0.16,-0.02,False,False,False,False
RandomForest,20,20,Gold,2.0968,2.0972,0.019,49.66,49.71,-0.05,0.001,False,False,False,False
RandomForest,20,20,WTI,2.0907,2.0972,0.31,49.92,49.71,0.21,0.011,True,False,True,False
RandomForest,20,20,STI,2.0922,2.0972,0.238,50.03,49.71,0.32,0.008,False,False,False,False
RandomForest,120,1,BI_Rate,0.6627,0.6626,-0.015,50.23,52.37,-2.14,-0.001,False,False,False,False
RandomForest,120,1,CPI,0.6614,0.6626,0.181,52.06,52.37,-0.31,0.007,False,False,False,False
RandomForest,120,1,M2,0.6612,0.6626,0.211,51.81,52.37,-0.56,0.008,False,False,False,False
RandomForest,120,1,NPL_Ratio,0.6612,0.6626,0.211,52.26,52.37,-0.11,0.008,False,False,False,False
RandomForest,120,1,USDIDR,0.6626,0.6626,0.0,51.15,52.37,-1.22,0.0,False,False,False,False
RandomForest,120,1,GDP,0.6619,0.6626,0.106,51.7,52.37,-0.67,0.004,False,False,False,False
RandomForest,120,1,US_Treasury_10Y,0.6618,0.6626,0.121,50.64,52.37,-1.73,0.005,False,False,False,False
RandomForest,120,1,Coal,0.6633,0.6626,-0.106,50.43,52.37,-1.94,-0.004,False,False,False,False
RandomForest,120,1,Copper,0.6627,0.6626,-0.015,50.99,52.37,-1.38,-0.001,False,False,False,False
RandomForest,120,1,Nickel,0.6639,0.6626,-0.196,49.21,52.37,-3.16,-0.008,False,False,False,False
RandomForest,120,1,Silver,0.6623,0.6626,0.045,51.65,52.37,-0.72,0.002,False,False,False,False
RandomForest,120,1,Tin,0.6623,0.6626,0.045,50.48,52.37,-1.89,0.002,False,False,False,False
RandomForest,120,1,Gold,0.6617,0.6626,0.136,51.15,52.37,-1.22,0.005,False,False,False,False
RandomForest,120,1,WTI,0.6619,0.6626,0.106,51.15,52.37,-1.22,0.004,False,False,False,False
RandomForest,120,1,STI,0.6627,0.6626,-0.015,52.21,52.37,-0.16,-0.001,False,False,False,False
RandomForest,120,5,BI_Rate,1.088,1.0882,0.018,50.69,50.59,0.1,0.001,False,False,False,False
RandomForest,120,5,CPI,1.0869,1.0882,0.119,50.69,50.59,0.1,0.004,False,False,False,False
RandomForest,120,5,M2,1.0864,1.0882,0.165,50.95,50.59,0.36,0.005,False,False,False,False
RandomForest,120,5,NPL_Ratio,1.0851,1.0882,0.285,50.49,50.59,-0.1,0.009,False,False,False,False
RandomForest,120,5,USDIDR,1.0899,1.0882,-0.156,50.13,50.59,-0.46,-0.005,False,False,False,False
RandomForest,120,5,GDP,1.0869,1.0882,0.119,50.44,50.59,-0.15,0.004,False,False,False,False
RandomForest,120,5,US_Treasury_10Y,1.098,1.0882,-0.901,50.33,50.59,-0.26,-0.03,False,False,False,False
RandomForest,120,5,Coal,1.091,1.0882,-0.257,50.49,50.59,-0.1,-0.008,False,False,False,False
RandomForest,120,5,Copper,1.0893,1.0882,-0.101,50.28,50.59,-0.31,-0.003,False,False,False,False
RandomForest,120,5,Nickel,1.0913,1.0882,-0.285,50.54,50.59,-0.05,-0.009,False,False,False,False
RandomForest,120,5,Silver,1.0919,1.0882,-0.34,50.13,50.59,-0.46,-0.011,False,False,False,False
RandomForest,120,5,Tin,1.0911,1.0882,-0.266,49.92,50.59,-0.67,-0.008,False,False,False,False
RandomForest,120,5,Gold,1.0825,1.0882,0.524,50.59,50.59,0.0,0.017,True,False,True,False
RandomForest,120,5,WTI,1.0894,1.0882,-0.11,50.54,50.59,-0.05,-0.003,False,False,False,False
RandomForest,120,5,STI,1.0857,1.0882,0.23,50.33,50.59,-0.26,0.007,False,False,False,False
RandomForest,120,20,BI_Rate,2.1032,2.1073,0.195,50.08,50.24,-0.16,0.007,False,False,False,False
RandomForest,120,20,CPI,2.0984,2.1073,0.422,49.71,50.24,-0.53,0.015,True,False,True,False
RandomForest,120,20,M2,2.1047,2.1073,0.123,49.92,50.24,-0.32,0.004,False,False,False,False
RandomForest,120,20,NPL_Ratio,2.1004,2.1073,0.327,49.71,50.24,-0.53,0.011,True,False,True,False
RandomForest,120,20,USDIDR,2.1052,2.1073,0.1,50.24,50.24,0.0,0.003,False,False,False,False
RandomForest,120,20,GDP,2.1004,2.1073,0.327,50.13,50.24,-0.11,0.011,True,False,True,False
RandomForest,120,20,US_Treasury_10Y,2.1271,2.1073,-0.94,50.08,50.24,-0.16,-0.034,False,False,False,False
RandomForest,120,20,Coal,2.1072,2.1073,0.005,49.87,50.24,-0.37,0.0,False,False,False,False
RandomForest,120,20,Copper,2.1074,2.1073,-0.005,49.87,50.24,-0.37,-0.0,False,False,False,False
RandomForest,120,20,Nickel,2.151,2.1073,-2.074,49.87,50.24,-0.37,-0.076,False,False,False,False
RandomForest,120,20,Silver,2.1004,2.1073,0.327,50.13,50.24,-0.11,0.011,True,False,True,False
RandomForest,120,20,Tin,2.1068,2.1073,0.024,49.87,50.24,-0.37,0.001,False,False,False,False
RandomForest,120,20,Gold,2.0979,2.1073,0.446,50.13,50.24,-0.11,0.016,True,False,True,False
RandomForest,120,20,WTI,2.1009,2.1073,0.304,49.82,50.24,-0.42,0.011,True,False,True,False
RandomForest,120,20,STI,2.0996,2.1073,0.365,50.29,50.24,0.05,0.013,True,False,True,False
ExtraTrees,20,1,BI_Rate,0.6599,0.6608,0.136,52.42,51.81,0.61,0.005,False,False,False,False
ExtraTrees,20,1,CPI,0.6595,0.6608,0.197,52.57,51.81,0.76,0.008,False,False,False,False
ExtraTrees,20,1,M2,0.66,0.6608,0.121,51.91,51.81,0.1,0.005,False,False,False,False
ExtraTrees,20,1,NPL_Ratio,0.6597,0.6608,0.166,52.42,51.81,0.61,0.007,False,False,False,False
ExtraTrees,20,1,USDIDR,0.6589,0.6608,0.288,53.08,51.81,1.27,0.012,False,True,True,False
ExtraTrees,20,1,GDP,0.6598,0.6608,0.151,52.06,51.81,0.25,0.006,False,False,False,False
ExtraTrees,20,1,US_Treasury_10Y,0.661,0.6608,-0.03,49.67,51.81,-2.14,-0.001,False,False,False,False
ExtraTrees,20,1,Coal,0.66,0.6608,0.121,52.42,51.81,0.61,0.005,False,False,False,False
ExtraTrees,20,1,Copper,0.6577,0.6608,0.469,53.08,51.81,1.27,0.019,True,True,True,True
ExtraTrees,20,1,Nickel,0.66,0.6608,0.121,51.65,51.81,-0.16,0.005,False,False,False,False
ExtraTrees,20,1,Silver,0.6579,0.6608,0.439,54.66,51.81,2.85,0.018,True,True,True,True
ExtraTrees,20,1,Tin,0.6597,0.6608,0.166,52.42,51.81,0.61,0.007,False,False,False,False
ExtraTrees,20,1,Gold,0.6595,0.6608,0.197,52.98,51.81,1.17,0.008,False,True,True,False
ExtraTrees,20,1,WTI,0.6597,0.6608,0.166,51.09,51.81,-0.72,0.007,False,False,False,False
ExtraTrees,20,1,STI,0.6595,0.6608,0.197,52.47,51.81,0.66,0.008,False,False,False,False
ExtraTrees,20,5,BI_Rate,1.0876,1.0892,0.147,50.9,51.11,-0.21,0.005,False,False,False,False
ExtraTrees,20,5,CPI,1.0867,1.0892,0.23,50.69,51.11,-0.42,0.007,False,False,False,False
ExtraTrees,20,5,M2,1.0833,1.0892,0.542,50.9,51.11,-0.21,0.017,True,False,True,False
ExtraTrees,20,5,NPL_Ratio,1.0877,1.0892,0.138,50.64,51.11,-0.47,0.004,False,False,False,False
ExtraTrees,20,5,USDIDR,1.0907,1.0892,-0.138,50.8,51.11,-0.31,-0.004,False,False,False,False
ExtraTrees,20,5,GDP,1.0873,1.0892,0.174,50.59,51.11,-0.52,0.006,False,False,False,False
ExtraTrees,20,5,US_Treasury_10Y,1.0892,1.0892,0.0,50.69,51.11,-0.42,0.0,False,False,False,False
ExtraTrees,20,5,Coal,1.0896,1.0892,-0.037,50.28,51.11,-0.83,-0.001,False,False,False,False
ExtraTrees,20,5,Copper,1.0858,1.0892,0.312,51.05,51.11,-0.06,0.01,True,False,True,False
ExtraTrees,20,5,Nickel,1.088,1.0892,0.11,50.85,51.11,-0.26,0.004,False,False,False,False
ExtraTrees,20,5,Silver,1.0848,1.0892,0.404,51.05,51.11,-0.06,0.013,True,False,True,False
ExtraTrees,20,5,Tin,1.0905,1.0892,-0.119,50.33,51.11,-0.78,-0.004,False,False,False,False
ExtraTrees,20,5,Gold,1.0873,1.0892,0.174,51.11,51.11,0.0,0.006,False,False,False,False
ExtraTrees,20,5,WTI,1.0896,1.0892,-0.037,50.39,51.11,-0.72,-0.001,False,False,False,False
ExtraTrees,20,5,STI,1.0847,1.0892,0.413,50.85,51.11,-0.26,0.013,True,False,True,False
ExtraTrees,20,20,BI_Rate,2.101,2.1004,-0.029,49.82,49.82,0.0,-0.001,False,False,False,False
ExtraTrees,20,20,CPI,2.1018,2.1004,-0.067,49.45,49.82,-0.37,-0.002,False,False,False,False
ExtraTrees,20,20,M2,2.111,2.1004,-0.505,49.82,49.82,0.0,-0.018,False,False,False,False
ExtraTrees,20,20,NPL_Ratio,2.1009,2.1004,-0.024,49.45,49.82,-0.37,-0.001,False,False,False,False
ExtraTrees,20,20,USDIDR,2.1025,2.1004,-0.1,49.82,49.82,0.0,-0.003,False,False,False,False
ExtraTrees,20,20,GDP,2.0997,2.1004,0.033,49.97,49.82,0.15,0.001,False,False,False,False
ExtraTrees,20,20,US_Treasury_10Y,2.1139,2.1004,-0.643,49.39,49.82,-0.43,-0.023,False,False,False,False
ExtraTrees,20,20,Coal,2.1029,2.1004,-0.119,49.71,49.82,-0.11,-0.004,False,False,False,False
ExtraTrees,20,20,Copper,2.1005,2.1004,-0.005,49.5,49.82,-0.32,-0.0,False,False,False,False
ExtraTrees,20,20,Nickel,2.0993,2.1004,0.052,49.45,49.82,-0.37,0.002,False,False,False,False
ExtraTrees,20,20,Silver,2.098,2.1004,0.114,49.87,49.82,0.05,0.004,False,False,False,False
ExtraTrees,20,20,Tin,2.1085,2.1004,-0.386,49.18,49.82,-0.64,-0.014,False,False,False,False
ExtraTrees,20,20,Gold,2.0985,2.1004,0.09,50.03,49.82,0.21,0.003,False,False,False,False
ExtraTrees,20,20,WTI,2.099,2.1004,0.067,49.82,49.82,0.0,0.002,False,False,False,False
ExtraTrees,20,20,STI,2.106,2.1004,-0.267,49.87,49.82,0.05,-0.009,False,False,False,False
ExtraTrees,120,1,BI_Rate,0.6593,0.6599,0.091,51.15,52.57,-1.42,0.004,False,False,False,False
ExtraTrees,120,1,CPI,0.659,0.6599,0.136,51.76,52.57,-0.81,0.006,False,False,False,False
ExtraTrees,120,1,M2,0.6597,0.6599,0.03,51.86,52.57,-0.71,0.001,False,False,False,False
ExtraTrees,120,1,NPL_Ratio,0.6593,0.6599,0.091,52.21,52.57,-0.36,0.004,False,False,False,False
ExtraTrees,120,1,USDIDR,0.6601,0.6599,-0.03,51.45,52.57,-1.12,-0.001,False,False,False,False
ExtraTrees,120,1,GDP,0.6587,0.6599,0.182,52.52,52.57,-0.05,0.007,False,False,False,False
ExtraTrees,120,1,US_Treasury_10Y,0.6597,0.6599,0.03,51.65,52.57,-0.92,0.001,False,False,False,False
ExtraTrees,120,1,Coal,0.6603,0.6599,-0.061,50.43,52.57,-2.14,-0.002,False,False,False,False
ExtraTrees,120,1,Copper,0.659,0.6599,0.136,52.57,52.57,0.0,0.006,False,False,False,False
ExtraTrees,120,1,Nickel,0.6599,0.6599,0.0,51.3,52.57,-1.27,0.0,False,False,False,False
ExtraTrees,120,1,Silver,0.6586,0.6599,0.197,53.23,52.57,0.66,0.008,False,False,False,False
ExtraTrees,120,1,Tin,0.6592,0.6599,0.106,50.89,52.57,-1.68,0.004,False,False,False,False
ExtraTrees,120,1,Gold,0.659,0.6599,0.136,52.57,52.57,0.0,0.005,False,False,False,False
ExtraTrees,120,1,WTI,0.6586,0.6599,0.197,52.16,52.57,-0.41,0.008,False,False,False,False
ExtraTrees,120,1,STI,0.6594,0.6599,0.076,53.89,52.57,1.32,0.003,False,True,True,False
ExtraTrees,120,5,BI_Rate,1.0843,1.0869,0.239,50.59,50.75,-0.16,0.008,False,False,False,False
ExtraTrees,120,5,CPI,1.0845,1.0869,0.221,50.33,50.75,-0.42,0.007,False,False,False,False
ExtraTrees,120,5,M2,1.0826,1.0869,0.396,50.9,50.75,0.15,0.013,True,False,True,False
ExtraTrees,120,5,NPL_Ratio,1.0829,1.0869,0.368,50.03,50.75,-0.72,0.012,True,False,True,False
ExtraTrees,120,5,USDIDR,1.0872,1.0869,-0.028,50.44,50.75,-0.31,-0.001,False,False,False,False
ExtraTrees,120,5,GDP,1.0857,1.0869,0.11,50.39,50.75,-0.36,0.004,False,False,False,False
ExtraTrees,120,5,US_Treasury_10Y,1.0872,1.0869,-0.028,50.13,50.75,-0.62,-0.001,False,False,False,False
ExtraTrees,120,5,Coal,1.0862,1.0869,0.064,50.8,50.75,0.05,0.002,False,False,False,False
ExtraTrees,120,5,Copper,1.0861,1.0869,0.074,50.59,50.75,-0.16,0.002,False,False,False,False
ExtraTrees,120,5,Nickel,1.0842,1.0869,0.248,50.85,50.75,0.1,0.008,False,False,False,False
ExtraTrees,120,5,Silver,1.0863,1.0869,0.055,50.39,50.75,-0.36,0.002,False,False,False,False
ExtraTrees,120,5,Tin,1.0839,1.0869,0.276,50.13,50.75,-0.62,0.009,False,False,False,False
ExtraTrees,120,5,Gold,1.0848,1.0869,0.193,50.8,50.75,0.05,0.006,False,False,False,False
ExtraTrees,120,5,WTI,1.0849,1.0869,0.184,50.18,50.75,-0.57,0.006,False,False,False,False
ExtraTrees,120,5,STI,1.086,1.0869,0.083,50.64,50.75,-0.11,0.003,False,False,False,False
ExtraTrees,120,20,BI_Rate,2.1017,2.1053,0.171,50.34,50.24,0.1,0.006,False,False,False,False
ExtraTrees,120,20,CPI,2.103,2.1053,0.109,50.03,50.24,-0.21,0.004,False,False,False,False
ExtraTrees,120,20,M2,2.1071,2.1053,-0.085,50.08,50.24,-0.16,-0.003,False,False,False,False
ExtraTrees,120,20,NPL_Ratio,2.1004,2.1053,0.233,50.34,50.24,0.1,0.008,False,False,False,False
ExtraTrees,120,20,USDIDR,2.1056,2.1053,-0.014,50.45,50.24,0.21,-0.0,False,False,False,False
ExtraTrees,120,20,GDP,2.1011,2.1053,0.199,49.97,50.24,-0.27,0.007,False,False,False,False
ExtraTrees,120,20,US_Treasury_10Y,2.1053,2.1053,0.0,49.97,50.24,-0.27,0.0,False,False,False,False
ExtraTrees,120,20,Coal,2.1068,2.1053,-0.071,50.34,50.24,0.1,-0.002,False,False,False,False
ExtraTrees,120,20,Copper,2.1008,2.1053,0.214,50.13,50.24,-0.11,0.008,False,False,False,False
ExtraTrees,120,20,Nickel,2.1055,2.1053,-0.009,49.97,50.24,-0.27,-0.0,False,False,False,False
ExtraTrees,120,20,Silver,2.1043,2.1053,0.047,50.5,50.24,0.26,0.002,False,False,False,False
ExtraTrees,120,20,Tin,2.1038,2.1053,0.071,50.13,50.24,-0.11,0.003,False,False,False,False
ExtraTrees,120,20,Gold,2.1,2.1053,0.252,50.34,50.24,0.1,0.009,False,False,False,False
ExtraTrees,120,20,WTI,2.1005,2.1053,0.228,50.45,50.24,0.21,0.008,False,False,False,False
ExtraTrees,120,20,STI,2.11,2.1053,-0.223,50.4,50.24,0.16,-0.008,False,False,False,False
XGBoost,20,1,BI_Rate,0.7049,0.7096,0.662,51.04,50.03,1.01,0.029,True,True,True,True
XGBoost,20,1,CPI,0.701,0.7096,1.212,51.91,50.03,1.88,0.053,True,True,True,True
XGBoost,20,1,M2,0.7068,0.7096,0.395,49.92,50.03,-0.11,0.016,True,False,True,False
XGBoost,20,1,NPL_Ratio,0.7037,0.7096,0.831,51.3,50.03,1.27,0.037,True,True,True,True
XGBoost,20,1,USDIDR,0.7021,0.7096,1.057,52.01,50.03,1.98,0.046,True,True,True,True
XGBoost,20,1,GDP,0.7004,0.7096,1.297,51.5,50.03,1.47,0.056,True,True,True,True
XGBoost,20,1,US_Treasury_10Y,0.7132,0.7096,-0.507,51.25,50.03,1.22,-0.023,False,True,True,False
XGBoost,20,1,Coal,0.7107,0.7096,-0.155,51.91,50.03,1.88,-0.007,False,True,True,False
XGBoost,20,1,Copper,0.7026,0.7096,0.986,51.4,50.03,1.37,0.041,True,True,True,True
XGBoost,20,1,Nickel,0.7142,0.7096,-0.648,50.08,50.03,0.05,-0.031,False,False,False,False
XGBoost,20,1,Silver,0.7038,0.7096,0.817,52.98,50.03,2.95,0.036,True,True,True,True
XGBoost,20,1,Tin,0.7144,0.7096,-0.676,50.38,50.03,0.35,-0.033,False,False,False,False
XGBoost,20,1,Gold,0.6933,0.7096,2.297,51.55,50.03,1.52,0.094,True,True,True,True
XGBoost,20,1,WTI,0.7043,0.7096,0.747,50.53,50.03,0.5,0.032,True,False,True,False
XGBoost,20,1,STI,0.7001,0.7096,1.339,51.45,50.03,1.42,0.06,True,True,True,True
XGBoost,20,5,BI_Rate,1.1619,1.1688,0.59,51.31,51.88,-0.57,0.021,True,False,True,False
XGBoost,20,5,CPI,1.1562,1.1688,1.078,51.36,51.88,-0.52,0.039,True,False,True,False
XGBoost,20,5,M2,1.1863,1.1688,-1.497,50.8,51.88,-1.08,-0.048,False,False,False,False
XGBoost,20,5,NPL_Ratio,1.1591,1.1688,0.83,50.95,51.88,-0.93,0.029,True,False,True,False
XGBoost,20,5,USDIDR,1.1653,1.1688,0.299,51.77,51.88,-0.11,0.01,False,False,False,False
XGBoost,20,5,GDP,1.162,1.1688,0.582,51.83,51.88,-0.05,0.02,True,False,True,False
XGBoost,20,5,US_Treasury_10Y,1.1851,1.1688,-1.395,50.95,51.88,-0.93,-0.058,False,False,False,False
XGBoost,20,5,Coal,1.1649,1.1688,0.334,51.21,51.88,-0.67,0.012,True,False,True,False
XGBoost,20,5,Copper,1.1443,1.1688,2.096,52.75,51.88,0.87,0.076,True,False,True,False
XGBoost,20,5,Nickel,1.1936,1.1688,-2.122,49.51,51.88,-2.37,-0.076,False,False,False,False
XGBoost,20,5,Silver,1.1743,1.1688,-0.471,50.08,51.88,-1.8,-0.017,False,False,False,False
XGBoost,20,5,Tin,1.1684,1.1688,0.034,50.85,51.88,-1.03,0.001,False,False,False,False
XGBoost,20,5,Gold,1.1084,1.1688,5.168,51.31,51.88,-0.57,0.189,True,False,True,False
XGBoost,20,5,WTI,1.172,1.1688,-0.274,51.36,51.88,-0.52,-0.01,False,False,False,False
XGBoost,20,5,STI,1.1382,1.1688,2.618,51.67,51.88,-0.21,0.097,True,False,True,False
XGBoost,20,20,BI_Rate,2.2897,2.3139,1.046,47.92,50.03,-2.11,0.038,True,False,True,False
XGBoost,20,20,CPI,2.3713,2.3139,-2.481,48.65,50.03,-1.38,-0.091,False,False,False,False
XGBoost,20,20,M2,2.3823,2.3139,-2.956,49.66,50.03,-0.37,-0.122,False,False,False,False
XGBoost,20,20,NPL_Ratio,2.3643,2.3139,-2.178,48.65,50.03,-1.38,-0.08,False,False,False,False
XGBoost,20,20,USDIDR,2.3735,2.3139,-2.576,48.34,50.03,-1.69,-0.085,False,False,False,False
XGBoost,20,20,GDP,2.3387,2.3139,-1.072,49.08,50.03,-0.95,-0.047,False,False,False,False
XGBoost,20,20,US_Treasury_10Y,2.5433,2.3139,-9.914,50.18,50.03,0.15,-0.415,False,False,False,False
XGBoost,20,20,Coal,2.4786,2.3139,-7.118,49.34,50.03,-0.69,-0.274,False,False,False,False
XGBoost,20,20,Copper,2.295,2.3139,0.817,50.92,50.03,0.89,0.029,True,False,True,False
XGBoost,20,20,Nickel,2.3081,2.3139,0.251,49.13,50.03,-0.9,0.011,False,False,False,False
XGBoost,20,20,Silver,2.4451,2.3139,-5.67,48.92,50.03,-1.11,-0.235,False,False,False,False
XGBoost,20,20,Tin,2.4242,2.3139,-4.767,48.34,50.03,-1.69,-0.194,False,False,False,False
XGBoost,20,20,Gold,2.3877,2.3139,-3.189,50.45,50.03,0.42,-0.112,False,False,False,False
XGBoost,20,20,WTI,2.2965,2.3139,0.752,50.66,50.03,0.63,0.03,True,False,True,False
XGBoost,20,20,STI,2.2295,2.3139,3.648,48.92,50.03,-1.11,0.138,True,False,True,False
XGBoost,120,1,BI_Rate,0.703,0.709,0.846,51.4,50.08,1.32,0.035,True,True,True,True
XGBoost,120,1,CPI,0.7059,0.709,0.437,50.64,50.08,0.56,0.02,True,False,True,False
XGBoost,120,1,M2,0.6998,0.709,1.298,51.35,50.08,1.27,0.057,True,True,True,True
XGBoost,120,1,NPL_Ratio,0.7016,0.709,1.044,51.25,50.08,1.17,0.045,True,True,True,True
XGBoost,120,1,USDIDR,0.6957,0.709,1.876,51.5,50.08,1.42,0.081,True,True,True,True
XGBoost,120,1,GDP,0.7072,0.709,0.254,51.2,50.08,1.12,0.01,False,True,True,False
XGBoost,120,1,US_Treasury_10Y,0.7291,0.709,-2.835,48.55,50.08,-1.53,-0.144,False,False,False,False
XGBoost,120,1,Coal,0.7201,0.709,-1.566,48.75,50.08,-1.33,-0.069,False,False,False,False
XGBoost,120,1,Copper,0.7014,0.709,1.072,51.5,50.08,1.42,0.044,True,True,True,True
XGBoost,120,1,Nickel,0.7007,0.709,1.171,49.57,50.08,-0.51,0.054,True,False,True,False
XGBoost,120,1,Silver,0.7063,0.709,0.381,51.15,50.08,1.07,0.017,True,True,True,True
XGBoost,120,1,Tin,0.7148,0.709,-0.818,50.59,50.08,0.51,-0.038,False,False,False,False
XGBoost,120,1,Gold,0.6989,0.709,1.425,49.52,50.08,-0.56,0.064,True,False,True,False
XGBoost,120,1,WTI,0.7041,0.709,0.691,50.84,50.08,0.76,0.03,True,False,True,False
XGBoost,120,1,STI,0.6976,0.709,1.608,50.69,50.08,0.61,0.068,True,False,True,False
XGBoost,120,5,BI_Rate,1.1727,1.1749,0.187,50.49,51.0,-0.51,0.006,False,False,False,False
XGBoost,120,5,CPI,1.1833,1.1749,-0.715,50.03,51.0,-0.97,-0.025,False,False,False,False
XGBoost,120,5,M2,1.1673,1.1749,0.647,49.97,51.0,-1.03,0.022,True,False,True,False
XGBoost,120,5,NPL_Ratio,1.1777,1.1749,-0.238,49.67,51.0,-1.33,-0.008,False,False,False,False
XGBoost,120,5,USDIDR,1.177,1.1749,-0.179,50.64,51.0,-0.36,-0.006,False,False,False,False
XGBoost,120,5,GDP,1.1809,1.1749,-0.511,50.23,51.0,-0.77,-0.016,False,False,False,False
XGBoost,120,5,US_Treasury_10Y,1.2235,1.1749,-4.137,49.25,51.0,-1.75,-0.16,False,False,False,False
XGBoost,120,5,Coal,1.2058,1.1749,-2.63,50.13,51.0,-0.87,-0.092,False,False,False,False
XGBoost,120,5,Copper,1.1975,1.1749,-1.924,49.97,51.0,-1.03,-0.062,False,False,False,False
XGBoost,120,5,Nickel,1.181,1.1749,-0.519,49.61,51.0,-1.39,-0.018,False,False,False,False
XGBoost,120,5,Silver,1.1571,1.1749,1.515,50.75,51.0,-0.25,0.053,True,False,True,False
XGBoost,120,5,Tin,1.1686,1.1749,0.536,51.11,51.0,0.11,0.019,True,False,True,False
XGBoost,120,5,Gold,1.1459,1.1749,2.468,51.16,51.0,0.16,0.089,True,False,True,False
XGBoost,120,5,WTI,1.1875,1.1749,-1.072,48.95,51.0,-2.05,-0.038,False,False,False,False
XGBoost,120,5,STI,1.1442,1.1749,2.613,50.44,51.0,-0.56,0.092,True,False,True,False
XGBoost,120,20,BI_Rate,2.3726,2.373,0.017,49.13,48.07,1.06,0.001,False,True,True,False
XGBoost,120,20,CPI,2.3834,2.373,-0.438,49.29,48.07,1.22,-0.016,False,True,True,False
XGBoost,120,20,M2,2.2776,2.373,4.02,50.08,48.07,2.01,0.141,True,True,True,True
XGBoost,120,20,NPL_Ratio,2.3158,2.373,2.41,49.5,48.07,1.43,0.088,True,True,True,True
XGBoost,120,20,USDIDR,2.3405,2.373,1.37,48.92,48.07,0.85,0.051,True,False,True,False
XGBoost,120,20,GDP,2.3729,2.373,0.004,49.39,48.07,1.32,0.0,False,True,True,False
XGBoost,120,20,US_Treasury_10Y,2.6745,2.373,-12.705,48.76,48.07,0.69,-0.656,False,False,False,False
XGBoost,120,20,Coal,2.5053,2.373,-5.575,49.13,48.07,1.06,-0.209,False,True,True,False
XGBoost,120,20,Copper,2.4072,2.373,-1.441,49.02,48.07,0.95,-0.053,False,False,False,False
XGBoost,120,20,Nickel,2.4111,2.373,-1.606,48.18,48.07,0.11,-0.064,False,False,False,False
XGBoost,120,20,Silver,2.3626,2.373,0.438,49.23,48.07,1.16,0.015,True,True,True,True
XGBoost,120,20,Tin,2.4972,2.373,-5.234,48.55,48.07,0.48,-0.194,False,False,False,False
XGBoost,120,20,Gold,2.3421,2.373,1.302,49.45,48.07,1.38,0.046,True,True,True,True
XGBoost,120,20,WTI,2.3514,2.373,0.91,48.34,48.07,0.27,0.03,True,False,True,False
XGBoost,120,20,STI,2.4168,2.373,-1.846,49.71,48.07,1.64,-0.056,False,True,True,False
LightGBM,20,1,BI_Rate,0.7088,0.7057,-0.439,51.25,52.11,-0.86,-0.018,False,False,False,False
LightGBM,20,1,CPI,0.7065,0.7057,-0.113,51.4,52.11,-0.71,-0.005,False,False,False,False
LightGBM,20,1,M2,0.7108,0.7057,-0.723,52.21,52.11,0.1,-0.03,False,False,False,False
LightGBM,20,1,NPL_Ratio,0.7124,0.7057,-0.949,50.64,52.11,-1.47,-0.039,False,False,False,False
LightGBM,20,1,USDIDR,0.7032,0.7057,0.354,51.91,52.11,-0.2,0.016,True,False,True,False
LightGBM,20,1,GDP,0.7074,0.7057,-0.241,52.16,52.11,0.05,-0.01,False,False,False,False
LightGBM,20,1,US_Treasury_10Y,0.7197,0.7057,-1.984,51.45,52.11,-0.66,-0.09,False,False,False,False
LightGBM,20,1,Coal,0.7161,0.7057,-1.474,49.01,52.11,-3.1,-0.066,False,False,False,False
LightGBM,20,1,Copper,0.7007,0.7057,0.709,51.81,52.11,-0.3,0.031,True,False,True,False
LightGBM,20,1,Nickel,0.7118,0.7057,-0.864,49.72,52.11,-2.39,-0.039,False,False,False,False
LightGBM,20,1,Silver,0.7063,0.7057,-0.085,53.28,52.11,1.17,-0.004,False,True,True,False
LightGBM,20,1,Tin,0.7205,0.7057,-2.097,51.04,52.11,-1.07,-0.105,False,False,False,False
LightGBM,20,1,Gold,0.7045,0.7057,0.17,50.99,52.11,-1.12,0.007,False,False,False,False
LightGBM,20,1,WTI,0.7107,0.7057,-0.709,51.6,52.11,-0.51,-0.032,False,False,False,False
LightGBM,20,1,STI,0.7118,0.7057,-0.864,50.28,52.11,-1.83,-0.039,False,False,False,False
LightGBM,20,5,BI_Rate,1.1518,1.1676,1.353,51.98,51.21,0.77,0.047,True,False,True,False
LightGBM,20,5,CPI,1.1666,1.1676,0.086,51.31,51.21,0.1,0.003,False,False,False,False
LightGBM,20,5,M2,1.1751,1.1676,-0.642,49.77,51.21,-1.44,-0.023,False,False,False,False
LightGBM,20,5,NPL_Ratio,1.1781,1.1676,-0.899,50.44,51.21,-0.77,-0.032,False,False,False,False
LightGBM,20,5,USDIDR,1.1736,1.1676,-0.514,51.88,51.21,0.67,-0.018,False,False,False,False
LightGBM,20,5,GDP,1.1585,1.1676,0.779,49.97,51.21,-1.24,0.027,True,False,True,False
LightGBM,20,5,US_Treasury_10Y,1.2005,1.1676,-2.818,51.0,51.21,-0.21,-0.119,False,False,False,False
LightGBM,20,5,Coal,1.1718,1.1676,-0.36,50.75,51.21,-0.46,-0.013,False,False,False,False
LightGBM,20,5,Copper,1.1365,1.1676,2.664,52.7,51.21,1.49,0.098,True,True,True,True
LightGBM,20,5,Nickel,1.1682,1.1676,-0.051,50.39,51.21,-0.82,-0.002,False,False,False,False
LightGBM,20,5,Silver,1.1447,1.1676,1.961,51.72,51.21,0.51,0.079,True,False,True,False
LightGBM,20,5,Tin,1.1542,1.1676,1.148,50.95,51.21,-0.26,0.049,True,False,True,False
LightGBM,20,5,Gold,1.1356,1.1676,2.741,50.08,51.21,-1.13,0.106,True,False,True,False
LightGBM,20,5,WTI,1.183,1.1676,-1.319,50.13,51.21,-1.08,-0.046,False,False,False,False
LightGBM,20,5,STI,1.1611,1.1676,0.557,52.34,51.21,1.13,0.021,True,True,True,True
LightGBM,20,20,BI_Rate,2.3076,2.3094,0.078,48.44,49.82,-1.38,0.003,False,False,False,False
LightGBM,20,20,CPI,2.3428,2.3094,-1.446,49.39,49.82,-0.43,-0.056,False,False,False,False
LightGBM,20,20,M2,2.3688,2.3094,-2.572,49.5,49.82,-0.32,-0.114,False,False,False,False
LightGBM,20,20,NPL_Ratio,2.3676,2.3094,-2.52,48.87,49.82,-0.95,-0.095,False,False,False,False
LightGBM,20,20,USDIDR,2.3277,2.3094,-0.792,49.82,49.82,0.0,-0.028,False,False,False,False
LightGBM,20,20,GDP,2.3385,2.3094,-1.26,49.23,49.82,-0.59,-0.053,False,False,False,False
LightGBM,20,20,US_Treasury_10Y,2.4271,2.3094,-5.097,50.34,49.82,0.52,-0.22,False,False,False,False
LightGBM,20,20,Coal,2.4392,2.3094,-5.621,49.18,49.82,-0.64,-0.242,False,False,False,False
LightGBM,20,20,Copper,2.2807,2.3094,1.243,49.76,49.82,-0.06,0.055,True,False,True,False
LightGBM,20,20,Nickel,2.3402,2.3094,-1.334,50.13,49.82,0.31,-0.069,False,False,False,False
LightGBM,20,20,Silver,2.4036,2.3094,-4.079,49.55,49.82,-0.27,-0.179,False,False,False,False
LightGBM,20,20,Tin,2.4256,2.3094,-5.032,48.5,49.82,-1.32,-0.201,False,False,False,False
LightGBM,20,20,Gold,2.4149,2.3094,-4.568,49.76,49.82,-0.06,-0.164,False,False,False,False
LightGBM,20,20,WTI,2.2857,2.3094,1.026,49.5,49.82,-0.32,0.038,True,False,True,False
LightGBM,20,20,STI,2.402,2.3094,-4.01,48.18,49.82,-1.64,-0.151,False,False,False,False
LightGBM,120,1,BI_Rate,0.7066,0.7043,-0.327,50.94,50.59,0.35,-0.014,False,False,False,False
LightGBM,120,1,CPI,0.7074,0.7043,-0.44,51.5,50.59,0.91,-0.018,False,False,False,False
LightGBM,120,1,M2,0.7011,0.7043,0.454,51.86,50.59,1.27,0.019,True,True,True,True
LightGBM,120,1,NPL_Ratio,0.7084,0.7043,-0.582,49.87,50.59,-0.72,-0.025,False,False,False,False
LightGBM,120,1,USDIDR,0.7013,0.7043,0.426,51.04,50.59,0.45,0.019,True,False,True,False
LightGBM,120,1,GDP,0.7061,0.7043,-0.256,50.59,50.59,0.0,-0.01,False,False,False,False
LightGBM,120,1,US_Treasury_10Y,0.7214,0.7043,-2.428,51.2,50.59,0.61,-0.13,False,False,False,False
LightGBM,120,1,Coal,0.7187,0.7043,-2.045,49.72,50.59,-0.87,-0.089,False,False,False,False
LightGBM,120,1,Copper,0.7118,0.7043,-1.065,50.28,50.59,-0.31,-0.045,False,False,False,False
LightGBM,120,1,Nickel,0.7008,0.7043,0.497,49.97,50.59,-0.62,0.022,True,False,True,False
LightGBM,120,1,Silver,0.6987,0.7043,0.795,52.06,50.59,1.47,0.036,True,True,True,True
LightGBM,120,1,Tin,0.7143,0.7043,-1.42,50.84,50.59,0.25,-0.063,False,False,False,False
LightGBM,120,1,Gold,0.7096,0.7043,-0.753,50.13,50.59,-0.46,-0.032,False,False,False,False
LightGBM,120,1,WTI,0.7094,0.7043,-0.724,49.21,50.59,-1.38,-0.031,False,False,False,False
LightGBM,120,1,STI,0.696,0.7043,1.178,52.93,50.59,2.34,0.05,True,True,True,True
LightGBM,120,5,BI_Rate,1.1827,1.1848,0.177,50.59,49.87,0.72,0.006,False,False,False,False
LightGBM,120,5,CPI,1.1744,1.1848,0.878,50.59,49.87,0.72,0.03,True,False,True,False
LightGBM,120,5,M2,1.1783,1.1848,0.549,51.36,49.87,1.49,0.018,True,True,True,True
LightGBM,120,5,NPL_Ratio,1.1782,1.1848,0.557,50.59,49.87,0.72,0.018,True,False,True,False
LightGBM,120,5,USDIDR,1.1748,1.1848,0.844,49.87,49.87,0.0,0.029,True,False,True,False
LightGBM,120,5,GDP,1.1721,1.1848,1.072,51.52,49.87,1.65,0.036,True,True,True,True
LightGBM,120,5,US_Treasury_10Y,1.2314,1.1848,-3.933,49.1,49.87,-0.77,-0.171,False,False,False,False
LightGBM,120,5,Coal,1.1862,1.1848,-0.118,50.49,49.87,0.62,-0.005,False,False,False,False
LightGBM,120,5,Copper,1.1855,1.1848,-0.059,52.13,49.87,2.26,-0.002,False,True,True,False
LightGBM,120,5,Nickel,1.1925,1.1848,-0.65,49.36,49.87,-0.51,-0.026,False,False,False,False
LightGBM,120,5,Silver,1.1701,1.1848,1.241,49.97,49.87,0.1,0.044,True,False,True,False
LightGBM,120,5,Tin,1.1827,1.1848,0.177,49.72,49.87,-0.15,0.007,False,False,False,False
LightGBM,120,5,Gold,1.1556,1.1848,2.465,50.64,49.87,0.77,0.09,True,False,True,False
LightGBM,120,5,WTI,1.1782,1.1848,0.557,50.03,49.87,0.16,0.02,True,False,True,False
LightGBM,120,5,STI,1.1821,1.1848,0.228,50.39,49.87,0.52,0.008,False,False,False,False
LightGBM,120,20,BI_Rate,2.4184,2.3944,-1.002,48.65,48.55,0.1,-0.033,False,False,False,False
LightGBM,120,20,CPI,2.3722,2.3944,0.927,49.5,48.55,0.95,0.033,True,False,True,False
LightGBM,120,20,M2,2.3393,2.3944,2.301,49.45,48.55,0.9,0.071,True,False,True,False
LightGBM,120,20,NPL_Ratio,2.3502,2.3944,1.846,49.82,48.55,1.27,0.059,True,True,True,True
LightGBM,120,20,USDIDR,2.3744,2.3944,0.835,49.66,48.55,1.11,0.031,True,True,True,True
LightGBM,120,20,GDP,2.3497,2.3944,1.867,50.29,48.55,1.74,0.065,True,True,True,True
LightGBM,120,20,US_Treasury_10Y,2.6433,2.3944,-10.395,49.5,48.55,0.95,-0.508,False,False,False,False
LightGBM,120,20,Coal,2.4731,2.3944,-3.287,49.39,48.55,0.84,-0.127,False,False,False,False
LightGBM,120,20,Copper,2.2549,2.3944,5.826,49.82,48.55,1.27,0.239,True,True,True,True
LightGBM,120,20,Nickel,2.4864,2.3944,-3.842,49.08,48.55,0.53,-0.179,False,False,False,False
LightGBM,120,20,Silver,2.3118,2.3944,3.45,50.61,48.55,2.06,0.118,True,True,True,True
LightGBM,120,20,Tin,2.3825,2.3944,0.497,49.34,48.55,0.79,0.02,True,False,True,False
LightGBM,120,20,Gold,2.2416,2.3944,6.382,49.76,48.55,1.21,0.242,True,True,True,True
LightGBM,120,20,WTI,2.3002,2.3944,3.934,49.29,48.55,0.74,0.128,True,False,True,False
LightGBM,120,20,STI,2.3754,2.3944,0.794,49.71,48.55,1.16,0.027,True,True,True,True
