feature,importance,covariate_set,scenario
STI_lag_105,0.018755454745105104,Macro_Regional,W120_H1
IHSG_lag_118,0.018282632937632853,Macro_Regional,W120_H1
IHSG_lag_119,0.0132049805542363,Macro_Regional,W120_H1
IHSG_lag_120,0.011947897141693526,Macro_Regional,W120_H1
STI_lag_110,0.01183641213948168,Macro_Regional,W120_H1
STI_lag_93,0.011117794992675244,Macro_Regional,W120_H1
STI_lag_91,0.011057249084096114,Macro_Regional,W120_H1
IHSG_lag_116,0.010875279624987551,Macro_Regional,W120_H1
STI_lag_86,0.010568607263915003,Macro_Regional,W120_H1
STI_lag_117,0.010411843923318141,Macro_Regional,W120_H1
STI_lag_111,0.009370766758182172,Macro_Regional,W120_H1
IHSG_lag_115,0.009161418519339947,Macro_Regional,W120_H1
IHSG_lag_117,0.00906255243003374,Macro_Regional,W120_H1
STI_lag_98,0.008967709742885088,Macro_Regional,W120_H1
STI_lag_74,0.008876703320190858,Macro_Regional,W120_H1
IHSG_lag_114,0.008775079247588344,Macro_Regional,W120_H1
STI_lag_116,0.008697445833351785,Macro_Regional,W120_H1
STI_lag_99,0.00857404502911192,Macro_Regional,W120_H1
IHSG_lag_113,0.008106386205892076,Macro_Regional,W120_H1
STI_lag_75,0.007542987836856534,Macro_Regional,W120_H1
IHSG_lag_111,0.007301627383204718,Macro_Regional,W120_H1
STI_lag_38,0.00708604761893262,Macro_Regional,W120_H1
STI_lag_56,0.006443303304965997,Macro_Regional,W120_H1
STI_lag_50,0.006428057719413427,Macro_Regional,W120_H1
STI_lag_73,0.006120193806764296,Macro_Regional,W120_H1
STI_lag_68,0.005908995660247254,Macro_Regional,W120_H1
IHSG_lag_109,0.00585392836298209,Macro_Regional,W120_H1
STI_lag_92,0.005802917270946424,Macro_Regional,W120_H1
STI_lag_57,0.005791789839368141,Macro_Regional,W120_H1
STI_lag_87,0.005791273826864537,Macro_Regional,W120_H1
STI_lag_104,0.0055881018773852155,Macro_Regional,W120_H1
STI_lag_81,0.005551391924339945,Macro_Regional,W120_H1
STI_lag_62,0.005353536778323229,Macro_Regional,W120_H1
STI_lag_63,0.0053442723172981476,Macro_Regional,W120_H1
IHSG_lag_2,0.0051664840783503885,Macro_Regional,W120_H1
STI_lag_69,0.005166369238713034,Macro_Regional,W120_H1
STI_lag_26,0.005018702923351572,Macro_Regional,W120_H1
STI_lag_51,0.004991447542633807,Macro_Regional,W120_H1
IHSG_lag_112,0.004585942897407997,Macro_Regional,W120_H1
NPL_Ratio_lag_120,0.004529981137070779,Macro_Regional,W120_H1
IHSG_lag_107,0.004483982779807058,Macro_Regional,W120_H1
IHSG_lag_110,0.004426367073961608,Macro_Regional,W120_H1
STI_lag_29,0.004425124150089928,Macro_Regional,W120_H1
M2_lag_66,0.004255045654819131,Macro_Regional,W120_H1
BI_Rate_lag_35,0.0042453128344193064,Macro_Regional,W120_H1
M2_lag_40,0.004098696557735879,Macro_Regional,W120_H1
IHSG_lag_47,0.004081150120760079,Macro_Regional,W120_H1
STI_lag_55,0.004074884251431742,Macro_Regional,W120_H1
STI_lag_11,0.00403351589270171,Macro_Regional,W120_H1
STI_lag_80,0.003995740877559162,Macro_Regional,W120_H1
BI_Rate_lag_25,0.003928190430291552,Macro_Regional,W120_H1
CPI_lag_36,0.003816249814382287,Macro_Regional,W120_H1
IHSG_lag_99,0.0037648349409500717,Macro_Regional,W120_H1
IHSG_lag_95,0.0037635643361662967,Macro_Regional,W120_H1
STI_lag_8,0.0037428413895839673,Macro_Regional,W120_H1
USDIDR_lag_111,0.0036969336223441535,Macro_Regional,W120_H1
BI_Rate_lag_17,0.003594087505350003,Macro_Regional,W120_H1
STI_lag_31,0.0034537765501890597,Macro_Regional,W120_H1
M2_lag_41,0.0033394085192774924,Macro_Regional,W120_H1
BI_Rate_lag_19,0.0033098388578688153,Macro_Regional,W120_H1
STI_lag_43,0.003268537791880458,Macro_Regional,W120_H1
IHSG_lag_108,0.0032376752110470143,Macro_Regional,W120_H1
USDIDR_lag_117,0.0031474208889884564,Macro_Regional,W120_H1
IHSG_lag_1,0.003131018678591508,Macro_Regional,W120_H1
IHSG_lag_76,0.0031284554379172923,Macro_Regional,W120_H1
IHSG_lag_104,0.0030577064319303863,Macro_Regional,W120_H1
IHSG_lag_101,0.0028818183226476655,Macro_Regional,W120_H1
IHSG_lag_80,0.0028374044652826605,Macro_Regional,W120_H1
STI_lag_9,0.0028050784675607053,Macro_Regional,W120_H1
IHSG_lag_33,0.002699112148934116,Macro_Regional,W120_H1
CPI_lag_32,0.0026880577851041724,Macro_Regional,W120_H1
USDIDR_lag_32,0.002633601742426483,Macro_Regional,W120_H1
IHSG_lag_73,0.002595819553000956,Macro_Regional,W120_H1
NPL_Ratio_lag_68,0.0025495094862443024,Macro_Regional,W120_H1
USDIDR_lag_87,0.0025352771540323093,Macro_Regional,W120_H1
STI_lag_21,0.0025179855449627853,Macro_Regional,W120_H1
BI_Rate_lag_38,0.0024967357212045743,Macro_Regional,W120_H1
IHSG_lag_88,0.0024959450853167297,Macro_Regional,W120_H1
STI_lag_39,0.002493328937087497,Macro_Regional,W120_H1
IHSG_lag_96,0.0024913043391594004,Macro_Regional,W120_H1
USDIDR_lag_72,0.0024912025242796424,Macro_Regional,W120_H1
USDIDR_lag_15,0.0024772859134498558,Macro_Regional,W120_H1
STI_lag_13,0.0024618222012287665,Macro_Regional,W120_H1
NPL_Ratio_lag_60,0.0024559805493542136,Macro_Regional,W120_H1
IHSG_lag_53,0.0024194699454137087,Macro_Regional,W120_H1
USDIDR_lag_50,0.0024088041074701474,Macro_Regional,W120_H1
USDIDR_lag_8,0.002408643136071164,Macro_Regional,W120_H1
STI_lag_15,0.0023709689871234873,Macro_Regional,W120_H1
IHSG_lag_102,0.00233757268628221,Macro_Regional,W120_H1
IHSG_lag_106,0.002329963263441078,Macro_Regional,W120_H1
USDIDR_lag_65,0.00229523024325445,Macro_Regional,W120_H1
IHSG_lag_92,0.002287432339181039,Macro_Regional,W120_H1
IHSG_lag_91,0.0022778511595992037,Macro_Regional,W120_H1
USDIDR_lag_63,0.0022701114002785885,Macro_Regional,W120_H1
USDIDR_lag_27,0.0022438110804259117,Macro_Regional,W120_H1
STI_lag_45,0.0022326089531174167,Macro_Regional,W120_H1
BI_Rate_lag_24,0.002208585169982054,Macro_Regional,W120_H1
NPL_Ratio_lag_99,0.002207209432003838,Macro_Regional,W120_H1
CPI_lag_29,0.0021945279670092825,Macro_Regional,W120_H1
USDIDR_lag_99,0.002191275113792346,Macro_Regional,W120_H1
IHSG_lag_64,0.0021758388048596818,Macro_Regional,W120_H1
BI_Rate_lag_45,0.0021731492090505777,Macro_Regional,W120_H1
USDIDR_lag_69,0.0021698582164581823,Macro_Regional,W120_H1
IHSG_lag_72,0.002159670060295231,Macro_Regional,W120_H1
USDIDR_lag_18,0.0021400972588027597,Macro_Regional,W120_H1
STI_lag_109,0.00211205982270607,Macro_Regional,W120_H1
STI_lag_3,0.002111085471173746,Macro_Regional,W120_H1
STI_lag_1,0.0021055612463173816,Macro_Regional,W120_H1
M2_lag_6,0.00210007786834454,Macro_Regional,W120_H1
CPI_lag_3,0.00209631369794451,Macro_Regional,W120_H1
M2_lag_57,0.00209575259387317,Macro_Regional,W120_H1
IHSG_lag_87,0.0020683754373610574,Macro_Regional,W120_H1
BI_Rate_lag_56,0.002055001759913677,Macro_Regional,W120_H1
CPI_lag_114,0.0020536040784738356,Macro_Regional,W120_H1
USDIDR_lag_38,0.0020427092904603977,Macro_Regional,W120_H1
STI_lag_7,0.0020137669220345556,Macro_Regional,W120_H1
IHSG_lag_5,0.0020115065009585096,Macro_Regional,W120_H1
M2_lag_104,0.0019982367188092903,Macro_Regional,W120_H1
CPI_lag_92,0.00199370636650309,Macro_Regional,W120_H1
USDIDR_lag_20,0.001968010844655968,Macro_Regional,W120_H1
USDIDR_lag_93,0.001961324190553929,Macro_Regional,W120_H1
M2_lag_63,0.0019572094844123923,Macro_Regional,W120_H1
USDIDR_lag_59,0.0019393410738540752,Macro_Regional,W120_H1
IHSG_lag_79,0.0019267984748160452,Macro_Regional,W120_H1
IHSG_lag_84,0.0019195224168175999,Macro_Regional,W120_H1
USDIDR_lag_62,0.001918410042018501,Macro_Regional,W120_H1
IHSG_lag_85,0.0019176586218106028,Macro_Regional,W120_H1
STI_lag_61,0.0018798045646203428,Macro_Regional,W120_H1
NPL_Ratio_lag_53,0.0018754081154539002,Macro_Regional,W120_H1
M2_lag_69,0.0018732780530154734,Macro_Regional,W120_H1
USDIDR_lag_44,0.0018716037988597543,Macro_Regional,W120_H1
IHSG_lag_50,0.0018710594816157221,Macro_Regional,W120_H1
STI_lag_33,0.001859081504700911,Macro_Regional,W120_H1
NPL_Ratio_lag_55,0.0018572830476620463,Macro_Regional,W120_H1
IHSG_lag_90,0.0018427688296030226,Macro_Regional,W120_H1
IHSG_lag_59,0.001833542334539226,Macro_Regional,W120_H1
BI_Rate_lag_51,0.0018284441989823944,Macro_Regional,W120_H1
M2_lag_56,0.0018158073586709712,Macro_Regional,W120_H1
STI_lag_112,0.0018134309687664468,Macro_Regional,W120_H1
STI_lag_2,0.0017948745932414556,Macro_Regional,W120_H1
BI_Rate_lag_62,0.0017922949484484069,Macro_Regional,W120_H1
NPL_Ratio_lag_75,0.0017483512193833127,Macro_Regional,W120_H1
STI_lag_20,0.0017470994794141948,Macro_Regional,W120_H1
USDIDR_lag_116,0.0017422292257641549,Macro_Regional,W120_H1
CPI_lag_14,0.0017331248808327992,Macro_Regional,W120_H1
IHSG_lag_105,0.0017235438931426136,Macro_Regional,W120_H1
STI_lag_14,0.0017008523364116055,Macro_Regional,W120_H1
NPL_Ratio_lag_57,0.0016976251923732986,Macro_Regional,W120_H1
NPL_Ratio_lag_58,0.0016967921955304732,Macro_Regional,W120_H1
IHSG_lag_57,0.0016927934796174507,Macro_Regional,W120_H1
BI_Rate_lag_15,0.0016797198866959056,Macro_Regional,W120_H1
IHSG_lag_14,0.0016670617008049046,Macro_Regional,W120_H1
USDIDR_lag_86,0.0016640940172423456,Macro_Regional,W120_H1
IHSG_lag_93,0.001639003244530519,Macro_Regional,W120_H1
CPI_lag_109,0.0016323143308636435,Macro_Regional,W120_H1
IHSG_lag_49,0.0016315864216346365,Macro_Regional,W120_H1
IHSG_lag_36,0.0016224783348204805,Macro_Regional,W120_H1
IHSG_lag_60,0.0016167776819799927,Macro_Regional,W120_H1
BI_Rate_lag_63,0.00161630428520703,Macro_Regional,W120_H1
CPI_lag_55,0.0016016969950080687,Macro_Regional,W120_H1
BI_Rate_lag_86,0.0016008327144770706,Macro_Regional,W120_H1
IHSG_lag_103,0.0015936631457600745,Macro_Regional,W120_H1
IHSG_lag_8,0.0015935435244613817,Macro_Regional,W120_H1
M2_lag_48,0.0015804235840544529,Macro_Regional,W120_H1
NPL_Ratio_lag_39,0.0015729828517060285,Macro_Regional,W120_H1
NPL_Ratio_lag_21,0.0015662286368220268,Macro_Regional,W120_H1
M2_lag_44,0.0015661109908374174,Macro_Regional,W120_H1
USDIDR_lag_26,0.0015655062330869839,Macro_Regional,W120_H1
CPI_lag_35,0.0015617707044428832,Macro_Regional,W120_H1
BI_Rate_lag_99,0.0015573115748740486,Macro_Regional,W120_H1
M2_lag_68,0.0015559999196636098,Macro_Regional,W120_H1
IHSG_lag_75,0.0015496499893583112,Macro_Regional,W120_H1
M2_lag_30,0.0015312973583243394,Macro_Regional,W120_H1
BI_Rate_lag_9,0.0015097685559999135,Macro_Regional,W120_H1
USDIDR_lag_2,0.0014974455973578503,Macro_Regional,W120_H1
USDIDR_lag_14,0.0014888868097192938,Macro_Regional,W120_H1
STI_lag_77,0.0014856103889407395,Macro_Regional,W120_H1
NPL_Ratio_lag_3,0.0014837127541633085,Macro_Regional,W120_H1
USDIDR_lag_33,0.0014691446162737299,Macro_Regional,W120_H1
CPI_lag_50,0.0014665333326069406,Macro_Regional,W120_H1
NPL_Ratio_lag_1,0.0014607626645630144,Macro_Regional,W120_H1
NPL_Ratio_lag_33,0.0014591637552282385,Macro_Regional,W120_H1
USDIDR_lag_39,0.001436698723360623,Macro_Regional,W120_H1
BI_Rate_lag_23,0.0014337804042965504,Macro_Regional,W120_H1
IHSG_lag_51,0.0014314817751795046,Macro_Regional,W120_H1
NPL_Ratio_lag_50,0.0014278161619224866,Macro_Regional,W120_H1
NPL_Ratio_lag_111,0.0014262357817771128,Macro_Regional,W120_H1
IHSG_lag_82,0.0014230713632845137,Macro_Regional,W120_H1
M2_lag_20,0.00142229362762294,Macro_Regional,W120_H1
NPL_Ratio_lag_98,0.0014181591762934865,Macro_Regional,W120_H1
CPI_lag_87,0.001408262759011202,Macro_Regional,W120_H1
IHSG_lag_54,0.0014072579158453033,Macro_Regional,W120_H1
USDIDR_lag_89,0.001398403250453363,Macro_Regional,W120_H1
USDIDR_lag_98,0.0013935577651161284,Macro_Regional,W120_H1
STI_lag_19,0.0013919468031479225,Macro_Regional,W120_H1
M2_lag_110,0.0013907638654888413,Macro_Regional,W120_H1
NPL_Ratio_lag_20,0.001389078414852057,Macro_Regional,W120_H1
NPL_Ratio_lag_38,0.0013867570636153354,Macro_Regional,W120_H1
BI_Rate_lag_117,0.001383134250314699,Macro_Regional,W120_H1
IHSG_lag_43,0.001375864901958573,Macro_Regional,W120_H1
USDIDR_lag_45,0.0013675497674276594,Macro_Regional,W120_H1
IHSG_lag_44,0.0013663053345475149,Macro_Regional,W120_H1
IHSG_lag_94,0.0013661420257846412,Macro_Regional,W120_H1
IHSG_lag_32,0.001362692683910142,Macro_Regional,W120_H1
NPL_Ratio_lag_27,0.0013621277588581886,Macro_Regional,W120_H1
NPL_Ratio_lag_103,0.001340344267744743,Macro_Regional,W120_H1
IHSG_lag_38,0.001340022655737614,Macro_Regional,W120_H1
CPI_lag_81,0.0013377710820658708,Macro_Regional,W120_H1
BI_Rate_lag_3,0.00133324774377567,Macro_Regional,W120_H1
NPL_Ratio_lag_32,0.001332734547722122,Macro_Regional,W120_H1
IHSG_lag_45,0.0013281805258217067,Macro_Regional,W120_H1
M2_lag_14,0.0013256727192451708,Macro_Regional,W120_H1
IHSG_lag_68,0.001322360351814047,Macro_Regional,W120_H1
NPL_Ratio_lag_63,0.0013209453010443709,Macro_Regional,W120_H1
BI_Rate_lag_39,0.001314662970295279,Macro_Regional,W120_H1
NPL_Ratio_lag_5,0.0013135715460672955,Macro_Regional,W120_H1
M2_lag_80,0.0013097894867814125,Macro_Regional,W120_H1
M2_lag_15,0.0013036125406164245,Macro_Regional,W120_H1
NPL_Ratio_lag_74,0.0012954037467798403,Macro_Regional,W120_H1
STI_lag_103,0.0012951645776123402,Macro_Regional,W120_H1
IHSG_lag_24,0.0012933221447890063,Macro_Regional,W120_H1
M2_lag_95,0.0012873502678327734,Macro_Regional,W120_H1
USDIDR_lag_91,0.0012852024540318755,Macro_Regional,W120_H1
IHSG_lag_89,0.0012811727199225614,Macro_Regional,W120_H1
IHSG_lag_15,0.0012809421158279188,Macro_Regional,W120_H1
IHSG_lag_19,0.0012805457892991216,Macro_Regional,W120_H1
M2_lag_111,0.0012735491139505436,Macro_Regional,W120_H1
BI_Rate_lag_108,0.0012712693182409195,Macro_Regional,W120_H1
NPL_Ratio_lag_26,0.0012655074454791643,Macro_Regional,W120_H1
IHSG_lag_58,0.0012647094426980567,Macro_Regional,W120_H1
IHSG_lag_98,0.00126420499141442,Macro_Regional,W120_H1
M2_lag_101,0.0012626574530073009,Macro_Regional,W120_H1
CPI_lag_2,0.0012609949815997547,Macro_Regional,W120_H1
IHSG_lag_70,0.0012584447402821373,Macro_Regional,W120_H1
USDIDR_lag_66,0.001253953687644962,Macro_Regional,W120_H1
M2_lag_116,0.0012526418177562291,Macro_Regional,W120_H1
BI_Rate_lag_32,0.0012526211920980946,Macro_Regional,W120_H1
USDIDR_lag_110,0.0012520999383110536,Macro_Regional,W120_H1
M2_lag_46,0.0012520185290189963,Macro_Regional,W120_H1
M2_lag_25,0.001251976132095927,Macro_Regional,W120_H1
USDIDR_lag_75,0.0012462857529863393,Macro_Regional,W120_H1
IHSG_lag_66,0.0012444855842681354,Macro_Regional,W120_H1
STI_lag_27,0.0012390798568010105,Macro_Regional,W120_H1
CPI_lag_31,0.0012302978570902126,Macro_Regional,W120_H1
M2_lag_81,0.0012284283974831297,Macro_Regional,W120_H1
IHSG_lag_26,0.0012277181010283053,Macro_Regional,W120_H1
CPI_lag_15,0.0012232215926874638,Macro_Regional,W120_H1
IHSG_lag_100,0.0012223054837489497,Macro_Regional,W120_H1
IHSG_lag_83,0.0012134658132069783,Macro_Regional,W120_H1
USDIDR_lag_115,0.0012093209610178387,Macro_Regional,W120_H1
CPI_lag_20,0.001207524757152965,Macro_Regional,W120_H1
BI_Rate_lag_111,0.001206286972088402,Macro_Regional,W120_H1
CPI_lag_8,0.0012060417478916197,Macro_Regional,W120_H1
M2_lag_89,0.0012060294488926958,Macro_Regional,W120_H1
BI_Rate_lag_44,0.00120190293212769,Macro_Regional,W120_H1
STI_lag_44,0.0011974326624028747,Macro_Regional,W120_H1
NPL_Ratio_lag_87,0.0011965605243710212,Macro_Regional,W120_H1
IHSG_lag_52,0.0011906258965815508,Macro_Regional,W120_H1
NPL_Ratio_lag_109,0.0011902018698691933,Macro_Regional,W120_H1
USDIDR_lag_74,0.0011874896377614256,Macro_Regional,W120_H1
CPI_lag_57,0.0011873004704653974,Macro_Regional,W120_H1
M2_lag_105,0.0011866857238870703,Macro_Regional,W120_H1
M2_lag_51,0.0011862878275918786,Macro_Regional,W120_H1
USDIDR_lag_105,0.001183584996669164,Macro_Regional,W120_H1
BI_Rate_lag_27,0.0011814441175817608,Macro_Regional,W120_H1
USDIDR_lag_71,0.0011771607996276287,Macro_Regional,W120_H1
M2_lag_99,0.0011766977664526318,Macro_Regional,W120_H1
IHSG_lag_6,0.0011689333544686164,Macro_Regional,W120_H1
IHSG_lag_46,0.0011645150173225068,Macro_Regional,W120_H1
BI_Rate_lag_98,0.0011641390943910137,Macro_Regional,W120_H1
IHSG_lag_97,0.0011620988807400224,Macro_Regional,W120_H1
BI_Rate_lag_57,0.001158958734245852,Macro_Regional,W120_H1
CPI_lag_104,0.001158463910020773,Macro_Regional,W120_H1
NPL_Ratio_lag_62,0.0011579736069818095,Macro_Regional,W120_H1
USDIDR_lag_57,0.0011536814430068412,Macro_Regional,W120_H1
USDIDR_lag_97,0.0011515568912668192,Macro_Regional,W120_H1
NPL_Ratio_lag_44,0.0011509118574449806,Macro_Regional,W120_H1
USDIDR_lag_104,0.0011497443515121604,Macro_Regional,W120_H1
IHSG_lag_56,0.0011494254429522078,Macro_Regional,W120_H1
IHSG_lag_78,0.0011488892147105993,Macro_Regional,W120_H1
CPI_lag_74,0.001142915810108517,Macro_Regional,W120_H1
CPI_lag_75,0.0011426210891055662,Macro_Regional,W120_H1
IHSG_lag_16,0.0011330150812105943,Macro_Regional,W120_H1
M2_lag_21,0.0011322371397116976,Macro_Regional,W120_H1
CPI_lag_108,0.0011314373808142767,Macro_Regional,W120_H1
IHSG_lag_86,0.0011284480800006693,Macro_Regional,W120_H1
USDIDR_lag_51,0.0011207812126387,Macro_Regional,W120_H1
IHSG_lag_67,0.001119859313108703,Macro_Regional,W120_H1
NPL_Ratio_lag_86,0.0011154116835147923,Macro_Regional,W120_H1
BI_Rate_lag_74,0.0011143035558353334,Macro_Regional,W120_H1
IHSG_lag_55,0.0011128462958616846,Macro_Regional,W120_H1
STI_lag_32,0.0011118350959975162,Macro_Regional,W120_H1
IHSG_lag_35,0.0011099875277196037,Macro_Regional,W120_H1
NPL_Ratio_lag_79,0.00110553789853133,Macro_Regional,W120_H1
IHSG_lag_40,0.0011026981933111675,Macro_Regional,W120_H1
IHSG_lag_34,0.0010986399172070271,Macro_Regional,W120_H1
BI_Rate_lag_104,0.0010983288733212408,Macro_Regional,W120_H1
M2_lag_93,0.001091625853400383,Macro_Regional,W120_H1
USDIDR_lag_92,0.0010913909384448052,Macro_Regional,W120_H1
IHSG_lag_69,0.0010870158206910444,Macro_Regional,W120_H1
BI_Rate_lag_65,0.0010863322735646373,Macro_Regional,W120_H1
M2_lag_8,0.001082999808177331,Macro_Regional,W120_H1
IHSG_lag_17,0.0010754292169465767,Macro_Regional,W120_H1
BI_Rate_lag_72,0.0010739635008511716,Macro_Regional,W120_H1
NPL_Ratio_lag_105,0.0010726069899276102,Macro_Regional,W120_H1
CPI_lag_21,0.0010725095407120588,Macro_Regional,W120_H1
BI_Rate_lag_8,0.001068939624405419,Macro_Regional,W120_H1
BI_Rate_lag_105,0.001051490443063788,Macro_Regional,W120_H1
NPL_Ratio_lag_45,0.00104415713508471,Macro_Regional,W120_H1
BI_Rate_lag_5,0.0010347392815518242,Macro_Regional,W120_H1
CPI_lag_90,0.0010309480699301704,Macro_Regional,W120_H1
IHSG_lag_28,0.001030600592975045,Macro_Regional,W120_H1
IHSG_lag_63,0.0010282186713204322,Macro_Regional,W120_H1
IHSG_lag_3,0.0010228415218821987,Macro_Regional,W120_H1
STI_lag_115,0.0010207520168344065,Macro_Regional,W120_H1
CPI_lag_30,0.0010200398873612495,Macro_Regional,W120_H1
BI_Rate_lag_50,0.0010157743571524934,Macro_Regional,W120_H1
CPI_lag_69,0.0010057569086331032,Macro_Regional,W120_H1
NPL_Ratio_lag_117,0.000997855401497517,Macro_Regional,W120_H1
NPL_Ratio_lag_116,0.000997577310998251,Macro_Regional,W120_H1
USDIDR_lag_81,0.0009969205255911993,Macro_Regional,W120_H1
CPI_lag_44,0.000994758658443932,Macro_Regional,W120_H1
IHSG_lag_21,0.0009943669914958305,Macro_Regional,W120_H1
M2_lag_27,0.0009941445605202545,Macro_Regional,W120_H1
IHSG_lag_61,0.000987891763754238,Macro_Regional,W120_H1
NPL_Ratio_lag_89,0.0009866395635954371,Macro_Regional,W120_H1
BI_Rate_lag_2,0.0009719679507722408,Macro_Regional,W120_H1
M2_lag_107,0.0009697749487777924,Macro_Regional,W120_H1
BI_Rate_lag_13,0.0009686687767372062,Macro_Regional,W120_H1
IHSG_lag_27,0.0009659012353576892,Macro_Regional,W120_H1
IHSG_lag_81,0.0009600922420441657,Macro_Regional,W120_H1
NPL_Ratio_lag_37,0.0009393450932053597,Macro_Regional,W120_H1
NPL_Ratio_lag_93,0.0009351695393135662,Macro_Regional,W120_H1
CPI_lag_9,0.0009337804865217902,Macro_Regional,W120_H1
BI_Rate_lag_14,0.0009284931283993714,Macro_Regional,W120_H1
IHSG_lag_39,0.0009281095263385424,Macro_Regional,W120_H1
CPI_lag_80,0.0009254322203843992,Macro_Regional,W120_H1
IHSG_lag_74,0.0009221152771339246,Macro_Regional,W120_H1
USDIDR_lag_61,0.0009177216650316809,Macro_Regional,W120_H1
CPI_lag_25,0.0009173030943848146,Macro_Regional,W120_H1
NPL_Ratio_lag_8,0.0009170304308563897,Macro_Regional,W120_H1
M2_lag_38,0.000914070713918039,Macro_Regional,W120_H1
IHSG_lag_65,0.0009139739395037285,Macro_Regional,W120_H1
NPL_Ratio_lag_92,0.0009130309959725292,Macro_Regional,W120_H1
CPI_lag_64,0.0009119559824334395,Macro_Regional,W120_H1
BI_Rate_lag_78,0.0009116457471134932,Macro_Regional,W120_H1
IHSG_lag_11,0.0009075732051063943,Macro_Regional,W120_H1
BI_Rate_lag_68,0.0009049783415630084,Macro_Regional,W120_H1
BI_Rate_lag_93,0.0008970750846666487,Macro_Regional,W120_H1
NPL_Ratio_lag_15,0.0008968587627035514,Macro_Regional,W120_H1
BI_Rate_lag_20,0.0008956786511514209,Macro_Regional,W120_H1
CPI_lag_51,0.0008924212679844449,Macro_Regional,W120_H1
CPI_lag_13,0.0008916752076745254,Macro_Regional,W120_H1
BI_Rate_lag_81,0.0008914316007494754,Macro_Regional,W120_H1
STI_lag_107,0.0008901830301852499,Macro_Regional,W120_H1
M2_lag_39,0.0008899112075457765,Macro_Regional,W120_H1
NPL_Ratio_lag_69,0.0008899007684078419,Macro_Regional,W120_H1
CPI_lag_111,0.0008856867316767061,Macro_Regional,W120_H1
IHSG_lag_30,0.0008838527913040747,Macro_Regional,W120_H1
USDIDR_lag_56,0.0008769065102867025,Macro_Regional,W120_H1
M2_lag_26,0.0008717603452851328,Macro_Regional,W120_H1
IHSG_lag_71,0.0008714323889292963,Macro_Regional,W120_H1
IHSG_lag_7,0.0008714077089565654,Macro_Regional,W120_H1
BI_Rate_lag_21,0.0008707956865275417,Macro_Regional,W120_H1
CPI_lag_27,0.0008682940738490526,Macro_Regional,W120_H1
IHSG_lag_41,0.0008671177940777952,Macro_Regional,W120_H1
M2_lag_2,0.0008649391940962486,Macro_Regional,W120_H1
IHSG_lag_22,0.0008625467096189573,Macro_Regional,W120_H1
CPI_lag_45,0.0008544232801753112,Macro_Regional,W120_H1
NPL_Ratio_lag_78,0.0008539646791077117,Macro_Regional,W120_H1
CPI_lag_117,0.0008491539054798341,Macro_Regional,W120_H1
M2_lag_9,0.0008482775359147916,Macro_Regional,W120_H1
CPI_lag_98,0.0008468672605772382,Macro_Regional,W120_H1
IHSG_lag_42,0.0008428405344336768,Macro_Regional,W120_H1
USDIDR_lag_9,0.0008420786224389845,Macro_Regional,W120_H1
M2_lag_62,0.0008408043257545796,Macro_Regional,W120_H1
IHSG_lag_12,0.0008391996778962917,Macro_Regional,W120_H1
M2_lag_71,0.0008274670954912177,Macro_Regional,W120_H1
M2_lag_3,0.0008183371423638797,Macro_Regional,W120_H1
IHSG_lag_77,0.0008116362630128588,Macro_Regional,W120_H1
NPL_Ratio_lag_83,0.0008064963149446008,Macro_Regional,W120_H1
NPL_Ratio_lag_51,0.000805805474267934,Macro_Regional,W120_H1
IHSG_lag_4,0.0008046702894941072,Macro_Regional,W120_H1
IHSG_lag_29,0.00080265449159661,Macro_Regional,W120_H1
M2_lag_117,0.0008023308653916159,Macro_Regional,W120_H1
CPI_lag_33,0.0008007350998215703,Macro_Regional,W120_H1
M2_lag_33,0.000798039128494475,Macro_Regional,W120_H1
IHSG_lag_9,0.0007956888040833827,Macro_Regional,W120_H1
CPI_lag_102,0.0007927977234465833,Macro_Regional,W120_H1
BI_Rate_lag_102,0.0007916587469296323,Macro_Regional,W120_H1
BI_Rate_lag_92,0.000788477660593738,Macro_Regional,W120_H1
M2_lag_87,0.0007851464478204591,Macro_Regional,W120_H1
NPL_Ratio_lag_81,0.0007832593978889342,Macro_Regional,W120_H1
NPL_Ratio_lag_96,0.0007828987923907798,Macro_Regional,W120_H1
M2_lag_42,0.0007793645769226803,Macro_Regional,W120_H1
IHSG_lag_31,0.000773643734879974,Macro_Regional,W120_H1
CPI_lag_56,0.0007733146998416831,Macro_Regional,W120_H1
CPI_lag_110,0.0007705551552240052,Macro_Regional,W120_H1
IHSG_lag_37,0.0007629484682596944,Macro_Regional,W120_H1
STI_lag_83,0.0007598871108794462,Macro_Regional,W120_H1
BI_Rate_lag_87,0.0007595494934370058,Macro_Regional,W120_H1
USDIDR_lag_68,0.0007595256855469939,Macro_Regional,W120_H1
M2_lag_115,0.0007577747601655172,Macro_Regional,W120_H1
IHSG_lag_10,0.0007554801852516599,Macro_Regional,W120_H1
M2_lag_103,0.0007515830456318242,Macro_Regional,W120_H1
M2_lag_78,0.0007515625703729011,Macro_Regional,W120_H1
USDIDR_lag_37,0.0007514476446967876,Macro_Regional,W120_H1
IHSG_lag_23,0.0007492828530552496,Macro_Regional,W120_H1
NPL_Ratio_lag_2,0.0007465528595545489,Macro_Regional,W120_H1
IHSG_lag_13,0.0007438750660095597,Macro_Regional,W120_H1
M2_lag_49,0.000740093255394852,Macro_Regional,W120_H1
M2_lag_75,0.0007388932208242741,Macro_Regional,W120_H1
M2_lag_108,0.0007368333192953064,Macro_Regional,W120_H1
CPI_lag_86,0.0007356950641940932,Macro_Regional,W120_H1
USDIDR_lag_94,0.000733944602174993,Macro_Regional,W120_H1
CPI_lag_113,0.0007284942647331504,Macro_Regional,W120_H1
M2_lag_82,0.0007235515221038217,Macro_Regional,W120_H1
CPI_lag_73,0.000716996961792802,Macro_Regional,W120_H1
M2_lag_18,0.0007146881316349989,Macro_Regional,W120_H1
CPI_lag_105,0.0007121901387958137,Macro_Regional,W120_H1
M2_lag_98,0.0007108915284182324,Macro_Regional,W120_H1
IHSG_lag_62,0.0007034106064088443,Macro_Regional,W120_H1
M2_lag_45,0.0006885179719701514,Macro_Regional,W120_H1
IHSG_lag_48,0.000687905944306048,Macro_Regional,W120_H1
BI_Rate_lag_80,0.0006865845797566085,Macro_Regional,W120_H1
CPI_lag_62,0.0006859670694435176,Macro_Regional,W120_H1
BI_Rate_lag_83,0.0006854202920325392,Macro_Regional,W120_H1
M2_lag_119,0.0006807691934113712,Macro_Regional,W120_H1
BI_Rate_lag_26,0.0006761925068981313,Macro_Regional,W120_H1
STI_lag_49,0.0006705077210454966,Macro_Regional,W120_H1
M2_lag_96,0.000669641357841821,Macro_Regional,W120_H1
M2_lag_74,0.000662910743648219,Macro_Regional,W120_H1
BI_Rate_lag_73,0.0006618784238836769,Macro_Regional,W120_H1
USDIDR_lag_80,0.000660371057389829,Macro_Regional,W120_H1
BI_Rate_lag_43,0.0006586131195997748,Macro_Regional,W120_H1
NPL_Ratio_lag_9,0.0006562144453148263,Macro_Regional,W120_H1
NPL_Ratio_lag_49,0.0006461966545938656,Macro_Regional,W120_H1
BI_Rate_lag_110,0.0006445922792561249,Macro_Regional,W120_H1
USDIDR_lag_11,0.0006398932873772688,Macro_Regional,W120_H1
NPL_Ratio_lag_113,0.0006360602659572838,Macro_Regional,W120_H1
CPI_lag_39,0.0006356277320773463,Macro_Regional,W120_H1
CPI_lag_61,0.0006342130745755713,Macro_Regional,W120_H1
CPI_lag_68,0.000627836132055184,Macro_Regional,W120_H1
CPI_lag_26,0.0006270900245837388,Macro_Regional,W120_H1
NPL_Ratio_lag_56,0.0006223931780605289,Macro_Regional,W120_H1
M2_lag_17,0.0006170582452629585,Macro_Regional,W120_H1
CPI_lag_116,0.0006164457545732181,Macro_Regional,W120_H1
BI_Rate_lag_33,0.0006104153373930627,Macro_Regional,W120_H1
M2_lag_35,0.0006083750213515431,Macro_Regional,W120_H1
STI_lag_71,0.0006055690677373039,Macro_Regional,W120_H1
M2_lag_92,0.0006022567383459833,Macro_Regional,W120_H1
NPL_Ratio_lag_6,0.000599510724973624,Macro_Regional,W120_H1
USDIDR_lag_70,0.0005913196372717394,Macro_Regional,W120_H1
M2_lag_50,0.000590779648088043,Macro_Regional,W120_H1
USDIDR_lag_43,0.0005897293060076394,Macro_Regional,W120_H1
BI_Rate_lag_103,0.0005879272312281881,Macro_Regional,W120_H1
USDIDR_lag_119,0.0005826599337966116,Macro_Regional,W120_H1
NPL_Ratio_lag_84,0.0005816697215587698,Macro_Regional,W120_H1
NPL_Ratio_lag_14,0.0005754656176518481,Macro_Regional,W120_H1
CPI_lag_99,0.0005743221616438692,Macro_Regional,W120_H1
NPL_Ratio_lag_110,0.0005676122173009178,Macro_Regional,W120_H1
CPI_lag_93,0.0005673139279749754,Macro_Regional,W120_H1
CPI_lag_59,0.0005661957216301593,Macro_Regional,W120_H1
CPI_lag_63,0.0005615931886900645,Macro_Regional,W120_H1
NPL_Ratio_lag_66,0.0005568703954154202,Macro_Regional,W120_H1
NPL_Ratio_lag_104,0.0005539661583609759,Macro_Regional,W120_H1
IHSG_lag_25,0.0005464313476102654,Macro_Regional,W120_H1
CPI_lag_42,0.0005327199315513638,Macro_Regional,W120_H1
CPI_lag_18,0.0005302575624374095,Macro_Regional,W120_H1
BI_Rate_lag_71,0.000528753559246656,Macro_Regional,W120_H1
BI_Rate_lag_77,0.0005198098001210975,Macro_Regional,W120_H1
USDIDR_lag_24,0.0005181017433394064,Macro_Regional,W120_H1
M2_lag_73,0.0005156096928105546,Macro_Regional,W120_H1
BI_Rate_lag_30,0.0005132525027074484,Macro_Regional,W120_H1
BI_Rate_lag_114,0.0005096469679220044,Macro_Regional,W120_H1
STI_lag_18,0.0005016601474413316,Macro_Regional,W120_H1
M2_lag_61,0.0005014213308123626,Macro_Regional,W120_H1
BI_Rate_lag_69,0.000501005348678294,Macro_Regional,W120_H1
CPI_lag_66,0.0004995897726972008,Macro_Regional,W120_H1
BI_Rate_lag_66,0.0004973769351042085,Macro_Regional,W120_H1
IHSG_lag_18,0.0004942547001870739,Macro_Regional,W120_H1
M2_lag_36,0.0004929331261211071,Macro_Regional,W120_H1
M2_lag_24,0.0004898749615209748,Macro_Regional,W120_H1
CPI_lag_37,0.0004846206924669635,Macro_Regional,W120_H1
NPL_Ratio_lag_73,0.0004783280121758348,Macro_Regional,W120_H1
M2_lag_65,0.0004720988841149908,Macro_Regional,W120_H1
USDIDR_lag_3,0.00046645480740937183,Macro_Regional,W120_H1
USDIDR_lag_73,0.0004621693722403176,Macro_Regional,W120_H1
STI_lag_94,0.00046052658020557114,Macro_Regional,W120_H1
BI_Rate_lag_116,0.0004595332461869527,Macro_Regional,W120_H1
NPL_Ratio_lag_64,0.0004578902787982268,Macro_Regional,W120_H1
BI_Rate_lag_75,0.0004570660987121597,Macro_Regional,W120_H1
USDIDR_lag_21,0.0004554143477852932,Macro_Regional,W120_H1
NPL_Ratio_lag_36,0.00045246610109472396,Macro_Regional,W120_H1
NPL_Ratio_lag_24,0.0004465472913212689,Macro_Regional,W120_H1
CPI_lag_119,0.0004453875392589386,Macro_Regional,W120_H1
CPI_lag_95,0.0004449018599462551,Macro_Regional,W120_H1
CPI_lag_58,0.00044421202970896357,Macro_Regional,W120_H1
USDIDR_lag_79,0.00044311746789434304,Macro_Regional,W120_H1
BI_Rate_lag_59,0.00044270395529553324,Macro_Regional,W120_H1
STI_lag_76,0.00043291000065661105,Macro_Regional,W120_H1
STI_lag_97,0.00043216622548344143,Macro_Regional,W120_H1
NPL_Ratio_lag_77,0.0004298007905505625,Macro_Regional,W120_H1
M2_lag_114,0.0004290338539146298,Macro_Regional,W120_H1
M2_lag_47,0.00042784893633599755,Macro_Regional,W120_H1
STI_lag_78,0.0004243012861205749,Macro_Regional,W120_H1
BI_Rate_lag_90,0.00042222030723352286,Macro_Regional,W120_H1
USDIDR_lag_46,0.0004197610537407531,Macro_Regional,W120_H1
NPL_Ratio_lag_31,0.0004155917735546884,Macro_Regional,W120_H1
CPI_lag_91,0.00041354667811700167,Macro_Regional,W120_H1
BI_Rate_lag_6,0.0004122554317617055,Macro_Regional,W120_H1
STI_lag_95,0.00040906466533240457,Macro_Regional,W120_H1
NPL_Ratio_lag_43,0.0004082717568634196,Macro_Regional,W120_H1
M2_lag_34,0.00040512043549786723,Macro_Regional,W120_H1
NPL_Ratio_lag_19,0.0004051062569936604,Macro_Regional,W120_H1
M2_lag_23,0.00039993552188674923,Macro_Regional,W120_H1
CPI_lag_60,0.00039811622072618734,Macro_Regional,W120_H1
M2_lag_72,0.0003964192485735947,Macro_Regional,W120_H1
CPI_lag_38,0.0003944889599861461,Macro_Regional,W120_H1
NPL_Ratio_lag_80,0.0003905739036726719,Macro_Regional,W120_H1
CPI_lag_83,0.0003881056308621812,Macro_Regional,W120_H1
M2_lag_37,0.00038687933813403734,Macro_Regional,W120_H1
USDIDR_lag_113,0.0003865993894042909,Macro_Regional,W120_H1
USDIDR_lag_96,0.00038647623696842857,Macro_Regional,W120_H1
BI_Rate_lag_29,0.00038627760519007365,Macro_Regional,W120_H1
IHSG_lag_20,0.00038575329331353645,Macro_Regional,W120_H1
M2_lag_86,0.00037966626501553395,Macro_Regional,W120_H1
NPL_Ratio_lag_115,0.00037555322326282846,Macro_Regional,W120_H1
M2_lag_43,0.000374934023873628,Macro_Regional,W120_H1
BI_Rate_lag_1,0.00036695420262908166,Macro_Regional,W120_H1
M2_lag_32,0.0003632011523212376,Macro_Regional,W120_H1
USDIDR_lag_55,0.0003600044552806127,Macro_Regional,W120_H1
USDIDR_lag_120,0.00035779793062984,Macro_Regional,W120_H1
M2_lag_90,0.00035100115364996513,Macro_Regional,W120_H1
STI_lag_96,0.0003455567800643854,Macro_Regional,W120_H1
BI_Rate_lag_42,0.0003414726290795501,Macro_Regional,W120_H1
NPL_Ratio_lag_106,0.0003405646167673063,Macro_Regional,W120_H1
USDIDR_lag_6,0.0003361559257650877,Macro_Regional,W120_H1
NPL_Ratio_lag_25,0.00033435080528265406,Macro_Regional,W120_H1
NPL_Ratio_lag_54,0.00033174117526536785,Macro_Regional,W120_H1
M2_lag_19,0.000330305754775604,Macro_Regional,W120_H1
M2_lag_79,0.0003267671383492139,Macro_Regional,W120_H1
CPI_lag_54,0.0003231813288357875,Macro_Regional,W120_H1
NPL_Ratio_lag_67,0.0003231539386243023,Macro_Regional,W120_H1
STI_lag_25,0.00032035360650215053,Macro_Regional,W120_H1
M2_lag_102,0.0003193288255757274,Macro_Regional,W120_H1
M2_lag_120,0.0003176891130545133,Macro_Regional,W120_H1
CPI_lag_79,0.0003163439681298161,Macro_Regional,W120_H1
BI_Rate_lag_47,0.00031626571367679353,Macro_Regional,W120_H1
NPL_Ratio_lag_95,0.00031470209774269527,Macro_Regional,W120_H1
CPI_lag_53,0.00031384634274144883,Macro_Regional,W120_H1
NPL_Ratio_lag_48,0.00031259954240727523,Macro_Regional,W120_H1
BI_Rate_lag_54,0.00031203839086688356,Macro_Regional,W120_H1
NPL_Ratio_lag_13,0.00031091568238872006,Macro_Regional,W120_H1
BI_Rate_lag_82,0.0003080893986515835,Macro_Regional,W120_H1
BI_Rate_lag_22,0.0003072218584392972,Macro_Regional,W120_H1
USDIDR_lag_34,0.00029869191910163184,Macro_Regional,W120_H1
STI_lag_6,0.00029751668387694466,Macro_Regional,W120_H1
USDIDR_lag_1,0.00029587762165953385,Macro_Regional,W120_H1
M2_lag_22,0.00028862856573546604,Macro_Regional,W120_H1
M2_lag_91,0.0002814819632821678,Macro_Regional,W120_H1
BI_Rate_lag_37,0.0002803467769721124,Macro_Regional,W120_H1
STI_lag_114,0.00027695925055001597,Macro_Regional,W120_H1
BI_Rate_lag_48,0.0002761809559221783,Macro_Regional,W120_H1
USDIDR_lag_76,0.0002734448242346845,Macro_Regional,W120_H1
M2_lag_84,0.0002731172269005505,Macro_Regional,W120_H1
USDIDR_lag_118,0.00026990680464410264,Macro_Regional,W120_H1
BI_Rate_lag_109,0.0002690392134532117,Macro_Regional,W120_H1
USDIDR_lag_47,0.0002681952256200882,Macro_Regional,W120_H1
NPL_Ratio_lag_61,0.0002663614313316452,Macro_Regional,W120_H1
CPI_lag_120,0.0002661335316150917,Macro_Regional,W120_H1
CPI_lag_89,0.0002656972183185097,Macro_Regional,W120_H1
USDIDR_lag_67,0.00025926229072228827,Macro_Regional,W120_H1
BI_Rate_lag_67,0.00025907342527180846,Macro_Regional,W120_H1
USDIDR_lag_60,0.00025482328125928306,Macro_Regional,W120_H1
STI_lag_102,0.0002511899362374166,Macro_Regional,W120_H1
CPI_lag_65,0.0002463108253170366,Macro_Regional,W120_H1
STI_lag_65,0.00024357887631172112,Macro_Regional,W120_H1
CPI_lag_115,0.00024203932682429307,Macro_Regional,W120_H1
CPI_lag_78,0.00024156476054685753,Macro_Regional,W120_H1
CPI_lag_17,0.00023471116011939403,Macro_Regional,W120_H1
NPL_Ratio_lag_12,0.00023460050500105273,Macro_Regional,W120_H1
CPI_lag_97,0.00023281688019776738,Macro_Regional,W120_H1
M2_lag_54,0.000232584065767274,Macro_Regional,W120_H1
NPL_Ratio_lag_102,0.0002321412548243808,Macro_Regional,W120_H1
STI_lag_36,0.00023026128882169898,Macro_Regional,W120_H1
CPI_lag_103,0.00022562044788990466,Macro_Regional,W120_H1
USDIDR_lag_17,0.00022230464456678015,Macro_Regional,W120_H1
STI_lag_12,0.00021972971470469795,Macro_Regional,W120_H1
NPL_Ratio_lag_71,0.00021452238918426885,Macro_Regional,W120_H1
CPI_lag_7,0.0002141488003542862,Macro_Regional,W120_H1
NPL_Ratio_lag_114,0.00021239049266265093,Macro_Regional,W120_H1
BI_Rate_lag_60,0.00021072907229233796,Macro_Regional,W120_H1
CPI_lag_77,0.0002105374995266235,Macro_Regional,W120_H1
STI_lag_35,0.0002067179880290095,Macro_Regional,W120_H1
BI_Rate_lag_85,0.00019913771474390222,Macro_Regional,W120_H1
M2_lag_85,0.00019593877234258222,Macro_Regional,W120_H1
NPL_Ratio_lag_42,0.0001958673302086266,Macro_Regional,W120_H1
NPL_Ratio_lag_97,0.00019341577387460942,Macro_Regional,W120_H1
USDIDR_lag_25,0.0001920772570579206,Macro_Regional,W120_H1
BI_Rate_lag_53,0.0001919464699251607,Macro_Regional,W120_H1
STI_lag_22,0.00019168272179091137,Macro_Regional,W120_H1
BI_Rate_lag_91,0.00018455116400263016,Macro_Regional,W120_H1
STI_lag_5,0.00018185789623385577,Macro_Regional,W120_H1
USDIDR_lag_114,0.0001800027122526936,Macro_Regional,W120_H1
USDIDR_lag_90,0.00017708178298387941,Macro_Regional,W120_H1
M2_lag_97,0.00017616663334787713,Macro_Regional,W120_H1
M2_lag_52,0.00017585258611761036,Macro_Regional,W120_H1
BI_Rate_lag_4,0.00017518100826111174,Macro_Regional,W120_H1
M2_lag_1,0.00017479372698536193,Macro_Regional,W120_H1
NPL_Ratio_lag_72,0.0001725920808371205,Macro_Regional,W120_H1
BI_Rate_lag_49,0.00016733658161643633,Macro_Regional,W120_H1
STI_lag_79,0.0001655115696932971,Macro_Regional,W120_H1
USDIDR_lag_58,0.00016543605443713121,Macro_Regional,W120_H1
CPI_lag_106,0.00016460574131724632,Macro_Regional,W120_H1
CPI_lag_82,0.00016228570264916264,Macro_Regional,W120_H1
CPI_lag_85,0.00016191712382222315,Macro_Regional,W120_H1
BI_Rate_lag_84,0.00016083028399230782,Macro_Regional,W120_H1
NPL_Ratio_lag_41,0.0001593133376171753,Macro_Regional,W120_H1
USDIDR_lag_13,0.0001549521416768393,Macro_Regional,W120_H1
STI_lag_118,0.00015380513282115907,Macro_Regional,W120_H1
USDIDR_lag_77,0.000152431313101963,Macro_Regional,W120_H1
CPI_lag_96,0.00014973637004455915,Macro_Regional,W120_H1
NPL_Ratio_lag_65,0.00014639596101030574,Macro_Regional,W120_H1
STI_lag_84,0.00014569046532981978,Macro_Regional,W120_H1
STI_lag_101,0.00014395291331712902,Macro_Regional,W120_H1
STI_lag_42,0.0001437917321963237,Macro_Regional,W120_H1
USDIDR_lag_22,0.00014191179304536285,Macro_Regional,W120_H1
STI_lag_59,0.0001418322369768544,Macro_Regional,W120_H1
NPL_Ratio_lag_59,0.00014169907900650684,Macro_Regional,W120_H1
M2_lag_76,0.0001405742312081526,Macro_Regional,W120_H1
BI_Rate_lag_101,0.0001405644826812838,Macro_Regional,W120_H1
USDIDR_lag_109,0.00013879790288666002,Macro_Regional,W120_H1
NPL_Ratio_lag_91,0.00013766421267733824,Macro_Regional,W120_H1
NPL_Ratio_lag_108,0.0001347443297188347,Macro_Regional,W120_H1
CPI_lag_12,0.0001345717304472585,Macro_Regional,W120_H1
STI_lag_85,0.00013271562512497302,Macro_Regional,W120_H1
NPL_Ratio_lag_30,0.0001316643416117094,Macro_Regional,W120_H1
USDIDR_lag_35,0.00013044223573815196,Macro_Regional,W120_H1
STI_lag_4,0.000123592757869535,Macro_Regional,W120_H1
USDIDR_lag_64,0.00012268238856405692,Macro_Regional,W120_H1
NPL_Ratio_lag_85,0.00011890763118918662,Macro_Regional,W120_H1
STI_lag_66,0.00011882587200484744,Macro_Regional,W120_H1
CPI_lag_43,0.00011770423802623452,Macro_Regional,W120_H1
STI_lag_100,0.00011397271729847997,Macro_Regional,W120_H1
CPI_lag_84,0.00011240827887589594,Macro_Regional,W120_H1
BI_Rate_lag_107,0.00011058742110978505,Macro_Regional,W120_H1
USDIDR_lag_101,0.00010837751611220996,Macro_Regional,W120_H1
USDIDR_lag_102,0.00010828109938808591,Macro_Regional,W120_H1
STI_lag_48,0.00010751057729183714,Macro_Regional,W120_H1
NPL_Ratio_lag_101,0.00010746019455800441,Macro_Regional,W120_H1
STI_lag_47,0.00010718749367596815,Macro_Regional,W120_H1
BI_Rate_lag_70,0.00010620868664929127,Macro_Regional,W120_H1
STI_lag_119,0.00010446868251632697,Macro_Regional,W120_H1
BI_Rate_lag_18,0.00010383961464608177,Macro_Regional,W120_H1
CPI_lag_23,0.00010250316073314221,Macro_Regional,W120_H1
CPI_lag_49,0.00010077231380397909,Macro_Regional,W120_H1
STI_lag_30,0.00010041023421903212,Macro_Regional,W120_H1
NPL_Ratio_lag_18,9.982288831892491e-05,Macro_Regional,W120_H1
NPL_Ratio_lag_100,9.924514492289346e-05,Macro_Regional,W120_H1
STI_lag_67,9.795873166247575e-05,Macro_Regional,W120_H1
NPL_Ratio_lag_107,9.73218615285679e-05,Macro_Regional,W120_H1
USDIDR_lag_31,9.658016872141972e-05,Macro_Regional,W120_H1
BI_Rate_lag_10,9.613141862135425e-05,Macro_Regional,W120_H1
STI_lag_58,9.612803747455377e-05,Macro_Regional,W120_H1
BI_Rate_lag_97,9.596190851287917e-05,Macro_Regional,W120_H1
NPL_Ratio_lag_7,9.294182608107524e-05,Macro_Regional,W120_H1
USDIDR_lag_103,9.164229504241041e-05,Macro_Regional,W120_H1
USDIDR_lag_40,8.972517964130175e-05,Macro_Regional,W120_H1
USDIDR_lag_88,8.844624262495896e-05,Macro_Regional,W120_H1
BI_Rate_lag_95,8.830959994162813e-05,Macro_Regional,W120_H1
USDIDR_lag_19,8.738444717699167e-05,Macro_Regional,W120_H1
BI_Rate_lag_89,8.540838307408992e-05,Macro_Regional,W120_H1
NPL_Ratio_lag_112,8.408871732189046e-05,Macro_Regional,W120_H1
CPI_lag_24,8.32769814059397e-05,Macro_Regional,W120_H1
STI_lag_10,8.148210578912295e-05,Macro_Regional,W120_H1
NPL_Ratio_lag_35,8.088702438901305e-05,Macro_Regional,W120_H1
CPI_lag_41,7.979654738606063e-05,Macro_Regional,W120_H1
M2_lag_112,7.814464012774773e-05,Macro_Regional,W120_H1
STI_lag_17,7.536516973524377e-05,Macro_Regional,W120_H1
STI_lag_108,7.388990473837247e-05,Macro_Regional,W120_H1
BI_Rate_lag_64,7.333838653238822e-05,Macro_Regional,W120_H1
BI_Rate_lag_115,7.272780690004369e-05,Macro_Regional,W120_H1
USDIDR_lag_85,7.246811792144027e-05,Macro_Regional,W120_H1
M2_lag_67,7.217674123950824e-05,Macro_Regional,W120_H1
BI_Rate_lag_58,7.129787358549906e-05,Macro_Regional,W120_H1
USDIDR_lag_100,7.00886027951883e-05,Macro_Regional,W120_H1
M2_lag_109,6.943831031515628e-05,Macro_Regional,W120_H1
CPI_lag_19,6.89617142640283e-05,Macro_Regional,W120_H1
NPL_Ratio_lag_47,6.88745938951352e-05,Macro_Regional,W120_H1
STI_lag_28,6.638954769633867e-05,Macro_Regional,W120_H1
BI_Rate_lag_31,6.501110522087493e-05,Macro_Regional,W120_H1
M2_lag_60,6.428379574832095e-05,Macro_Regional,W120_H1
NPL_Ratio_lag_11,6.381832439511592e-05,Macro_Regional,W120_H1
M2_lag_77,6.334591798634449e-05,Macro_Regional,W120_H1
M2_lag_106,6.29377397777669e-05,Macro_Regional,W120_H1
NPL_Ratio_lag_40,6.279868495945255e-05,Macro_Regional,W120_H1
BI_Rate_lag_76,6.273608044506576e-05,Macro_Regional,W120_H1
CPI_lag_11,6.240445064109563e-05,Macro_Regional,W120_H1
BI_Rate_lag_11,6.170060545129028e-05,Macro_Regional,W120_H1
USDIDR_lag_10,6.094890358728462e-05,Macro_Regional,W120_H1
BI_Rate_lag_40,5.872477027892614e-05,Macro_Regional,W120_H1
BI_Rate_lag_12,5.6746290992022696e-05,Macro_Regional,W120_H1
STI_lag_60,5.638523761289787e-05,Macro_Regional,W120_H1
NPL_Ratio_lag_94,5.5488449994134926e-05,Macro_Regional,W120_H1
STI_lag_37,5.43992577858719e-05,Macro_Regional,W120_H1
BI_Rate_lag_112,5.431913884120748e-05,Macro_Regional,W120_H1
NPL_Ratio_lag_90,5.4198788858447517e-05,Macro_Regional,W120_H1
CPI_lag_4,5.373664073257273e-05,Macro_Regional,W120_H1
USDIDR_lag_78,5.3713078777847105e-05,Macro_Regional,W120_H1
BI_Rate_lag_41,5.23812507485542e-05,Macro_Regional,W120_H1
BI_Rate_lag_61,5.1917065356248074e-05,Macro_Regional,W120_H1
STI_lag_70,5.088585477063003e-05,Macro_Regional,W120_H1
USDIDR_lag_7,4.940802335207388e-05,Macro_Regional,W120_H1
STI_lag_46,4.9275089482719186e-05,Macro_Regional,W120_H1
STI_lag_120,4.897318937312522e-05,Macro_Regional,W120_H1
M2_lag_29,4.889921964399015e-05,Macro_Regional,W120_H1
USDIDR_lag_54,4.8577288782179125e-05,Macro_Regional,W120_H1
STI_lag_64,4.8485001640344694e-05,Macro_Regional,W120_H1
USDIDR_lag_107,4.633183163269596e-05,Macro_Regional,W120_H1
BI_Rate_lag_79,4.454038084053684e-05,Macro_Regional,W120_H1
CPI_lag_76,4.428761421725624e-05,Macro_Regional,W120_H1
NPL_Ratio_lag_52,4.300742497502799e-05,Macro_Regional,W120_H1
USDIDR_lag_95,4.284669809583258e-05,Macro_Regional,W120_H1
CPI_lag_107,4.2168353502932486e-05,Macro_Regional,W120_H1
STI_lag_90,4.133118799199813e-05,Macro_Regional,W120_H1
BI_Rate_lag_113,4.1178895388752364e-05,Macro_Regional,W120_H1
NPL_Ratio_lag_23,3.920359017498975e-05,Macro_Regional,W120_H1
CPI_lag_101,3.77657146814679e-05,Macro_Regional,W120_H1
USDIDR_lag_16,3.6837257192001095e-05,Macro_Regional,W120_H1
STI_lag_24,3.603437331797591e-05,Macro_Regional,W120_H1
NPL_Ratio_lag_119,3.6034100908201893e-05,Macro_Regional,W120_H1
CPI_lag_70,3.595915984454817e-05,Macro_Regional,W120_H1
STI_lag_106,3.4657202460972836e-05,Macro_Regional,W120_H1
BI_Rate_lag_28,3.439750145925841e-05,Macro_Regional,W120_H1
USDIDR_lag_5,3.4315459581705726e-05,Macro_Regional,W120_H1
M2_lag_53,3.37699947721542e-05,Macro_Regional,W120_H1
M2_lag_55,3.3521122910232915e-05,Macro_Regional,W120_H1
STI_lag_16,3.266267094733112e-05,Macro_Regional,W120_H1
BI_Rate_lag_55,3.1897126444822694e-05,Macro_Regional,W120_H1
USDIDR_lag_23,3.135329976743782e-05,Macro_Regional,W120_H1
M2_lag_59,3.1062579056515846e-05,Macro_Regional,W120_H1
USDIDR_lag_30,3.0069622503977527e-05,Macro_Regional,W120_H1
BI_Rate_lag_36,2.973157065896788e-05,Macro_Regional,W120_H1
CPI_lag_40,2.9315109485333254e-05,Macro_Regional,W120_H1
USDIDR_lag_53,2.8916010719822686e-05,Macro_Regional,W120_H1
USDIDR_lag_83,2.4324930376873944e-05,Macro_Regional,W120_H1
BI_Rate_lag_7,2.298810040648264e-05,Macro_Regional,W120_H1
USDIDR_lag_48,2.2738469639896787e-05,Macro_Regional,W120_H1
USDIDR_lag_82,2.2569866287253886e-05,Macro_Regional,W120_H1
M2_lag_31,2.2509522496794512e-05,Macro_Regional,W120_H1
CPI_lag_71,2.2485029687971813e-05,Macro_Regional,W120_H1
STI_lag_41,2.177118829139914e-05,Macro_Regional,W120_H1
M2_lag_70,2.1309695553637827e-05,Macro_Regional,W120_H1
CPI_lag_100,2.0091712023633573e-05,Macro_Regional,W120_H1
M2_lag_100,2.004326638506619e-05,Macro_Regional,W120_H1
M2_lag_12,1.9515761303572336e-05,Macro_Regional,W120_H1
USDIDR_lag_108,1.9451754594013215e-05,Macro_Regional,W120_H1
BI_Rate_lag_120,1.9362695762323506e-05,Macro_Regional,W120_H1
M2_lag_5,1.856087973481889e-05,Macro_Regional,W120_H1
M2_lag_7,1.799596770701945e-05,Macro_Regional,W120_H1
M2_lag_83,1.7320209477168152e-05,Macro_Regional,W120_H1
CPI_lag_28,1.6768376412133558e-05,Macro_Regional,W120_H1
NPL_Ratio_lag_118,1.595615265624113e-05,Macro_Regional,W120_H1
STI_lag_113,1.460717986635664e-05,Macro_Regional,W120_H1
BI_Rate_lag_46,1.4523679703216989e-05,Macro_Regional,W120_H1
USDIDR_lag_41,1.3707757741916301e-05,Macro_Regional,W120_H1
STI_lag_54,1.309564241730696e-05,Macro_Regional,W120_H1
BI_Rate_lag_34,1.2700435678789573e-05,Macro_Regional,W120_H1
M2_lag_4,1.2135581572690349e-05,Macro_Regional,W120_H1
NPL_Ratio_lag_29,1.186625991826028e-05,Macro_Regional,W120_H1
STI_lag_53,1.1582069001838138e-05,Macro_Regional,W120_H1
M2_lag_11,1.1075806056138923e-05,Macro_Regional,W120_H1
USDIDR_lag_12,1.1057918639642728e-05,Macro_Regional,W120_H1
STI_lag_88,1.0127946130137833e-05,Macro_Regional,W120_H1
NPL_Ratio_lag_4,1.0039662416841753e-05,Macro_Regional,W120_H1
NPL_Ratio_lag_82,8.986890031785038e-06,Macro_Regional,W120_H1
STI_lag_23,8.044396873329854e-06,Macro_Regional,W120_H1
CPI_lag_48,7.973197994995837e-06,Macro_Regional,W120_H1
USDIDR_lag_112,7.244431461159162e-06,Macro_Regional,W120_H1
NPL_Ratio_lag_10,7.120537977850783e-06,Macro_Regional,W120_H1
CPI_lag_72,6.919285178741923e-06,Macro_Regional,W120_H1
STI_lag_82,6.860575248563678e-06,Macro_Regional,W120_H1
M2_lag_113,6.4358694854258245e-06,Macro_Regional,W120_H1
NPL_Ratio_lag_17,6.1720919497267255e-06,Macro_Regional,W120_H1
M2_lag_88,5.519205694303659e-06,Macro_Regional,W120_H1
USDIDR_lag_49,5.061806412821434e-06,Macro_Regional,W120_H1
CPI_lag_112,4.781450154534984e-06,Macro_Regional,W120_H1
USDIDR_lag_84,4.585230652705813e-06,Macro_Regional,W120_H1
NPL_Ratio_lag_46,4.395597999760986e-06,Macro_Regional,W120_H1
USDIDR_lag_42,4.287450052080025e-06,Macro_Regional,W120_H1
USDIDR_lag_28,4.1404407122604504e-06,Macro_Regional,W120_H1
NPL_Ratio_lag_34,3.2569829998255303e-06,Macro_Regional,W120_H1
STI_lag_89,3.2494882652022953e-06,Macro_Regional,W120_H1
M2_lag_28,3.216970140656235e-06,Macro_Regional,W120_H1
USDIDR_lag_29,2.7723989993029305e-06,Macro_Regional,W120_H1
CPI_lag_16,2.71019998358124e-06,Macro_Regional,W120_H1
CPI_lag_1,2.0686811294982805e-06,Macro_Regional,W120_H1
BI_Rate_lag_119,1.9140621197626633e-06,Macro_Regional,W120_H1
CPI_lag_52,1.7649888087530344e-06,Macro_Regional,W120_H1
BI_Rate_lag_16,1.6625706455676246e-06,Macro_Regional,W120_H1
M2_lag_118,1.6558446413764379e-06,Macro_Regional,W120_H1
NPL_Ratio_lag_88,1.2403979012119646e-06,Macro_Regional,W120_H1
BI_Rate_lag_118,1.1074624956303657e-06,Macro_Regional,W120_H1
STI_lag_40,6.310182358567628e-07,Macro_Regional,W120_H1
CPI_lag_6,6.066472361537995e-07,Macro_Regional,W120_H1
M2_lag_58,5.497256466268135e-07,Macro_Regional,W120_H1
NPL_Ratio_lag_22,3.3108457050332226e-07,Macro_Regional,W120_H1
STI_lag_34,3.1081955199877004e-07,Macro_Regional,W120_H1
CPI_lag_67,2.938691811221295e-07,Macro_Regional,W120_H1
BI_Rate_lag_100,2.532245278120193e-07,Macro_Regional,W120_H1
CPI_lag_88,1.3352644807225033e-07,Macro_Regional,W120_H1
USDIDR_lag_4,1.275928899303987e-07,Macro_Regional,W120_H1
USDIDR_lag_36,7.322894120678432e-08,Macro_Regional,W120_H1
USDIDR_lag_106,4.337667137822458e-08,Macro_Regional,W120_H1
CPI_lag_118,0.0,Macro_Regional,W120_H1
BI_Rate_lag_94,0.0,Macro_Regional,W120_H1
USDIDR_lag_52,0.0,Macro_Regional,W120_H1
M2_lag_10,0.0,Macro_Regional,W120_H1
BI_Rate_lag_96,0.0,Macro_Regional,W120_H1
CPI_lag_94,0.0,Macro_Regional,W120_H1
BI_Rate_lag_106,0.0,Macro_Regional,W120_H1
CPI_lag_5,0.0,Macro_Regional,W120_H1
CPI_lag_10,0.0,Macro_Regional,W120_H1
CPI_lag_47,0.0,Macro_Regional,W120_H1
M2_lag_64,0.0,Macro_Regional,W120_H1
M2_lag_94,0.0,Macro_Regional,W120_H1
NPL_Ratio_lag_16,0.0,Macro_Regional,W120_H1
BI_Rate_lag_88,0.0,Macro_Regional,W120_H1
CPI_lag_22,0.0,Macro_Regional,W120_H1
CPI_lag_34,0.0,Macro_Regional,W120_H1
BI_Rate_lag_52,0.0,Macro_Regional,W120_H1
CPI_lag_46,0.0,Macro_Regional,W120_H1
NPL_Ratio_lag_76,0.0,Macro_Regional,W120_H1
NPL_Ratio_lag_28,0.0,Macro_Regional,W120_H1
STI_lag_52,0.0,Macro_Regional,W120_H1
NPL_Ratio_lag_70,0.0,Macro_Regional,W120_H1
STI_lag_72,0.0,Macro_Regional,W120_H1
M2_lag_16,0.0,Macro_Regional,W120_H1
M2_lag_13,0.0,Macro_Regional,W120_H1
