Model,Covariates,Window,Horizon,mape_mean,mape_std,da_mean,mase_mean,n_folds
ExtraTrees,All_Commodity_STI,20,1,0.63742,0.15184365972934138,51.855999999999995,1.11412,5
ExtraTrees,All_Commodity_STI,20,5,1.04786,0.25941693853717424,50.989999999999995,1.8328600000000002,5
ExtraTrees,All_Commodity_STI,20,20,2.01106,0.5534795822792382,49.71,3.51068,5
ExtraTrees,All_Commodity_STI,120,1,0.63662,0.15169255749706378,51.444,1.11278,5
ExtraTrees,All_Commodity_STI,120,5,1.0433400000000002,0.2578720865080205,50.366,1.82666,5
ExtraTrees,All_Commodity_STI,120,20,2.0251799999999998,0.5731654098076752,49.552,3.53196,5
ExtraTrees,All_Covariates,20,1,0.63624,0.15080241377378548,52.525999999999996,1.11224,5
ExtraTrees,All_Covariates,20,5,1.0446199999999999,0.25331831161603774,50.312,1.8279800000000002,5
ExtraTrees,All_Covariates,20,20,2.00734,0.5561651490339896,49.498000000000005,3.5037800000000003,5
ExtraTrees,All_Covariates,120,1,0.63624,0.14996710639336874,52.318000000000005,1.11238,5
ExtraTrees,All_Covariates,120,5,1.0425200000000001,0.2541526844241469,50.21,1.8259999999999998,5
ExtraTrees,All_Covariates,120,20,2.02166,0.5727461418464554,49.71,3.5251000000000006,5
ExtraTrees,All_Macro_no_UST,20,1,0.6373599999999999,0.15015756058220972,51.54600000000001,1.11402,5
ExtraTrees,All_Macro_no_UST,20,5,1.04092,0.25317584205448995,50.418,1.82242,5
ExtraTrees,All_Macro_no_UST,20,20,2.0135,0.5608385552010491,49.552,3.5135199999999998,5
ExtraTrees,All_Macro_no_UST,120,1,0.63676,0.15027023324664143,52.267999999999994,1.1131,5
ExtraTrees,All_Macro_no_UST,120,5,1.03732,0.2532130170429633,50.782,1.81782,5
ExtraTrees,All_Macro_no_UST,120,20,2.01602,0.5699719089569237,49.55,3.5164400000000002,5
ExtraTrees,BI_Rate,20,1,0.63796,0.15092731031857687,51.54600000000001,1.1149799999999999,5
ExtraTrees,BI_Rate,20,5,1.03958,0.2527561215875889,51.146,1.8214,5
ExtraTrees,BI_Rate,20,20,2.01494,0.5635547382464281,49.604,3.5157200000000004,5
ExtraTrees,BI_Rate,120,1,0.6380399999999999,0.15177998221109393,50.821999999999996,1.1151,5
ExtraTrees,BI_Rate,120,5,1.03732,0.2538941846517954,51.198,1.81766,5
ExtraTrees,BI_Rate,120,20,2.01716,0.5719081901844035,49.552,3.51818,5
ExtraTrees,Baseline,20,1,0.6385799999999999,0.1523221979883431,51.342,1.1158000000000001,5
ExtraTrees,Baseline,20,5,1.04098,0.2552463163299326,51.198,1.8235599999999998,5
ExtraTrees,Baseline,20,20,2.01384,0.5616211605700057,49.604,3.51392,5
ExtraTrees,Baseline,120,1,0.639,0.1530724175023051,51.44199999999999,1.1163,5
ExtraTrees,Baseline,120,5,1.03902,0.25533932717072777,51.510000000000005,1.8200800000000001,5
ExtraTrees,Baseline,120,20,2.02362,0.5757276326528021,49.552,3.5284,5
ExtraTrees,CPI,20,1,0.63788,0.15116213811665938,51.444,1.1149,5
ExtraTrees,CPI,20,5,1.04086,0.25345893750270476,51.094,1.8235199999999998,5
ExtraTrees,CPI,20,20,2.01452,0.5604269774020522,49.552,3.5157000000000003,5
ExtraTrees,CPI,120,1,0.6378999999999999,0.15108113714160354,50.775999999999996,1.1149799999999999,5
ExtraTrees,CPI,120,5,1.03798,0.2544504116719013,51.146,1.81922,5
ExtraTrees,CPI,120,20,2.01756,0.5728962541333292,49.552,3.51978,5
ExtraTrees,Coal,20,1,0.63876,0.1516175055856018,50.774,1.1161999999999999,5
ExtraTrees,Coal,20,5,1.04226,0.2542332157685143,50.624,1.8258200000000002,5
ExtraTrees,Coal,20,20,2.0168399999999997,0.5635054773469376,49.763999999999996,3.5188800000000002,5
ExtraTrees,Coal,120,1,0.63802,0.15107874436862387,51.339999999999996,1.115,5
ExtraTrees,Coal,120,5,1.0389,0.25444819708537925,51.25,1.8204999999999998,5
ExtraTrees,Coal,120,20,2.02832,0.5783820208132339,49.498000000000005,3.5371200000000003,5
ExtraTrees,Copper,20,1,0.6367,0.15032113956460016,52.784000000000006,1.11296,5
ExtraTrees,Copper,20,5,1.03966,0.25348176068506395,51.354,1.82118,5
ExtraTrees,Copper,20,20,2.0129799999999998,0.5603194686962071,49.868,3.51312,5
ExtraTrees,Copper,120,1,0.63798,0.15132918423093408,51.54600000000001,1.1149999999999998,5
ExtraTrees,Copper,120,5,1.0374,0.2536098184219215,50.989999999999995,1.81788,5
ExtraTrees,Copper,120,20,2.01706,0.568138709295538,49.708000000000006,3.5187999999999997,5
ExtraTrees,GDP,20,1,0.63814,0.15120508589329928,51.702,1.11512,5
ExtraTrees,GDP,20,5,1.03858,0.25101762288731844,51.354,1.81976,5
ExtraTrees,GDP,20,20,2.01416,0.5633778376897693,49.552,3.5147800000000005,5
ExtraTrees,GDP,120,1,0.6383,0.15194211068693228,52.012,1.1154,5
ExtraTrees,GDP,120,5,1.0375400000000001,0.25312471827144817,50.989999999999995,1.8182800000000001,5
ExtraTrees,GDP,120,20,2.0166,0.5694255043462665,49.71,3.5168,5
ExtraTrees,Gold,20,1,0.63856,0.15266252978383396,51.394000000000005,1.1158,5
ExtraTrees,Gold,20,5,1.04108,0.25473906649746525,51.146,1.8233000000000001,5
ExtraTrees,Gold,20,20,2.01052,0.555627556912002,49.814,3.5100000000000002,5
ExtraTrees,Gold,120,1,0.6380600000000001,0.15261978246610108,52.116,1.1149799999999999,5
ExtraTrees,Gold,120,5,1.03744,0.2541197119469483,51.302,1.8175999999999999,5
ExtraTrees,Gold,120,20,2.01418,0.5684551143230219,49.868,3.5141800000000005,5
ExtraTrees,M2,20,1,0.6383,0.15127152739362423,50.565999999999995,1.11568,5
ExtraTrees,M2,20,5,1.03888,0.2532471263410505,51.354,1.8201,5
ExtraTrees,M2,20,20,2.01452,0.560489412924098,49.602,3.51576,5
ExtraTrees,M2,120,1,0.63752,0.15186899617762672,51.90599999999999,1.1141999999999999,5
ExtraTrees,M2,120,5,1.03716,0.25375767574597624,51.302,1.81768,5
ExtraTrees,M2,120,20,2.01776,0.5728957261142729,49.498000000000005,3.5190399999999995,5
ExtraTrees,NPL_Ratio,20,1,0.6376999999999999,0.15088944628435752,51.96,1.11474,5
ExtraTrees,NPL_Ratio,20,5,1.0394,0.2542094510438193,50.989999999999995,1.8207799999999998,5
ExtraTrees,NPL_Ratio,20,20,2.0111,0.5593958660912681,49.868,3.50942,5
ExtraTrees,NPL_Ratio,120,1,0.6373,0.15154055562785823,51.65,1.11374,5
ExtraTrees,NPL_Ratio,120,5,1.0346,0.25156505122929934,50.626,1.8136800000000002,5
ExtraTrees,NPL_Ratio,120,20,2.01586,0.5694582627374898,49.602,3.51608,5
ExtraTrees,Nickel,20,1,0.63846,0.15153776097065708,50.722,1.11592,5
ExtraTrees,Nickel,20,5,1.0433400000000002,0.25671449705850274,50.260000000000005,1.82774,5
ExtraTrees,Nickel,20,20,2.01276,0.5584612323160848,49.658,3.51304,5
ExtraTrees,Nickel,120,1,0.6384000000000001,0.15219715831775568,50.257999999999996,1.11564,5
ExtraTrees,Nickel,120,5,1.03738,0.2548954628862586,50.626,1.8178,5
ExtraTrees,Nickel,120,20,2.0202199999999997,0.569359172227865,49.392,3.52446,5
ExtraTrees,STI,20,1,0.63826,0.151468141864882,51.548,1.1152000000000002,5
ExtraTrees,STI,20,5,1.0443,0.2582736146028084,51.198,1.8276800000000002,5
ExtraTrees,STI,20,20,2.02182,0.5666418772028766,49.55,3.5265999999999997,5
ExtraTrees,STI,120,1,0.63822,0.1521961793212957,52.629999999999995,1.11518,5
ExtraTrees,STI,120,5,1.04128,0.25913486257159607,51.354,1.82302,5
ExtraTrees,STI,120,20,2.03196,0.5908095869228935,49.604,3.53842,5
ExtraTrees,Screening1,20,1,0.6378199999999999,0.15260795195532903,51.03,1.11448,5
ExtraTrees,Screening1,20,5,1.04662,0.25918064549653397,51.042,1.8305,5
ExtraTrees,Screening1,20,20,2.0101199999999997,0.5581283338086325,49.81400000000001,3.5090000000000003,5
ExtraTrees,Screening1,120,1,0.6359999999999999,0.15013808644044985,52.424,1.11206,5
ExtraTrees,Screening1,120,5,1.0413000000000001,0.255015862251743,51.458000000000006,1.8236599999999998,5
ExtraTrees,Screening1,120,20,2.02436,0.5753021319272158,49.55,3.52918,5
ExtraTrees,Screening2,20,1,0.6374,0.1515545776279951,52.06,1.11408,5
ExtraTrees,Screening2,20,5,1.0474,0.2597984507267123,50.989999999999995,1.83188,5
ExtraTrees,Screening2,20,20,2.0098200000000004,0.5565924469483932,49.602,3.5075200000000004,5
ExtraTrees,Screening2,120,1,0.63726,0.15108417521368672,52.67999999999999,1.1139800000000002,5
ExtraTrees,Screening2,120,5,1.04006,0.2531065743911051,51.042,1.82182,5
ExtraTrees,Screening2,120,20,2.02826,0.5764861689581112,49.552,3.5358400000000003,5
ExtraTrees,Silver,20,1,0.63752,0.15226173846373883,53.553999999999995,1.1141400000000001,5
ExtraTrees,Silver,20,5,1.0464,0.259266243464127,51.40599999999999,1.8313400000000002,5
ExtraTrees,Silver,20,20,2.00816,0.5554903446505619,49.604,3.50594,5
ExtraTrees,Silver,120,1,0.63702,0.1506860046586942,53.248000000000005,1.11332,5
ExtraTrees,Silver,120,5,1.0409599999999999,0.2560487316898875,51.40599999999999,1.8233800000000002,5
ExtraTrees,Silver,120,20,2.0190200000000003,0.5754166638184889,49.394,3.52136,5
ExtraTrees,Tin,20,1,0.63838,0.15202602408798305,51.958000000000006,1.1155599999999999,5
ExtraTrees,Tin,20,5,1.04346,0.25737600509760034,50.522000000000006,1.8272000000000002,5
ExtraTrees,Tin,20,20,2.02536,0.5584441404473685,49.446,3.53592,5
ExtraTrees,Tin,120,1,0.6384000000000001,0.15135139576495485,50.414,1.11572,5
ExtraTrees,Tin,120,5,1.03904,0.25245885407329255,50.572,1.8206600000000002,5
ExtraTrees,Tin,120,20,2.0264800000000003,0.5625567989101189,49.392,3.53672,5
ExtraTrees,USDIDR,20,1,0.63796,0.1510681402546546,51.65,1.11482,5
ExtraTrees,USDIDR,20,5,1.04418,0.2572514470318874,50.782,1.82744,5
ExtraTrees,USDIDR,20,20,2.0145600000000004,0.5621799249350694,49.762,3.5147999999999997,5
ExtraTrees,USDIDR,120,1,0.6388,0.1530726624841941,51.132,1.1160599999999998,5
ExtraTrees,USDIDR,120,5,1.03978,0.2558079005816669,50.938,1.8209,5
ExtraTrees,USDIDR,120,20,2.01834,0.5726394703476176,49.55,3.51984,5
ExtraTrees,US_Treasury_10Y,20,1,0.6392,0.14979289035197899,49.327999999999996,1.11728,5
ExtraTrees,US_Treasury_10Y,20,5,1.0438,0.24749322212941519,50.416000000000004,1.8292000000000002,5
ExtraTrees,US_Treasury_10Y,20,20,2.00902,0.5484668877881328,49.868,3.50828,5
ExtraTrees,US_Treasury_10Y,120,1,0.63744,0.14995543671371175,51.598,1.11422,5
ExtraTrees,US_Treasury_10Y,120,5,1.0435400000000001,0.2486845451571126,50.262,1.82892,5
ExtraTrees,US_Treasury_10Y,120,20,2.03038,0.5624861793857694,49.606,3.54268,5
ExtraTrees,WTI,20,1,0.63828,0.15155649771619828,50.826,1.1153400000000002,5
ExtraTrees,WTI,20,5,1.0499800000000001,0.2628722351257355,50.730000000000004,1.8351600000000001,5
ExtraTrees,WTI,20,20,2.01094,0.5584268645042069,49.815999999999995,3.5096600000000002,5
ExtraTrees,WTI,120,1,0.63802,0.15186674092769617,51.702,1.1148399999999998,5
ExtraTrees,WTI,120,5,1.04162,0.25668389509277745,50.938,1.8235,5
ExtraTrees,WTI,120,20,2.02266,0.5784166344426829,49.604,3.5269,5
LightGBM,All_Commodity_STI,20,1,0.68134,0.13505346348761288,53.814,1.1941000000000002,5
LightGBM,All_Commodity_STI,20,5,1.13498,0.25422323261259966,51.926,1.9881199999999999,5
LightGBM,All_Commodity_STI,20,20,2.41932,0.6293846653676907,49.342,4.23954,5
LightGBM,All_Commodity_STI,120,1,0.6891,0.1419732016966582,50.412,1.20708,5
LightGBM,All_Commodity_STI,120,5,1.1192600000000001,0.26113367841012,51.822,1.95738,5
LightGBM,All_Commodity_STI,120,20,2.3416799999999998,0.5337577887019542,49.077999999999996,4.1129999999999995,5
LightGBM,All_Covariates,20,1,0.68348,0.1299995269222161,53.09400000000001,1.1988400000000001,5
LightGBM,All_Covariates,20,5,1.16298,0.2111112431870932,50.208000000000006,2.0438400000000003,5
LightGBM,All_Covariates,20,20,2.4634799999999997,0.5585706821880285,48.022,4.33356,5
LightGBM,All_Covariates,120,1,0.68792,0.1295746194283434,51.082,1.20678,5
LightGBM,All_Covariates,120,5,1.17258,0.18715420647156186,50.052,2.06636,5
LightGBM,All_Covariates,120,20,2.2942,0.45568199986394015,51.398,4.05486,5
LightGBM,All_Macro_no_UST,20,1,0.68406,0.1407060517532917,51.858000000000004,1.19796,5
LightGBM,All_Macro_no_UST,20,5,1.1448,0.25658034803936164,50.208,2.00822,5
LightGBM,All_Macro_no_UST,20,20,2.1970400000000003,0.6937211565175162,49.342,3.81614,5
LightGBM,All_Macro_no_UST,120,1,0.69042,0.1567632354858753,50.308,1.20786,5
LightGBM,All_Macro_no_UST,120,5,1.14306,0.2836602598179732,51.198,2.00706,5
LightGBM,All_Macro_no_UST,120,20,2.17722,0.6067818240521052,50.238,3.8116399999999997,5
LightGBM,BI_Rate,20,1,0.6911400000000001,0.16718880943412448,51.751999999999995,1.2068400000000001,5
LightGBM,BI_Rate,20,5,1.13954,0.2690927776808587,49.896,2.0015799999999997,5
LightGBM,BI_Rate,20,20,2.22546,0.6368186146776803,51.239999999999995,3.877,5
LightGBM,BI_Rate,120,1,0.68726,0.1676762296808942,51.6,1.20176,5
LightGBM,BI_Rate,120,5,1.12318,0.3257935189656172,50.78,1.96442,5
LightGBM,BI_Rate,120,20,2.17962,0.531890432326057,50.660000000000004,3.82256,5
LightGBM,Baseline,20,1,0.6873400000000001,0.17067093484246226,52.164,1.19984,5
LightGBM,Baseline,20,5,1.14446,0.25836569625242445,50.676,2.01028,5
LightGBM,Baseline,20,20,2.19954,0.6629693567579121,50.712,3.82526,5
LightGBM,Baseline,120,1,0.68718,0.16844790589378072,50.566,1.20148,5
LightGBM,Baseline,120,5,1.13364,0.3180985271892972,51.976,1.9830999999999999,5
LightGBM,Baseline,120,20,2.1481000000000003,0.5651476886619992,50.87,3.76254,5
LightGBM,CPI,20,1,0.68476,0.16007094677048678,50.412,1.19734,5
LightGBM,CPI,20,5,1.15236,0.2806522545785087,50.989999999999995,2.0212399999999997,5
LightGBM,CPI,20,20,2.27886,0.6040527361083632,50.184000000000005,3.97056,5
LightGBM,CPI,120,1,0.68932,0.16583876808514952,50.512,1.20518,5
LightGBM,CPI,120,5,1.1437,0.29558977485697974,51.042,2.00604,5
LightGBM,CPI,120,20,2.1755199999999997,0.5705485053875788,49.92,3.8096000000000005,5
LightGBM,Coal,20,1,0.7034800000000001,0.1467943357217846,48.660000000000004,1.2333200000000002,5
LightGBM,Coal,20,5,1.1663000000000001,0.29252216155361627,49.22,2.05374,5
LightGBM,Coal,20,20,2.3366800000000003,0.6791890362778245,50.134,4.0896,5
LightGBM,Coal,120,1,0.70238,0.15200030263127767,48.454,1.23014,5
LightGBM,Coal,120,5,1.19316,0.2534563236536031,50.312,2.0957999999999997,5
LightGBM,Coal,120,20,2.35538,0.5277816470852315,48.81,4.134040000000001,5
LightGBM,Copper,20,1,0.68086,0.15736455445874717,52.577999999999996,1.19038,5
LightGBM,Copper,20,5,1.14384,0.23863232806977336,52.396,2.0115600000000002,5
LightGBM,Copper,20,20,2.1301200000000002,0.5330649088056727,51.186,3.7220999999999997,5
LightGBM,Copper,120,1,0.6904399999999999,0.16162686348500363,51.39,1.20796,5
LightGBM,Copper,120,5,1.14566,0.27201749576084266,51.092,2.0090399999999997,5
LightGBM,Copper,120,20,2.32866,0.5564410732503489,49.71,4.07902,5
LightGBM,GDP,20,1,0.69316,0.16778862595539668,52.062,1.2099600000000001,5
LightGBM,GDP,20,5,1.15002,0.2714683720067588,51.096000000000004,2.01826,5
LightGBM,GDP,20,20,2.2794,0.6430935002003985,51.188,3.96528,5
LightGBM,GDP,120,1,0.6907,0.16480891966152802,50.772000000000006,1.2078,5
LightGBM,GDP,120,5,1.1374600000000001,0.31548350670042963,50.156,1.99012,5
LightGBM,GDP,120,20,2.2134799999999997,0.4991462881761216,50.712,3.8853999999999997,5
LightGBM,Gold,20,1,0.69468,0.16690214797898803,49.739999999999995,1.21512,5
LightGBM,Gold,20,5,1.16004,0.3001904612075474,49.998000000000005,2.0303,5
LightGBM,Gold,20,20,2.23346,0.568139180131066,50.608,3.91322,5
LightGBM,Gold,120,1,0.68346,0.15959021899853387,50.982,1.19546,5
LightGBM,Gold,120,5,1.16358,0.30262114433727194,50.989999999999995,2.0332,5
LightGBM,Gold,120,20,2.25296,0.5493561804512624,48.814,3.95734,5
LightGBM,M2,20,1,0.69282,0.16821947568578383,50.98,1.2102,5
LightGBM,M2,20,5,1.16006,0.29849615240401334,50.572,2.0344,5
LightGBM,M2,20,20,2.28272,0.6315375499524948,50.077999999999996,3.98078,5
LightGBM,M2,120,1,0.69736,0.17024330530155954,49.948,1.22034,5
LightGBM,M2,120,5,1.11798,0.35305848240765997,51.248000000000005,1.9497399999999998,5
LightGBM,M2,120,20,2.1614,0.5461315821301675,49.974000000000004,3.78074,5
LightGBM,NPL_Ratio,20,1,0.69094,0.16230330557323847,50.462,1.20758,5
LightGBM,NPL_Ratio,20,5,1.1454,0.2678094751871188,51.25,2.0116199999999997,5
LightGBM,NPL_Ratio,20,20,2.13598,0.6768552334140586,51.872,3.71766,5
LightGBM,NPL_Ratio,120,1,0.6948399999999999,0.16738549220287888,51.134,1.21342,5
LightGBM,NPL_Ratio,120,5,1.1336,0.33842755502470545,51.614,1.982,5
LightGBM,NPL_Ratio,120,20,2.1635400000000002,0.5876598063505789,49.182,3.7863599999999997,5
LightGBM,Nickel,20,1,0.68346,0.14654940463884525,50.821999999999996,1.1969400000000001,5
LightGBM,Nickel,20,5,1.15142,0.22922507934342606,49.168,2.02708,5
LightGBM,Nickel,20,20,2.28492,0.5157906765345803,50.344,3.996,5
LightGBM,Nickel,120,1,0.6934400000000001,0.153296780788117,49.742000000000004,1.21402,5
LightGBM,Nickel,120,5,1.16456,0.2678959368859483,49.010000000000005,2.04222,5
LightGBM,Nickel,120,20,2.23818,0.4951835538464498,50.45,3.93418,5
LightGBM,STI,20,1,0.68882,0.15499240949156187,52.629999999999995,1.20498,5
LightGBM,STI,20,5,1.16586,0.2674786215756317,50.418,2.0459199999999997,5
LightGBM,STI,20,20,2.21814,0.6121626728247974,49.656,3.86398,5
LightGBM,STI,120,1,0.68728,0.1647977153967858,50.977999999999994,1.20146,5
LightGBM,STI,120,5,1.14412,0.31658878217650105,50.362,1.99648,5
LightGBM,STI,120,20,2.2360200000000003,0.5959071043375807,50.184000000000005,3.9156,5
LightGBM,Screening1,20,1,0.67908,0.14701818594990212,53.712,1.19054,5
LightGBM,Screening1,20,5,1.1772399999999998,0.2657885494147557,51.092,2.06498,5
LightGBM,Screening1,20,20,2.33902,0.489524582630944,49.656,4.1076,5
LightGBM,Screening1,120,1,0.68496,0.14383799219955765,50.206,1.2005199999999998,5
LightGBM,Screening1,120,5,1.1433,0.25299261846939325,50.678000000000004,2.00232,5
LightGBM,Screening1,120,20,2.37148,0.6515318464971611,49.815999999999995,4.14724,5
LightGBM,Screening2,20,1,0.6838599999999999,0.1388514421963272,52.32000000000001,1.19812,5
LightGBM,Screening2,20,5,1.16398,0.25535087037251314,50.988,2.0444,5
LightGBM,Screening2,20,20,2.34426,0.6566602302561042,48.494,4.10336,5
LightGBM,Screening2,120,1,0.68364,0.146020231474957,50.826,1.19746,5
LightGBM,Screening2,120,5,1.1404400000000001,0.24498133194184415,50.989999999999995,2.00212,5
LightGBM,Screening2,120,20,2.18914,0.6010512523903432,50.662,3.82592,5
LightGBM,Silver,20,1,0.6885199999999999,0.15694287814360997,52.215999999999994,1.20492,5
LightGBM,Silver,20,5,1.1347200000000002,0.2801240028987163,52.394000000000005,1.98674,5
LightGBM,Silver,20,20,2.25628,0.5704131984798386,50.236000000000004,3.95498,5
LightGBM,Silver,120,1,0.68444,0.15478188847536392,51.803999999999995,1.19956,5
LightGBM,Silver,120,5,1.12212,0.2773646462691307,52.239999999999995,1.96616,5
LightGBM,Silver,120,20,2.1523399999999997,0.6231819300974636,50.763999999999996,3.77034,5
LightGBM,Tin,20,1,0.7049,0.14076460847812566,49.332,1.2365,5
LightGBM,Tin,20,5,1.17156,0.2186771775929075,49.896,2.06212,5
LightGBM,Tin,20,20,2.32282,0.56832193517407,49.87,4.08058,5
LightGBM,Tin,120,1,0.6994199999999999,0.140494046137194,49.744,1.2266400000000002,5
LightGBM,Tin,120,5,1.14632,0.27018600444878715,50.364,2.01202,5
LightGBM,Tin,120,20,2.2676000000000003,0.4607060776677468,50.132,4.01144,5
LightGBM,USDIDR,20,1,0.68078,0.15658108761916295,51.751999999999995,1.19036,5
LightGBM,USDIDR,20,5,1.1316,0.28378036401414397,51.042,1.98446,5
LightGBM,USDIDR,20,20,2.2785800000000003,0.6175517120047519,49.868,3.97774,5
LightGBM,USDIDR,120,1,0.6845000000000001,0.16721701468451106,50.513999999999996,1.19632,5
LightGBM,USDIDR,120,5,1.1519,0.29259624057735256,50.21,2.01904,5
LightGBM,USDIDR,120,20,2.23326,0.6277825244461652,49.288,3.9173,5
LightGBM,US_Treasury_10Y,20,1,0.71226,0.13628928057628012,49.022000000000006,1.25076,5
LightGBM,US_Treasury_10Y,20,5,1.18866,0.24796438857223038,48.802,2.0872,5
LightGBM,US_Treasury_10Y,20,20,2.3503800000000004,0.5646481532777735,50.291999999999994,4.126,5
LightGBM,US_Treasury_10Y,120,1,0.72066,0.12086592985618402,48.45399999999999,1.2655,5
LightGBM,US_Treasury_10Y,120,5,1.19972,0.207136385022043,49.428,2.1125800000000003,5
LightGBM,US_Treasury_10Y,120,20,2.37696,0.42361688823747334,47.862,4.198980000000001,5
LightGBM,WTI,20,1,0.68726,0.14980625153844554,52.938,1.20344,5
LightGBM,WTI,20,5,1.1469799999999999,0.2758093399433746,50.988,2.0128,5
LightGBM,WTI,20,20,2.27998,0.5462144148592202,49.815999999999995,3.9924999999999997,5
LightGBM,WTI,120,1,0.6853199999999999,0.15970382587777918,51.136,1.1992,5
LightGBM,WTI,120,5,1.14164,0.29879481755880566,51.720000000000006,1.99876,5
LightGBM,WTI,120,20,2.1174399999999998,0.685418677160172,51.029999999999994,3.6812799999999997,5
RandomForest,All_Commodity_STI,20,1,0.6394,0.15387832855863753,52.732000000000006,1.11738,5
RandomForest,All_Commodity_STI,20,5,1.0537800000000002,0.26775910255302265,51.878,1.84176,5
RandomForest,All_Commodity_STI,20,20,2.01502,0.5497652471737368,49.286,3.52074,5
RandomForest,All_Commodity_STI,120,1,0.63974,0.15342328050201504,52.062,1.11806,5
RandomForest,All_Commodity_STI,120,5,1.05016,0.26137124554931435,50.884,1.83732,5
RandomForest,All_Commodity_STI,120,20,2.0438,0.560096058725644,49.234,3.56984,5
RandomForest,All_Covariates,20,1,0.6371800000000001,0.151114797422357,53.556,1.11388,5
RandomForest,All_Covariates,20,5,1.05382,0.24809979242232347,50.938,1.8445399999999998,5
RandomForest,All_Covariates,20,20,2.0087800000000002,0.5401471808683261,49.602,3.50976,5
RandomForest,All_Covariates,120,1,0.64012,0.14949938795861334,49.846,1.1191600000000002,5
RandomForest,All_Covariates,120,5,1.0504,0.2514920475879904,50.0,1.8394,5
RandomForest,All_Covariates,120,20,2.0357,0.5584255859109609,49.184,3.5523200000000004,5
RandomForest,All_Macro_no_UST,20,1,0.639,0.15211857217315702,51.96,1.11654,5
RandomForest,All_Macro_no_UST,20,5,1.04376,0.2575131996616874,51.562,1.8267600000000002,5
RandomForest,All_Macro_no_UST,20,20,2.01394,0.5633721975745699,49.498000000000005,3.5127200000000003,5
RandomForest,All_Macro_no_UST,120,1,0.63808,0.15152454256654269,50.926,1.1151,5
RandomForest,All_Macro_no_UST,120,5,1.04086,0.2575658808926369,50.989999999999995,1.8226599999999997,5
RandomForest,All_Macro_no_UST,120,20,2.0200199999999997,0.5772281931783998,49.606,3.5226599999999997,5
RandomForest,BI_Rate,20,1,0.6408,0.15425877608745645,50.256,1.11942,5
RandomForest,BI_Rate,20,5,1.05108,0.26774000821692673,51.40599999999999,1.8383800000000001,5
RandomForest,BI_Rate,20,20,2.01972,0.5691594741370819,49.448,3.5239,5
RandomForest,BI_Rate,120,1,0.64008,0.15399456808602052,51.65,1.1183599999999998,5
RandomForest,BI_Rate,120,5,1.04232,0.25933164481026977,51.40599999999999,1.82532,5
RandomForest,BI_Rate,120,20,2.02694,0.5824223493307928,49.656,3.53416,5
RandomForest,Baseline,20,1,0.6404400000000001,0.15498192797871627,52.525999999999996,1.1185800000000001,5
RandomForest,Baseline,20,5,1.05272,0.2694396537260246,51.25,1.8405,5
RandomForest,Baseline,20,20,2.0125,0.5613690586414609,49.501999999999995,3.5121200000000004,5
RandomForest,Baseline,120,1,0.64334,0.15885454982467456,50.565999999999995,1.1229600000000002,5
RandomForest,Baseline,120,5,1.04614,0.2652019475795757,51.510000000000005,1.83066,5
RandomForest,Baseline,120,20,2.03402,0.592685740506721,49.552,3.54398,5
RandomForest,CPI,20,1,0.6389400000000001,0.15311766064043686,51.806,1.11622,5
RandomForest,CPI,20,5,1.04906,0.2646735593141107,51.717999999999996,1.83494,5
RandomForest,CPI,20,20,2.016,0.5630300480436191,49.604,3.51786,5
RandomForest,CPI,120,1,0.63814,0.15206345057245016,52.422000000000004,1.1154600000000001,5
RandomForest,CPI,120,5,1.0409599999999999,0.2570257633001019,51.302,1.8233000000000001,5
RandomForest,CPI,120,20,2.0224,0.5808295145737687,49.288,3.526,5
RandomForest,Coal,20,1,0.6405799999999999,0.15525463600163444,51.803999999999995,1.11892,5
RandomForest,Coal,20,5,1.0492599999999999,0.2642632456472145,51.717999999999996,1.8351,5
RandomForest,Coal,20,20,2.0174,0.5651209693508106,49.498000000000005,3.51956,5
RandomForest,Coal,120,1,0.64162,0.15463582055914474,49.536,1.12104,5
RandomForest,Coal,120,5,1.0419,0.25877647690622885,51.25,1.82532,5
RandomForest,Coal,120,20,2.04154,0.5831996510629956,49.128,3.55924,5
RandomForest,Copper,20,1,0.6409,0.1542462479284342,52.32000000000001,1.11938,5
RandomForest,Copper,20,5,1.04778,0.2626319896737638,51.77,1.83258,5
RandomForest,Copper,20,20,2.01144,0.5524584717424468,49.815999999999995,3.5136000000000003,5
RandomForest,Copper,120,1,0.6418999999999999,0.15546662021154245,51.544000000000004,1.12118,5
RandomForest,Copper,120,5,1.04412,0.2623595376577722,50.989999999999995,1.82776,5
RandomForest,Copper,120,20,2.02494,0.5743131314883894,49.87,3.5335,5
RandomForest,GDP,20,1,0.63924,0.15337419274441186,53.35,1.1165800000000001,5
RandomForest,GDP,20,5,1.0497999999999998,0.26581110774382627,51.198,1.8360599999999998,5
RandomForest,GDP,20,20,2.01814,0.5660660986139342,49.658,3.52112,5
RandomForest,GDP,120,1,0.63964,0.15466867168240633,52.266,1.11726,5
RandomForest,GDP,120,5,1.0388,0.2571416049572687,51.614,1.8199400000000001,5
RandomForest,GDP,120,20,2.02766,0.5847234756703379,49.602,3.5351799999999995,5
RandomForest,Gold,20,1,0.6414799999999999,0.15736421766081382,52.888,1.12022,5
RandomForest,Gold,20,5,1.04558,0.26431402157282535,51.876,1.82942,5
RandomForest,Gold,20,20,2.00052,0.5526296381845619,49.762,3.4936,5
RandomForest,Gold,120,1,0.6408400000000001,0.15555228381479974,51.54600000000001,1.1194199999999999,5
RandomForest,Gold,120,5,1.04372,0.26332115752441915,51.25,1.8264600000000002,5
RandomForest,Gold,120,20,2.0206399999999998,0.5792940945668269,49.392,3.5218599999999993,5
RandomForest,M2,20,1,0.6403399999999999,0.1536964150525314,51.29,1.11846,5
RandomForest,M2,20,5,1.04674,0.2628953460980244,51.40599999999999,1.83182,5
RandomForest,M2,20,20,2.02236,0.5648940989247454,49.339999999999996,3.5296999999999996,5
RandomForest,M2,120,1,0.6395,0.15327604183302748,52.525999999999996,1.11752,5
RandomForest,M2,120,5,1.0417,0.25890882565103884,51.40599999999999,1.82454,5
RandomForest,M2,120,20,2.0279,0.5813638232638836,49.077999999999996,3.536,5
RandomForest,NPL_Ratio,20,1,0.6392,0.15319045335790346,52.784000000000006,1.11668,5
RandomForest,NPL_Ratio,20,5,1.04572,0.2623071615492036,51.40599999999999,1.8297999999999999,5
RandomForest,NPL_Ratio,20,20,2.01126,0.5616553418245036,49.498000000000005,3.50766,5
RandomForest,NPL_Ratio,120,1,0.63826,0.1522600013135426,52.629999999999995,1.11522,5
RandomForest,NPL_Ratio,120,5,1.03804,0.2571436621812796,51.25,1.8191400000000002,5
RandomForest,NPL_Ratio,120,20,2.02508,0.5757082915852438,49.288,3.5305,5
RandomForest,Nickel,20,1,0.6417400000000001,0.1555153786607614,51.49400000000001,1.12142,5
RandomForest,Nickel,20,5,1.0525,0.2697393093340308,51.302,1.8414000000000001,5
RandomForest,Nickel,20,20,2.01532,0.5601776611040462,49.708000000000006,3.51768,5
RandomForest,Nickel,120,1,0.6417200000000001,0.1523755131246487,51.082,1.12194,5
RandomForest,Nickel,120,5,1.04726,0.2566994701981287,50.470000000000006,1.83494,5
RandomForest,Nickel,120,20,2.0596,0.5677542998516172,49.338,3.59606,5
RandomForest,STI,20,1,0.64066,0.15360000976562466,52.424,1.11888,5
RandomForest,STI,20,5,1.0472000000000001,0.26312688954190905,51.510000000000005,1.83216,5
RandomForest,STI,20,20,2.01998,0.5607108675601,49.44799999999999,3.5264200000000003,5
RandomForest,STI,120,1,0.6397600000000001,0.15444362401860423,51.955999999999996,1.11776,5
RandomForest,STI,120,5,1.04398,0.26148667652482804,51.718,1.82726,5
RandomForest,STI,120,20,2.03956,0.5852438192753513,49.498000000000005,3.5549399999999998,5
RandomForest,Screening1,20,1,0.63822,0.15414623576331665,53.91799999999999,1.1152000000000002,5
RandomForest,Screening1,20,5,1.05298,0.26795085743471686,51.512,1.8400400000000001,5
RandomForest,Screening1,20,20,2.00322,0.5468833029083994,49.498000000000005,3.49916,5
RandomForest,Screening1,120,1,0.6393800000000001,0.15250267866499928,50.769999999999996,1.1176400000000002,5
RandomForest,Screening1,120,5,1.04868,0.2614103804365847,51.40599999999999,1.834,5
RandomForest,Screening1,120,20,2.02006,0.562071368244283,49.077999999999996,3.52278,5
RandomForest,Screening2,20,1,0.63898,0.1532157857402428,52.94200000000001,1.11684,5
RandomForest,Screening2,20,5,1.05504,0.2660505835362892,51.408,1.84388,5
RandomForest,Screening2,20,20,2.0092,0.553049283518205,49.236000000000004,3.50772,5
RandomForest,Screening2,120,1,0.63946,0.15163236132171784,50.257999999999996,1.1178000000000001,5
RandomForest,Screening2,120,5,1.0464600000000002,0.25998904399993467,50.364,1.8312000000000002,5
RandomForest,Screening2,120,20,2.0194,0.5655330980588139,49.022000000000006,3.5241,5
RandomForest,Silver,20,1,0.6387,0.15486264882146372,54.742000000000004,1.11622,5
RandomForest,Silver,20,5,1.0563600000000002,0.2721662506630827,51.876,1.8462,5
RandomForest,Silver,20,20,2.01084,0.5606336218957975,49.604,3.51252,5
RandomForest,Silver,120,1,0.63918,0.15529472624657928,52.73199999999999,1.11708,5
RandomForest,Silver,120,5,1.0506,0.26412923919929804,51.720000000000006,1.83874,5
RandomForest,Silver,120,20,2.01802,0.581534678243697,49.763999999999996,3.5191000000000003,5
RandomForest,Tin,20,1,0.6408400000000001,0.15393590549316297,52.836,1.1199999999999999,5
RandomForest,Tin,20,5,1.0539,0.2661589093004402,51.616,1.84298,5
RandomForest,Tin,20,20,2.0248,0.5388961541892836,49.658,3.5386,5
RandomForest,Tin,120,1,0.64318,0.1541089938971765,49.742000000000004,1.12386,5
RandomForest,Tin,120,5,1.0463799999999999,0.25619794495662923,51.617999999999995,1.83266,5
RandomForest,Tin,120,20,2.03312,0.5511834014191644,49.236000000000004,3.5488799999999996,5
RandomForest,USDIDR,20,1,0.64018,0.1548017183367161,52.836,1.11774,5
RandomForest,USDIDR,20,5,1.04558,0.2607229123034645,51.25,1.8296,5
RandomForest,USDIDR,20,20,2.0178000000000003,0.5675204930220582,49.288,3.51958,5
RandomForest,USDIDR,120,1,0.64162,0.15729894150947113,51.498000000000005,1.11988,5
RandomForest,USDIDR,120,5,1.04332,0.260732903562247,51.668000000000006,1.8260200000000002,5
RandomForest,USDIDR,120,20,2.03254,0.5899338971444175,49.604,3.5419400000000003,5
RandomForest,US_Treasury_10Y,20,1,0.64376,0.1474068960395001,50.156,1.1252,5
RandomForest,US_Treasury_10Y,20,5,1.06258,0.23539178405373465,50.624,1.8627600000000002,5
RandomForest,US_Treasury_10Y,20,20,2.03476,0.49837277513925254,49.922,3.56002,5
RandomForest,US_Treasury_10Y,120,1,0.64234,0.14913176388683932,50.152,1.1227800000000001,5
RandomForest,US_Treasury_10Y,120,5,1.05498,0.24386237307136988,51.042,1.8488599999999997,5
RandomForest,US_Treasury_10Y,120,20,2.0417,0.5736629498233259,49.5,3.56132,5
RandomForest,WTI,20,1,0.64082,0.1575729894366417,52.166,1.11848,5
RandomForest,WTI,20,5,1.05684,0.27049736227919113,51.510000000000005,1.84566,5
RandomForest,WTI,20,20,2.0110599999999996,0.5584132502009598,49.605999999999995,3.51098,5
RandomForest,WTI,120,1,0.6380399999999999,0.15315764101082263,52.476,1.11484,5
RandomForest,WTI,120,5,1.0518,0.26745715544737264,51.354,1.83824,5
RandomForest,WTI,120,20,2.0322199999999997,0.5867660666739344,49.496,3.5428799999999994,5
XGBoost,All_Commodity_STI,20,1,0.6873,0.1423772629319724,51.444,1.20532,5
XGBoost,All_Commodity_STI,20,5,1.16546,0.2513687888342545,50.678,2.0487200000000003,5
XGBoost,All_Commodity_STI,20,20,2.327,0.7055308710467602,50.077999999999996,4.08364,5
XGBoost,All_Commodity_STI,120,1,0.67798,0.14419565527435285,52.26800000000001,1.18804,5
XGBoost,All_Commodity_STI,120,5,1.16946,0.23679240486130454,49.688,2.0556200000000002,5
XGBoost,All_Commodity_STI,120,20,2.22822,0.6146803047113193,48.918,3.9108000000000005,5
XGBoost,All_Covariates,20,1,0.69148,0.1287251218682663,50.62,1.2129400000000001,5
XGBoost,All_Covariates,20,5,1.17614,0.2428593584772883,52.134,2.06546,5
XGBoost,All_Covariates,20,20,2.36122,0.5736196753947688,48.866,4.1532,5
XGBoost,All_Covariates,120,1,0.6841,0.1284990661444666,52.322,1.20022,5
XGBoost,All_Covariates,120,5,1.17458,0.20367640265872727,49.742000000000004,2.06868,5
XGBoost,All_Covariates,120,20,2.3729199999999997,0.5135358867693669,49.498000000000005,4.17206,5
XGBoost,All_Macro_no_UST,20,1,0.68596,0.1378162472279666,52.112,1.2014,5
XGBoost,All_Macro_no_UST,20,5,1.1381000000000001,0.2681204486793203,52.396,1.9975200000000002,5
XGBoost,All_Macro_no_UST,20,20,2.21542,0.5924335760235067,50.344,3.8695999999999997,5
XGBoost,All_Macro_no_UST,120,1,0.6811,0.16370233657465,51.444,1.18784,5
XGBoost,All_Macro_no_UST,120,5,1.1382400000000001,0.28928088944830066,51.354,1.9963799999999998,5
XGBoost,All_Macro_no_UST,120,20,2.14446,0.5660114954663024,49.392,3.76288,5
XGBoost,BI_Rate,20,1,0.6793,0.14671777329280866,51.084,1.1896799999999998,5
XGBoost,BI_Rate,20,5,1.14818,0.30257753882269595,50.314,2.00752,5
XGBoost,BI_Rate,20,20,2.24342,0.6873690653499037,49.71,3.9104799999999997,5
XGBoost,BI_Rate,120,1,0.68818,0.16581125414156908,50.824,1.2032,5
XGBoost,BI_Rate,120,5,1.1453,0.32622109833669555,49.896,2.00778,5
XGBoost,BI_Rate,120,20,2.25134,0.7848163180005879,49.866,3.9049,5
XGBoost,Baseline,20,1,0.68122,0.14661588249572424,51.7,1.1926400000000001,5
XGBoost,Baseline,20,5,1.14634,0.27061642226590754,49.739999999999995,2.00644,5
XGBoost,Baseline,20,20,2.1528,0.6873682892016477,50.396,3.7565599999999995,5
XGBoost,Baseline,120,1,0.6852199999999999,0.1575323998420642,51.286,1.19792,5
XGBoost,Baseline,120,5,1.1235,0.3153282971761336,50.989999999999995,1.9683199999999998,5
XGBoost,Baseline,120,20,2.26398,0.7039291349276575,50.396,3.95158,5
XGBoost,CPI,20,1,0.68658,0.15785246909693876,50.720000000000006,1.1993399999999999,5
XGBoost,CPI,20,5,1.13714,0.2813831604769554,50.624,1.98858,5
XGBoost,CPI,20,20,2.19228,0.6213362270140056,49.974000000000004,3.82304,5
XGBoost,CPI,120,1,0.68752,0.1662648850479259,51.032000000000004,1.20144,5
XGBoost,CPI,120,5,1.15334,0.2929609922839558,50.052,2.02534,5
XGBoost,CPI,120,20,2.2397,0.6128191943795496,50.134,3.9279800000000002,5
XGBoost,Coal,20,1,0.68848,0.14829070098964398,51.186,1.20732,5
XGBoost,Coal,20,5,1.14884,0.287698432390585,51.46,2.01452,5
XGBoost,Coal,20,20,2.31298,0.6581379239946595,49.55,4.0409999999999995,5
XGBoost,Coal,120,1,0.70018,0.15428837286069225,47.934,1.22574,5
XGBoost,Coal,120,5,1.1849399999999999,0.2661753707614586,48.908,2.08406,5
XGBoost,Coal,120,20,2.3401,0.51755681330652,48.812,4.09976,5
XGBoost,Copper,20,1,0.68154,0.1522011268026621,51.75599999999999,1.19176,5
XGBoost,Copper,20,5,1.1421800000000002,0.24938386475471905,52.448,2.00486,5
XGBoost,Copper,20,20,2.18272,0.6883170831818718,51.138,3.80394,5
XGBoost,Copper,120,1,0.69744,0.1703161560158049,49.432,1.21834,5
XGBoost,Copper,120,5,1.13814,0.26287006866511076,49.896,1.99814,5
XGBoost,Copper,120,20,2.25874,0.6702495303989403,49.922,3.95124,5
XGBoost,GDP,20,1,0.68686,0.15224990311983777,50.052,1.20184,5
XGBoost,GDP,20,5,1.1435600000000001,0.2665260831513494,50.519999999999996,2.00528,5
XGBoost,GDP,20,20,2.26124,0.6574105665411835,49.762,3.93112,5
XGBoost,GDP,120,1,0.6909,0.16653442587044875,49.434000000000005,1.2055799999999999,5
XGBoost,GDP,120,5,1.13392,0.27397475613640027,49.846000000000004,1.98896,5
XGBoost,GDP,120,20,2.21948,0.6681529854756318,50.5,3.89056,5
XGBoost,Gold,20,1,0.67816,0.15639372749570235,50.308,1.1879,5
XGBoost,Gold,20,5,1.13334,0.28634341794425794,49.634,1.9795000000000003,5
XGBoost,Gold,20,20,2.17512,0.5722021469725539,51.188,3.8133600000000003,5
XGBoost,Gold,120,1,0.6864600000000001,0.154138778378447,51.444,1.20092,5
XGBoost,Gold,120,5,1.1597,0.33130212042786555,49.739999999999995,2.0214,5
XGBoost,Gold,120,20,2.21172,0.6364706803930565,50.342,3.86764,5
XGBoost,M2,20,1,0.68788,0.16306614302178127,51.85600000000001,1.20112,5
XGBoost,M2,20,5,1.16354,0.2928154504120301,50.470000000000006,2.03378,5
XGBoost,M2,20,20,2.19988,0.6419024513117241,49.288,3.8379199999999996,5
XGBoost,M2,120,1,0.68968,0.15379036705853844,50.362,1.20722,5
XGBoost,M2,120,5,1.13728,0.3278611703145099,50.106,1.98916,5
XGBoost,M2,120,20,2.20858,0.6980498671298493,48.284000000000006,3.8652,5
XGBoost,NPL_Ratio,20,1,0.6827799999999999,0.15347197464032314,51.85600000000001,1.1933799999999999,5
XGBoost,NPL_Ratio,20,5,1.14252,0.2731911180840257,50.208,2.0008,5
XGBoost,NPL_Ratio,20,20,2.1997,0.5741148491373481,51.138,3.83434,5
XGBoost,NPL_Ratio,120,1,0.68276,0.1662920563346308,52.424,1.1924199999999998,5
XGBoost,NPL_Ratio,120,5,1.11602,0.29521411212880716,51.196000000000005,1.95588,5
XGBoost,NPL_Ratio,120,20,2.18444,0.6808117639994185,49.763999999999996,3.80974,5
XGBoost,Nickel,20,1,0.68386,0.1421327478099259,50.464,1.19986,5
XGBoost,Nickel,20,5,1.14958,0.2322115673260056,50.208000000000006,2.0197,5
XGBoost,Nickel,20,20,2.17618,0.5805337948819174,50.448,3.8087000000000004,5
XGBoost,Nickel,120,1,0.6970799999999999,0.16305329496824036,48.968,1.2181799999999998,5
XGBoost,Nickel,120,5,1.15252,0.275565150191384,50.260000000000005,2.0228,5
XGBoost,Nickel,120,20,2.3115,0.6173307500845883,48.814,4.0477,5
XGBoost,STI,20,1,0.67616,0.14698798590361054,51.803999999999995,1.1846999999999999,5
XGBoost,STI,20,5,1.14296,0.26599355819267495,50.522000000000006,2.00068,5
XGBoost,STI,20,20,2.3506,0.7592891807473616,49.656,4.071820000000001,5
XGBoost,STI,120,1,0.67974,0.1697865218443443,50.876,1.18612,5
XGBoost,STI,120,5,1.12588,0.304283259480373,50.988,1.96812,5
XGBoost,STI,120,20,2.32236,0.7787306292935962,50.977999999999994,4.0446,5
XGBoost,Screening1,20,1,0.67954,0.1425025192759763,51.596000000000004,1.19052,5
XGBoost,Screening1,20,5,1.17232,0.24805045252931923,49.896,2.05896,5
XGBoost,Screening1,20,20,2.39496,0.6490525579642993,48.074,4.19996,5
XGBoost,Screening1,120,1,0.68952,0.15322074598434773,50.62,1.20686,5
XGBoost,Screening1,120,5,1.1168200000000001,0.23700871713926472,50.416,1.95442,5
XGBoost,Screening1,120,20,2.2392399999999997,0.6697848408257684,49.656,3.90852,5
XGBoost,Screening2,20,1,0.67676,0.15347575704325425,53.866,1.1833399999999998,5
XGBoost,Screening2,20,5,1.13248,0.26100374901522017,52.29,1.98586,5
XGBoost,Screening2,20,20,2.25888,0.6520761588955697,49.71,3.9465000000000003,5
XGBoost,Screening2,120,1,0.6885,0.14119925637197953,50.153999999999996,1.20658,5
XGBoost,Screening2,120,5,1.1434000000000002,0.25037163377667215,50.052,2.0124400000000002,5
XGBoost,Screening2,120,20,2.33454,0.6504186136635391,50.08,4.08004,5
XGBoost,Silver,20,1,0.68172,0.15628516244352822,51.188,1.1959,5
XGBoost,Silver,20,5,1.14874,0.28681627917536334,51.403999999999996,2.0053799999999997,5
XGBoost,Silver,20,20,2.3468799999999996,0.6543810869821959,49.71,4.10136,5
XGBoost,Silver,120,1,0.69238,0.16073845837259984,51.444,1.21142,5
XGBoost,Silver,120,5,1.13948,0.2986207159592248,51.876,1.9941,5
XGBoost,Silver,120,20,2.2203,0.6627663464600481,49.604,3.8702799999999997,5
XGBoost,Tin,20,1,0.68518,0.13404589512551296,52.062,1.2034799999999999,5
XGBoost,Tin,20,5,1.1412200000000001,0.20787209288406175,49.791999999999994,2.00372,5
XGBoost,Tin,20,20,2.40726,0.5953138945128024,48.812,4.241619999999999,5
XGBoost,Tin,120,1,0.69056,0.14801250960645182,51.444,1.21004,5
XGBoost,Tin,120,5,1.141,0.2507352488183502,49.480000000000004,2.00602,5
XGBoost,Tin,120,20,2.32456,0.5341431764985866,49.708000000000006,4.0831800000000005,5
XGBoost,USDIDR,20,1,0.67554,0.15865025370291722,53.556,1.1810199999999997,5
XGBoost,USDIDR,20,5,1.15626,0.271664651730769,49.324,2.02242,5
XGBoost,USDIDR,20,20,2.211,0.7051971249232375,50.394,3.84388,5
XGBoost,USDIDR,120,1,0.68464,0.16674232516071022,52.628,1.19388,5
XGBoost,USDIDR,120,5,1.1286,0.3284157273944108,50.21,1.97648,5
XGBoost,USDIDR,120,20,2.17502,0.6940504210790451,49.446000000000005,3.8057000000000003,5
XGBoost,US_Treasury_10Y,20,1,0.70126,0.14847554680822017,49.69,1.2301,5
XGBoost,US_Treasury_10Y,20,5,1.2012800000000001,0.21272823507940822,48.54,2.11418,5
XGBoost,US_Treasury_10Y,20,20,2.3992999999999998,0.5677114451902483,49.658,4.21974,5
XGBoost,US_Treasury_10Y,120,1,0.713,0.11855483963128628,49.794,1.2521,5
XGBoost,US_Treasury_10Y,120,5,1.2250400000000001,0.2114938131482809,49.22,2.16134,5
XGBoost,US_Treasury_10Y,120,20,2.49628,0.6196945957485832,47.968,4.4031199999999995,5
XGBoost,WTI,20,1,0.67936,0.1565359798896087,52.682,1.18778,5
XGBoost,WTI,20,5,1.1526,0.2518228841864854,49.739999999999995,2.02168,5
XGBoost,WTI,20,20,2.3051,0.5555075021995655,49.182,4.0385,5
XGBoost,WTI,120,1,0.68662,0.1644743657838509,51.238,1.19764,5
XGBoost,WTI,120,5,1.14044,0.31119451794657293,50.782,1.9932200000000002,5
XGBoost,WTI,120,20,2.2851399999999997,0.8419372322210249,49.708,3.96012,5
